CustomerID,Age,Income,LoanAmount,LoanTenure,CreditScore,ExistingLoansCount,MonthlyEMI,TotalAssets,TotalLiabilities,NetMonthlyIncome,EmploymentType,MaritalStatus,EducationLevel,PropertyOwnership,LoanPurpose,RiskFlag
CUST00000,25,614989,1726559,29,721,0,4961,5669425,730099,51249,Salaried,Single,High School,Rented,Education,0
CUST00001,55,229612,1129838,16,482,3,5884,4985447,7251642,19134,Salaried,Single,Graduate,Rented,Business,1
CUST00002,50,1624179,2625675,19,530,2,11516,8722371,6545110,135348,Salaried,Married,Graduate,Rented,Home,0
CUST00003,40,1755085,3331492,22,394,0,12619,1798570,3478273,146257,Salaried,Married,Graduate,Rented,Medical,0
CUST00004,40,1965646,1344044,11,518,3,10182,9027041,1695734,163803,Salaried,Single,High School,Mortgaged,Business,0
CUST00005,58,2383666,3845964,28,537,4,11446,3195060,3362164,198638,Self-Employed,Single,Graduate,Mortgaged,Personal,0
CUST00006,25,1318798,3212438,20,434,5,13385,2832091,4716634,109899,Self-Employed,Married,Graduate,Mortgaged,Personal,1
CUST00007,51,2098503,874848,25,887,3,2916,9540454,5040710,174875,Business Owner,Divorced,Post-Graduate,Rented,Education,0
CUST00008,30,1833284,4696309,22,467,1,17789,6494508,2778477,152773,Business Owner,Married,Graduate,Rented,Education,0
CUST00009,26,801415,267098,19,408,5,1171,4376379,812704,66784,Salaried,Married,High School,Rented,Home,0
CUST00010,44,2136033,3285954,1,628,1,273829,3368392,4878238,178002,Salaried,Single,Doctorate,Rented,Home,0
CUST00011,63,275313,2225957,17,491,4,10911,4471832,5641130,22942,Business Owner,Married,High School,Owned,Medical,1
CUST00012,53,1557391,3286355,4,572,5,68465,7937145,2139342,129782,Salaried,Married,Doctorate,Mortgaged,Personal,1
CUST00013,54,2359825,3881419,18,735,0,17969,1615389,5116129,196652,Salaried,Married,Post-Graduate,Mortgaged,Car,0
CUST00014,52,1698563,3451642,21,346,5,13696,1826315,4551709,141546,Salaried,Married,Graduate,Mortgaged,Education,1
CUST00015,55,2352097,3271360,16,605,1,17038,3115087,4010849,196008,Self-Employed,Single,Graduate,Owned,Personal,0
CUST00016,44,281972,4212383,9,313,2,39003,4873861,65586,23497,Salaried,Single,Post-Graduate,Owned,Car,1
CUST00017,27,1401176,3524314,2,326,1,146846,8165392,2458407,116764,Salaried,Married,Post-Graduate,Owned,Car,0
CUST00018,58,1984438,4078024,20,355,0,16991,2186496,2995635,165369,Salaried,Single,Post-Graduate,Mortgaged,Business,0
CUST00019,41,1659445,2044054,21,397,4,8111,7883369,6670798,138287,Self-Employed,Married,Post-Graduate,Rented,Education,1
CUST00020,43,2219260,1053974,14,509,2,6273,9085950,6611115,184938,Salaried,Married,Graduate,Mortgaged,Education,0
CUST00021,37,1237110,1212980,21,861,3,4813,4411438,6990006,103092,Self-Employed,Single,High School,Mortgaged,Home,0
CUST00022,29,1754117,3079930,23,843,2,11159,9616554,3704052,146176,Salaried,Married,Doctorate,Owned,Home,0
CUST00023,61,1136448,2682305,15,361,4,14901,8947157,2615374,94704,Salaried,Married,High School,Rented,Personal,1
CUST00024,55,2199481,431904,2,894,5,17996,7992265,3994088,183290,Salaried,Divorced,Graduate,Mortgaged,Car,0
CUST00025,49,430703,1061610,26,681,3,3402,3864563,6333543,35891,Salaried,Single,Graduate,Owned,Car,0
CUST00026,39,747181,4839379,14,632,0,28805,3076221,4972614,62265,Salaried,Single,Post-Graduate,Rented,Car,0
CUST00027,57,377369,3644832,20,775,1,15186,8656862,4809872,31447,Business Owner,Single,Post-Graduate,Rented,Medical,1
CUST00028,45,1799935,3787143,27,590,2,11688,4471167,3473676,149994,Salaried,Single,Graduate,Rented,Business,0
CUST00029,41,696920,1024983,11,459,0,7765,412498,5571808,58076,Unemployed,Married,High School,Mortgaged,Car,1
CUST00030,41,895273,367898,19,617,1,1613,7200244,6936613,74606,Salaried,Married,Graduate,Owned,Car,0
CUST00031,31,2116105,1491753,1,735,1,124312,3537579,5343741,176342,Salaried,Single,High School,Rented,Medical,0
CUST00032,25,996429,4291547,26,709,5,13754,9363307,3226597,83035,Self-Employed,Widowed,Doctorate,Mortgaged,Personal,1
CUST00033,45,492705,2557396,2,401,2,106558,8565177,6719618,41058,Business Owner,Single,High School,Rented,Medical,1
CUST00034,60,199280,3933892,16,862,5,20489,1132979,7540419,16606,Salaried,Married,Doctorate,Rented,Medical,1
CUST00035,24,682741,2459214,11,470,3,18630,9022964,6372597,56895,Salaried,Divorced,High School,Mortgaged,Medical,1
CUST00036,58,2299510,2476418,2,791,3,103184,9502016,7015504,191625,Self-Employed,Married,Post-Graduate,Owned,Home,0
CUST00037,57,1439243,3024204,14,487,5,18001,7588598,2123980,119936,Salaried,Single,Graduate,Owned,Personal,1
CUST00038,33,2487857,4796697,28,338,4,14275,2826051,3368702,207321,Self-Employed,Widowed,Post-Graduate,Owned,Education,1
CUST00039,49,655558,2215350,5,897,1,36922,6731671,1994751,54629,Business Owner,Married,Graduate,Owned,Business,0
CUST00040,29,975975,2999016,9,653,1,27768,8693361,2926406,81331,Salaried,Single,Post-Graduate,Rented,Personal,0
CUST00041,54,533535,4601392,6,428,3,63908,8173498,5867944,44461,Business Owner,Single,Post-Graduate,Owned,Medical,1
CUST00042,52,1086191,1892919,4,300,0,39435,4367475,5413024,90515,Salaried,Divorced,Graduate,Rented,Business,0
CUST00043,37,1473793,4207673,7,377,0,50091,7104826,25520,122816,Business Owner,Single,Doctorate,Mortgaged,Medical,0
CUST00044,24,2049103,2698512,17,401,0,13228,3919880,6042453,170758,Unemployed,Married,Graduate,Owned,Personal,0
CUST00045,63,1015019,4401611,23,855,4,15947,2616787,1536651,84584,Self-Employed,Single,Graduate,Rented,Personal,1
CUST00046,41,1963098,2365675,21,406,2,9387,6761126,1486892,163591,Unemployed,Single,Graduate,Owned,Home,0
CUST00047,60,1621474,3166107,23,397,0,11471,4715745,4348934,135122,Business Owner,Divorced,Graduate,Rented,Medical,0
CUST00048,51,835759,1650252,21,802,4,6548,2325566,1928361,69646,Salaried,Widowed,Post-Graduate,Rented,Car,0
CUST00049,55,2293682,3193289,12,827,3,22175,6640979,7703783,191140,Salaried,Single,Post-Graduate,Owned,Home,0
CUST00050,54,1170476,1664924,27,425,4,5138,3285308,1170020,97539,Salaried,Single,Graduate,Mortgaged,Education,0
CUST00051,30,504833,3065533,5,690,0,51092,5919247,1213151,42069,Salaried,Married,Post-Graduate,Mortgaged,Education,0
CUST00052,37,2412342,3954404,21,620,5,15692,3677874,6085535,201028,Self-Employed,Married,High School,Rented,Education,0
CUST00053,42,2296569,2202676,4,646,1,45889,8862466,2292618,191380,Salaried,Married,Graduate,Rented,Car,0
CUST00054,43,266422,2174708,23,486,3,7879,8520977,5715214,22201,Self-Employed,Single,Post-Graduate,Rented,Business,1
CUST00055,23,2270851,1644424,3,750,3,45678,4791061,5451860,189237,Salaried,Divorced,High School,Owned,Business,0
CUST00056,45,2376337,3665811,7,828,1,43640,7133556,1512430,198028,Salaried,Single,Graduate,Rented,Home,0
CUST00057,28,2098355,2980414,12,735,2,20697,1862075,4639177,174862,Salaried,Single,High School,Mortgaged,Education,0
CUST00058,53,749242,2606390,21,841,0,10342,9974013,4294998,62436,Unemployed,Single,High School,Mortgaged,Car,0
CUST00059,51,1633521,176382,2,366,2,7349,2224362,756791,136126,Salaried,Single,High School,Rented,Business,0
CUST00060,61,1414866,595000,8,694,4,6197,8682834,6113914,117905,Salaried,Married,High School,Rented,Education,0
CUST00061,54,1607344,86909,10,899,1,724,8475959,6859203,133945,Salaried,Single,Graduate,Rented,Personal,0
CUST00062,37,1598643,4258729,22,621,3,16131,1863975,7576229,133220,Unemployed,Married,Post-Graduate,Rented,Home,0
CUST00063,63,1652149,4265627,28,865,5,12695,186337,703194,137679,Salaried,Married,High School,Owned,Medical,1
CUST00064,39,1357901,386239,18,509,1,1788,7396716,1428181,113158,Self-Employed,Single,Post-Graduate,Rented,Education,0
CUST00065,36,1772664,279799,15,837,1,1554,8704390,6600752,147722,Salaried,Divorced,Post-Graduate,Owned,Business,0
CUST00066,60,1387525,3918099,10,863,0,32650,7191993,2434638,115627,Salaried,Married,High School,Rented,Home,0
CUST00067,37,188733,2647735,24,673,3,9193,650322,5004303,15727,Self-Employed,Single,Graduate,Mortgaged,Car,1
CUST00068,25,232912,1579184,4,722,1,32899,6490014,2786718,19409,Self-Employed,Single,High School,Rented,Business,1
CUST00069,42,2401517,3094189,4,613,5,64462,3977418,1740648,200126,Self-Employed,Married,Post-Graduate,Rented,Car,0
CUST00070,56,2286738,1220514,6,490,1,16951,9164778,4999818,190561,Salaried,Married,Post-Graduate,Rented,Car,0
CUST00071,30,1526168,1030947,8,621,3,10739,8021744,1644183,127180,Unemployed,Married,Graduate,Owned,Car,0
CUST00072,41,560285,1869014,14,877,1,11125,8009311,1091350,46690,Self-Employed,Married,High School,Rented,Personal,0
CUST00073,27,1986444,4483867,28,308,1,13344,4135392,4243612,165537,Unemployed,Single,High School,Rented,Home,0
CUST00074,51,486732,3847399,19,423,1,16874,3288261,1547432,40561,Salaried,Widowed,Graduate,Mortgaged,Personal,1
CUST00075,42,1036612,990974,12,599,3,6881,8241247,1538007,86384,Salaried,Single,High School,Rented,Medical,0
CUST00076,36,925170,2830519,7,503,0,33696,1240027,6243494,77097,Salaried,Single,Graduate,Mortgaged,Car,1
CUST00077,31,179133,4428349,19,674,0,19422,1092958,4229880,14927,Self-Employed,Married,Graduate,Owned,Car,1
CUST00078,46,2046474,4760507,8,516,3,49588,715311,4336429,170539,Self-Employed,Single,Post-Graduate,Rented,Education,1
CUST00079,50,1347876,3826801,29,695,3,10996,5164268,1147298,112323,Salaried,Married,High School,Rented,Personal,0
CUST00080,62,893193,687861,14,363,1,4094,847053,1283089,74432,Salaried,Single,Graduate,Rented,Personal,0
CUST00081,40,1341896,1241677,16,499,2,6467,5866492,3125897,111824,Salaried,Married,Graduate,Rented,Personal,0
CUST00082,28,150002,1132110,27,715,2,3494,1756732,3107461,12500,Salaried,Married,Post-Graduate,Owned,Medical,1
CUST00083,57,1176924,796183,9,582,4,7372,8919599,3613027,98077,Business Owner,Married,Graduate,Rented,Business,0
CUST00084,49,1371014,917864,14,728,2,5463,4380391,1075953,114251,Salaried,Married,Graduate,Rented,Education,0
CUST00085,52,948335,1615351,16,681,5,8413,1026851,7187486,79027,Salaried,Single,High School,Owned,Medical,1
CUST00086,26,2101394,2799777,8,497,1,29164,6967267,2901520,175116,Salaried,Married,Post-Graduate,Rented,Education,0
CUST00087,35,737091,2019855,2,556,1,84160,3452146,6529799,61424,Salaried,Married,Graduate,Mortgaged,Home,0
CUST00088,55,473887,2133039,9,878,2,19750,2692080,3201594,39490,Unemployed,Married,Post-Graduate,Owned,Personal,0
CUST00089,57,1389730,1266634,4,877,0,26388,6627546,3777402,115810,Salaried,Single,Post-Graduate,Rented,Business,0
CUST00090,40,2235100,797636,20,321,4,3323,9560808,896883,186258,Unemployed,Single,Post-Graduate,Mortgaged,Education,0
CUST00091,56,1031903,4994513,1,723,2,416209,9801307,5413444,85991,Self-Employed,Married,Post-Graduate,Owned,Personal,0
CUST00092,58,259569,3015032,10,594,2,25125,4411496,478667,21630,Self-Employed,Married,Graduate,Owned,Medical,1
CUST00093,38,2429339,1186779,26,300,3,3803,8497915,5983005,202444,Salaried,Married,High School,Rented,Medical,0
CUST00094,60,1194099,4059445,17,680,0,19899,2172543,7052815,99508,Self-Employed,Widowed,Post-Graduate,Rented,Home,0
CUST00095,34,556379,4161642,20,313,2,17340,8480301,2892933,46364,Self-Employed,Married,Post-Graduate,Mortgaged,Home,1
CUST00096,32,1596695,4835560,20,491,5,20148,9426030,7101184,133057,Salaried,Married,Doctorate,Rented,Education,1
CUST00097,51,901214,837632,9,714,3,7755,5220107,5590371,75101,Business Owner,Married,Graduate,Rented,Home,0
CUST00098,49,2353810,3217849,19,787,3,14113,5277913,1623175,196150,Salaried,Single,Doctorate,Rented,Business,0
CUST00099,28,840807,4902210,7,547,3,58359,5686561,5129632,70067,Salaried,Married,High School,Owned,Medical,1
CUST00100,57,1442818,4043016,19,785,2,17732,822741,5613248,120234,Salaried,Married,Graduate,Rented,Personal,1
CUST00101,30,1426776,1166341,20,803,5,4859,8599942,749432,118898,Self-Employed,Single,Graduate,Owned,Personal,0
CUST00102,56,719737,4470514,26,568,5,14328,7402334,5477079,59978,Salaried,Single,High School,Mortgaged,Education,1
CUST00103,22,1323308,2137358,27,403,2,6596,8709293,6481133,110275,Salaried,Married,High School,Owned,Home,0
CUST00104,56,406319,2470150,1,695,5,205845,1241776,735119,33859,Salaried,Married,High School,Owned,Medical,1
CUST00105,55,1662790,2814892,9,308,0,26063,8042518,7036499,138565,Salaried,Single,High School,Mortgaged,Education,0
CUST00106,55,1932047,3868393,16,835,1,20147,3691410,4264634,161003,Salaried,Single,Doctorate,Owned,Education,0
CUST00107,50,2382504,645414,10,532,1,5378,8203855,4932921,198542,Business Owner,Single,Doctorate,Rented,Education,0
CUST00108,42,915584,2719303,18,756,4,12589,9939410,404513,76298,Salaried,Married,Post-Graduate,Mortgaged,Education,0
CUST00109,52,820269,4093259,25,741,3,13644,8808335,4905243,68355,Unemployed,Divorced,Doctorate,Mortgaged,Business,1
CUST00110,33,1439701,2765092,8,583,2,28803,9164084,3635789,119975,Self-Employed,Divorced,Post-Graduate,Owned,Car,0
CUST00111,55,1778013,1409693,26,883,1,4518,1226441,2971852,148167,Self-Employed,Married,Doctorate,Owned,Car,0
CUST00112,45,2482291,328607,26,777,3,1053,3353812,6242534,206857,Unemployed,Single,High School,Rented,Home,0
CUST00113,41,208844,2768886,27,830,1,8545,2997129,1995751,17403,Salaried,Single,Graduate,Rented,Personal,1
CUST00114,43,710017,3531586,3,356,2,98099,5185928,479975,59168,Self-Employed,Married,Post-Graduate,Owned,Home,1
CUST00115,46,766612,2770687,9,590,2,25654,9763523,3994166,63884,Salaried,Married,Graduate,Owned,Medical,0
CUST00116,23,750147,4897799,4,871,5,102037,6889657,5949786,62512,Salaried,Married,Post-Graduate,Mortgaged,Medical,1
CUST00117,28,1239741,3033071,4,787,4,63188,5493283,1069737,103311,Salaried,Single,Graduate,Rented,Medical,0
CUST00118,32,2201338,2565731,2,572,1,106905,8069385,7877304,183444,Self-Employed,Divorced,Graduate,Mortgaged,Education,0
CUST00119,26,222837,324655,13,342,5,2081,1846992,5377799,18569,Business Owner,Single,Graduate,Owned,Education,1
CUST00120,40,2067227,2815056,3,469,3,78196,6639358,7472517,172268,Salaried,Married,Post-Graduate,Rented,Business,1
CUST00121,50,1601523,884662,9,643,2,8191,5080250,3760695,133460,Self-Employed,Divorced,Graduate,Rented,Medical,0
CUST00122,50,1595719,3637447,29,685,3,10452,2112233,985557,132976,Salaried,Married,Graduate,Rented,Car,0
CUST00123,42,1744029,847901,26,854,1,2717,6493263,1420812,145335,Salaried,Married,Graduate,Rented,Car,0
CUST00124,58,421210,4538146,28,355,0,13506,8420712,4005175,35100,Salaried,Married,Graduate,Owned,Car,1
CUST00125,46,1904819,1545153,2,537,2,64381,8299397,4706514,158734,Self-Employed,Married,Graduate,Mortgaged,Education,0
CUST00126,25,733109,2198220,20,463,4,9159,8447155,5873109,61092,Salaried,Married,Post-Graduate,Rented,Personal,1
CUST00127,54,1363950,767325,19,876,2,3365,8140549,6362622,113662,Salaried,Married,Graduate,Owned,Car,0
CUST00128,46,1740663,1092964,4,399,2,22770,4742424,6101864,145055,Salaried,Married,Doctorate,Rented,Home,0
CUST00129,49,1569269,4613510,27,432,5,14239,587490,4710395,130772,Self-Employed,Married,Graduate,Mortgaged,Education,1
CUST00130,46,909343,1454251,12,478,5,10098,9656666,144408,75778,Business Owner,Married,Doctorate,Rented,Personal,1
CUST00131,45,1080753,2589124,29,363,2,7440,4589897,4237291,90062,Salaried,Married,Post-Graduate,Rented,Medical,1
CUST00132,25,1269801,4907927,4,686,0,102248,6364587,6555396,105816,Self-Employed,Married,Post-Graduate,Mortgaged,Home,0
CUST00133,46,246944,3136696,19,614,4,13757,303633,6781739,20578,Self-Employed,Single,Post-Graduate,Owned,Medical,1
CUST00134,56,1856199,256122,4,634,4,5335,8897917,6675632,154683,Salaried,Married,Graduate,Rented,Home,0
CUST00135,35,384886,1819566,28,844,5,5415,8892745,86043,32073,Salaried,Widowed,Graduate,Owned,Car,1
CUST00136,47,1227671,1964925,18,559,5,9096,9289185,3482505,102305,Unemployed,Single,Graduate,Rented,Personal,1
CUST00137,23,1689240,1417418,3,486,3,39372,1821670,4933981,140770,Salaried,Single,Graduate,Rented,Home,0
CUST00138,36,338920,1243839,7,525,0,14807,8445470,1980067,28243,Salaried,Single,Graduate,Owned,Personal,0
CUST00139,40,2489554,2540726,11,780,1,19247,6286259,3277537,207462,Business Owner,Married,High School,Mortgaged,Home,0
CUST00140,64,1036475,1916355,1,617,4,159696,1546441,778914,86372,Business Owner,Single,Post-Graduate,Rented,Car,0
CUST00141,31,187137,1506898,1,401,3,125574,5749121,1548529,15594,Self-Employed,Married,High School,Rented,Personal,1
CUST00142,33,1697789,2094263,27,713,2,6463,4817129,46313,141482,Business Owner,Single,Graduate,Rented,Car,0
CUST00143,39,1460321,1751047,29,747,2,5031,6292741,7836622,121693,Salaried,Single,High School,Rented,Education,0
CUST00144,64,1654780,1182259,16,449,4,6157,928278,6877678,137898,Self-Employed,Single,High School,Owned,Car,1
CUST00145,58,1914870,2291116,27,634,2,7071,5677824,3230510,159572,Salaried,Single,Graduate,Rented,Personal,0
CUST00146,23,1267739,4714391,20,638,0,19643,6807003,34625,105644,Business Owner,Married,Post-Graduate,Mortgaged,Home,0
CUST00147,32,2092920,2553381,1,405,5,212781,7184327,2682102,174410,Salaried,Divorced,Graduate,Owned,Home,1
CUST00148,57,1019852,3007905,21,305,2,11936,7714800,3472518,84987,Salaried,Married,Post-Graduate,Mortgaged,Business,1
CUST00149,24,1431231,4922354,1,730,1,410196,6298488,1352067,119269,Salaried,Divorced,High School,Rented,Car,0
CUST00150,58,522511,3087375,24,669,0,10720,7043635,5293477,43542,Self-Employed,Single,Graduate,Owned,Medical,0
CUST00151,34,1606802,1155446,11,728,2,8753,993972,7982127,133900,Salaried,Divorced,High School,Rented,Home,0
CUST00152,61,764752,2022444,5,526,5,33707,7999073,6751314,63729,Self-Employed,Married,Graduate,Rented,Home,1
CUST00153,34,1787303,2465482,8,609,0,25682,3731002,6848410,148941,Salaried,Married,High School,Mortgaged,Medical,0
CUST00154,40,2032478,2400173,20,888,1,10000,5521247,6647481,169373,Salaried,Married,High School,Rented,Education,0
CUST00155,50,2168570,790083,25,435,1,2633,5511275,559779,180714,Self-Employed,Single,Post-Graduate,Owned,Car,0
CUST00156,27,2333342,573888,17,691,0,2813,9762936,4411900,194445,Salaried,Single,Post-Graduate,Owned,Car,0
CUST00157,45,437380,1782496,5,379,3,29708,3319454,4526031,36448,Self-Employed,Single,Graduate,Rented,Car,1
CUST00158,43,474279,4575596,27,339,1,14122,3904667,807405,39523,Unemployed,Married,Post-Graduate,Rented,Car,1
CUST00159,55,2326528,3600688,23,874,4,13045,7627275,1179209,193877,Self-Employed,Married,Post-Graduate,Mortgaged,Medical,0
CUST00160,64,1044945,4216506,12,377,2,29281,6379739,4521686,87078,Salaried,Widowed,Graduate,Mortgaged,Business,1
CUST00161,50,211140,913587,17,693,3,4478,3247187,5726251,17595,Salaried,Single,Graduate,Mortgaged,Home,1
CUST00162,39,824426,2100653,28,608,0,6251,3508752,1672854,68702,Business Owner,Married,Graduate,Rented,Home,0
CUST00163,39,2115069,2927688,11,785,1,22179,8303973,3872667,176255,Self-Employed,Married,Post-Graduate,Owned,Personal,0
CUST00164,39,984225,2199865,1,627,2,183322,8375030,601642,82018,Business Owner,Single,Graduate,Rented,Business,0
CUST00165,57,330340,2112670,5,718,0,35211,1552663,883111,27528,Salaried,Single,High School,Owned,Car,0
CUST00166,35,1846956,1830968,18,836,2,8476,4058886,4641801,153913,Self-Employed,Married,Graduate,Owned,Business,0
CUST00167,29,607376,305318,29,797,2,877,7716986,4456311,50614,Salaried,Married,Graduate,Owned,Home,0
CUST00168,36,979084,4293250,22,733,2,16262,1274249,6000686,81590,Self-Employed,Single,Graduate,Mortgaged,Medical,1
CUST00169,22,159151,4668722,18,397,3,21614,1916307,7285405,13262,Business Owner,Single,Graduate,Rented,Business,1
CUST00170,26,1564693,450192,10,401,4,3751,1669220,1519993,130391,Business Owner,Single,Doctorate,Owned,Education,1
CUST00171,25,1196353,2097335,13,598,4,13444,5327351,2729557,99696,Salaried,Married,Graduate,Mortgaged,Personal,1
CUST00172,55,2187566,2613277,2,695,0,108886,4564450,6846997,182297,Business Owner,Married,Graduate,Mortgaged,Car,0
CUST00173,53,935744,3930436,11,700,3,29776,3273191,406444,77978,Salaried,Single,High School,Rented,Medical,0
CUST00174,51,630822,4934396,19,772,5,21642,1446311,6626246,52568,Salaried,Married,Graduate,Owned,Medical,1
CUST00175,41,540083,2110751,27,362,5,6514,6409610,7561656,45006,Self-Employed,Divorced,Post-Graduate,Rented,Medical,1
CUST00176,52,620373,3757169,27,404,1,11596,8092243,799566,51697,Salaried,Single,Doctorate,Rented,Business,1
CUST00177,28,1210061,4689933,24,389,4,16284,2206130,1134393,100838,Salaried,Single,Post-Graduate,Rented,Home,1
CUST00178,60,354841,4159974,1,624,4,346664,6697948,5474096,29570,Self-Employed,Single,High School,Rented,Personal,1
CUST00179,43,1095571,1487828,24,680,2,5166,7974556,3800416,91297,Self-Employed,Single,Post-Graduate,Owned,Personal,0
CUST00180,62,2158502,4096578,7,369,5,48768,5615241,7900737,179875,Self-Employed,Married,Post-Graduate,Rented,Home,1
CUST00181,28,1954003,2090541,18,821,3,9678,5778480,4357417,162833,Salaried,Married,High School,Rented,Medical,0
CUST00182,43,1647560,136731,28,482,4,406,1751365,5240816,137296,Self-Employed,Married,Doctorate,Mortgaged,Car,1
CUST00183,51,2248856,3806377,26,696,4,12199,9577004,1896699,187404,Salaried,Single,Post-Graduate,Owned,Education,1
CUST00184,43,1983505,4185239,20,750,4,17438,9569372,2595900,165292,Salaried,Married,Post-Graduate,Rented,Home,1
CUST00185,41,1683533,1751153,9,321,5,16214,7146526,1419344,140294,Salaried,Single,Graduate,Mortgaged,Medical,1
CUST00186,29,2178208,2282125,16,818,5,11886,9037118,1174967,181517,Self-Employed,Single,Graduate,Rented,Car,0
CUST00187,38,442364,1853567,21,882,2,7355,6113215,905111,36863,Salaried,Single,Post-Graduate,Rented,Personal,0
CUST00188,32,2072907,629280,15,875,3,3496,6646113,7142095,172742,Salaried,Divorced,Graduate,Rented,Personal,0
CUST00189,34,844168,4974374,12,383,3,34544,8308671,559642,70347,Business Owner,Married,Doctorate,Mortgaged,Home,1
CUST00190,51,1872697,161937,12,535,5,1124,477532,4131725,156058,Business Owner,Married,High School,Mortgaged,Business,1
CUST00191,49,2296297,2800291,18,439,2,12964,2274857,4065012,191358,Self-Employed,Married,Graduate,Owned,Home,0
CUST00192,48,1315658,123901,2,570,1,5162,2113701,447228,109638,Self-Employed,Single,Post-Graduate,Owned,Personal,0
CUST00193,37,358526,3462433,29,884,4,9949,6364150,6736166,29877,Unemployed,Married,Graduate,Owned,Car,1
CUST00194,63,1020036,4509200,3,757,5,125255,2499671,4005554,85003,Self-Employed,Married,Graduate,Owned,Personal,1
CUST00195,25,1106111,3235138,29,762,5,9296,3964998,1014070,92175,Salaried,Divorced,Post-Graduate,Rented,Car,1
CUST00196,36,2351327,3050537,2,553,0,127105,4988333,1029675,195943,Self-Employed,Married,Post-Graduate,Owned,Medical,0
CUST00197,27,2364885,4148224,15,861,5,23045,7463530,5604952,197073,Business Owner,Single,Graduate,Rented,Personal,0
CUST00198,36,1485894,4872460,13,852,4,31233,5222450,4957486,123824,Self-Employed,Widowed,Graduate,Rented,Personal,0
CUST00199,63,2384062,4316034,17,783,0,21157,342247,3300966,198671,Salaried,Married,Graduate,Rented,Business,1
CUST00200,37,1175283,1195547,13,788,0,7663,6898247,3241250,97940,Business Owner,Single,Graduate,Owned,Education,0
CUST00201,61,1116327,2838117,27,691,1,8759,4334349,281793,93027,Self-Employed,Single,Post-Graduate,Rented,Medical,0
CUST00202,43,2115790,4103109,1,357,5,341925,1222565,254820,176315,Salaried,Single,Post-Graduate,Owned,Medical,1
CUST00203,52,1718382,1508052,29,470,4,4333,6551848,4287778,143198,Unemployed,Married,Graduate,Mortgaged,Car,0
CUST00204,41,1377586,3392227,20,761,3,14134,2775172,2909256,114798,Self-Employed,Married,High School,Rented,Car,0
CUST00205,33,1223352,162861,23,496,3,590,4660329,2016066,101946,Business Owner,Single,High School,Owned,Medical,0
CUST00206,54,1808174,4392796,5,403,2,73213,9678193,3032794,150681,Unemployed,Single,Graduate,Owned,Business,1
CUST00207,63,1920632,3091296,2,868,5,128804,2455918,4842032,160052,Salaried,Married,Graduate,Rented,Home,1
CUST00208,33,1302886,3728409,12,593,0,25891,8863978,2345642,108573,Self-Employed,Married,Post-Graduate,Rented,Home,0
CUST00209,55,224216,4136070,10,816,1,34467,4697057,2794584,18684,Salaried,Single,Doctorate,Mortgaged,Car,1
CUST00210,33,389316,1132952,23,470,1,4104,9332281,2262342,32443,Business Owner,Single,Graduate,Owned,Personal,0
CUST00211,52,488769,2280172,27,515,5,7037,8512470,5331618,40730,Business Owner,Divorced,Post-Graduate,Owned,Education,1
CUST00212,55,1235906,4300285,13,505,3,27565,8339333,438305,102992,Business Owner,Widowed,Graduate,Mortgaged,Personal,0
CUST00213,41,1593367,865295,23,523,4,3135,2147706,7348026,132780,Self-Employed,Married,Graduate,Rented,Car,1
CUST00214,53,2038853,4121199,2,562,5,171716,7929699,4436072,169904,Self-Employed,Married,Graduate,Rented,Education,1
CUST00215,33,696497,1476006,22,478,1,5590,3735004,1956356,58041,Salaried,Divorced,Graduate,Mortgaged,Medical,0
CUST00216,25,1998505,2898764,3,788,5,80521,9110518,6075706,166542,Salaried,Single,Graduate,Rented,Education,0
CUST00217,26,1715222,2574445,20,495,0,10726,9904321,7518723,142935,Salaried,Divorced,Post-Graduate,Rented,Education,0
CUST00218,41,271394,3448139,12,564,4,23945,6156706,465680,22616,Business Owner,Married,Graduate,Mortgaged,Home,1
CUST00219,60,975373,4191572,13,816,4,26869,9136889,1634470,81281,Self-Employed,Married,High School,Owned,Education,1
CUST00220,27,861251,1777439,9,562,4,16457,5379920,1151330,71770,Self-Employed,Married,Graduate,Owned,Medical,1
CUST00221,41,2233617,900178,12,306,0,6251,436286,565559,186134,Salaried,Single,Doctorate,Owned,Home,0
CUST00222,52,2314812,2143000,26,300,5,6868,8752437,5909687,192901,Self-Employed,Married,High School,Owned,Education,1
CUST00223,30,2075259,3080141,24,561,4,10694,5350286,1541607,172938,Salaried,Married,Doctorate,Rented,Car,1
CUST00224,53,1390815,3764689,10,689,0,31372,535897,3068314,115901,Unemployed,Single,Doctorate,Mortgaged,Education,0
CUST00225,35,1308168,3779174,9,865,3,34992,747588,6519333,109014,Business Owner,Married,Graduate,Mortgaged,Medical,1
CUST00226,56,881992,1732805,15,378,4,9626,7260123,4894099,73499,Salaried,Widowed,Graduate,Rented,Business,1
CUST00227,46,1966303,4683435,20,625,2,19514,9246658,5420449,163858,Business Owner,Divorced,High School,Mortgaged,Education,0
CUST00228,45,352762,461685,6,473,2,6412,7004094,781592,29396,Salaried,Married,High School,Rented,Personal,0
CUST00229,29,787174,627683,22,570,1,2377,4471294,7766673,65597,Salaried,Single,Graduate,Rented,Medical,0
CUST00230,41,467741,172613,28,565,3,513,3139209,661742,38978,Self-Employed,Single,Post-Graduate,Owned,Business,0
CUST00231,58,1311510,4635638,25,487,5,15452,4242526,5678618,109292,Self-Employed,Single,Doctorate,Rented,Personal,1
CUST00232,22,854426,941589,16,310,3,4904,3295860,5115611,71202,Salaried,Married,High School,Rented,Home,1
CUST00233,54,614082,3027264,10,344,4,25227,2802165,3301050,51173,Salaried,Married,Graduate,Owned,Education,1
CUST00234,43,1034572,4074117,10,613,4,33950,1370824,6705005,86214,Salaried,Divorced,Graduate,Mortgaged,Car,1
CUST00235,52,2173082,3845172,22,434,4,14565,5731307,7139447,181090,Salaried,Single,Graduate,Owned,Medical,1
CUST00236,50,1461323,4746779,14,496,2,28254,2262017,562208,121776,Salaried,Widowed,Graduate,Rented,Car,0
CUST00237,40,2084208,316184,4,354,4,6587,1535487,7665028,173684,Salaried,Widowed,Post-Graduate,Owned,Home,1
CUST00238,35,2297676,2065016,20,329,1,8604,2830793,1928961,191473,Unemployed,Married,Graduate,Rented,Business,0
CUST00239,48,2270051,2555433,5,376,3,42590,8009654,6333239,189170,Salaried,Divorced,High School,Rented,Home,1
CUST00240,28,974850,3495933,29,526,1,10045,5772296,6565950,81237,Salaried,Married,Post-Graduate,Owned,Medical,1
CUST00241,47,2212070,3132016,13,398,5,20077,4962982,4453116,184339,Salaried,Single,High School,Owned,Business,1
CUST00242,26,2287033,2821751,10,438,4,23514,5960027,6906243,190586,Salaried,Single,Doctorate,Rented,Business,1
CUST00243,49,2405051,1568827,2,481,3,65367,5707982,6606126,200420,Self-Employed,Single,Doctorate,Rented,Education,0
CUST00244,49,974856,577049,5,474,2,9617,5027214,4181049,81238,Salaried,Single,High School,Rented,Personal,0
CUST00245,25,686590,2186668,28,306,3,6507,7330515,1432357,57215,Salaried,Married,Graduate,Rented,Medical,1
CUST00246,54,1523043,1335304,16,370,4,6954,1932972,3476518,126920,Unemployed,Single,Post-Graduate,Owned,Car,1
CUST00247,39,2339787,2793775,27,870,1,8622,8189848,7202800,194982,Self-Employed,Single,Graduate,Owned,Education,0
CUST00248,55,2266457,3995776,28,700,4,11892,1834312,1621672,188871,Salaried,Single,Graduate,Mortgaged,Education,0
CUST00249,23,1492350,2785112,2,374,1,116046,872989,7996471,124362,Salaried,Married,Doctorate,Owned,Car,1
CUST00250,29,500711,2936062,12,470,0,20389,4265936,1453637,41725,Business Owner,Divorced,Graduate,Rented,Personal,1
CUST00251,43,1142863,257214,25,529,4,857,3988813,5321121,95238,Self-Employed,Married,Graduate,Rented,Education,0
CUST00252,30,1828184,3241012,15,843,4,18005,7882669,5127887,152348,Unemployed,Married,High School,Mortgaged,Home,0
CUST00253,36,1466878,2225434,15,827,2,12363,6982930,1567112,122239,Salaried,Widowed,Graduate,Owned,Home,0
CUST00254,50,961858,662302,17,762,3,3246,679600,3778454,80154,Self-Employed,Married,Post-Graduate,Rented,Personal,0
CUST00255,28,955115,1108399,21,363,4,4398,5037767,1155493,79592,Salaried,Married,Post-Graduate,Rented,Personal,1
CUST00256,51,290412,3914680,28,594,4,11650,7972185,2918161,24201,Salaried,Married,Graduate,Owned,Business,1
CUST00257,26,828099,4587640,26,590,5,14703,7358547,7675315,69008,Self-Employed,Widowed,High School,Owned,Home,1
CUST00258,29,1723035,2563229,19,682,5,11242,5057490,434304,143586,Self-Employed,Single,Post-Graduate,Mortgaged,Car,1
CUST00259,47,717088,4884070,17,806,2,23941,6196001,6970822,59757,Salaried,Married,Graduate,Rented,Education,1
CUST00260,56,2484472,941191,11,492,1,7130,5661458,5420101,207039,Salaried,Married,Graduate,Owned,Medical,0
CUST00261,29,343705,1533252,4,634,0,31942,2390103,5989430,28642,Self-Employed,Single,Graduate,Rented,Education,0
CUST00262,34,1533618,4653826,21,458,3,18467,5687420,2256969,127801,Salaried,Married,Graduate,Rented,Education,1
CUST00263,61,1316927,917167,1,426,3,76430,6783689,7592954,109743,Salaried,Married,Graduate,Owned,Business,0
CUST00264,64,2108264,3313937,21,487,4,13150,656057,2027255,175688,Salaried,Divorced,Graduate,Owned,Home,1
CUST00265,46,2236239,1136545,15,741,0,6314,6983110,4027230,186353,Salaried,Divorced,Graduate,Rented,Business,0
CUST00266,41,1427176,1689328,23,562,4,6120,2572730,294332,118931,Business Owner,Married,Graduate,Rented,Car,0
CUST00267,36,1630857,2414873,28,708,4,7187,176950,7101971,135904,Salaried,Married,Post-Graduate,Rented,Home,1
CUST00268,48,1792541,1831940,17,714,4,8980,7577444,5636321,149378,Salaried,Divorced,Graduate,Owned,Personal,0
CUST00269,47,1374292,4378802,17,517,3,21464,3959949,1302562,114524,Self-Employed,Single,Post-Graduate,Rented,Car,1
CUST00270,34,584486,4865305,15,873,0,27029,4181454,5296806,48707,Salaried,Single,High School,Rented,Medical,1
CUST00271,22,1157193,2525179,11,327,2,19130,6280832,1462477,96432,Self-Employed,Married,High School,Rented,Medical,0
CUST00272,28,717648,2649824,3,838,3,73606,5649118,3555276,59804,Salaried,Married,High School,Owned,Education,0
CUST00273,63,1241343,324190,1,304,3,27015,6243989,4098744,103445,Business Owner,Married,High School,Owned,Medical,0
CUST00274,39,1595612,1209303,21,529,3,4798,9454199,7450270,132967,Self-Employed,Married,Graduate,Mortgaged,Car,0
CUST00275,42,641801,247433,27,795,3,763,6546443,2660077,53483,Self-Employed,Single,Graduate,Owned,Education,0
CUST00276,42,736148,4290413,2,710,3,178767,558090,102511,61345,Salaried,Married,High School,Rented,Home,0
CUST00277,55,2083899,1175585,10,492,1,9796,2301530,3460154,173658,Business Owner,Married,Graduate,Rented,Personal,0
CUST00278,24,1037670,1736139,18,831,3,8037,4551835,7412406,86472,Self-Employed,Widowed,Graduate,Mortgaged,Medical,0
CUST00279,25,616199,4221717,21,382,1,16752,4777569,6385575,51349,Salaried,Single,Post-Graduate,Mortgaged,Medical,1
CUST00280,33,1825958,3580786,22,702,2,13563,3676613,472583,152163,Salaried,Married,Graduate,Rented,Education,0
CUST00281,42,1834063,3126328,21,611,2,12406,1925356,427259,152838,Salaried,Married,Doctorate,Mortgaged,Business,0
CUST00282,50,2091475,240435,3,424,4,6678,1153849,6054643,174289,Salaried,Married,High School,Owned,Personal,1
CUST00283,43,1935964,2836641,8,852,5,29548,1535009,5766750,161330,Salaried,Single,Graduate,Mortgaged,Personal,1
CUST00284,40,2481125,2826416,14,759,3,16823,9512864,4457676,206760,Unemployed,Single,Graduate,Owned,Car,0
CUST00285,62,1500942,1628899,2,305,0,67870,4016154,705834,125078,Unemployed,Single,Post-Graduate,Mortgaged,Business,0
CUST00286,28,824031,3737395,10,352,4,31144,9618449,2240452,68669,Salaried,Married,High School,Mortgaged,Medical,1
CUST00287,46,2177876,4650655,12,333,1,32296,3415591,6780008,181489,Unemployed,Married,Doctorate,Mortgaged,Business,0
CUST00288,45,772316,1332227,29,549,0,3828,3183732,1115614,64359,Self-Employed,Married,Post-Graduate,Rented,Education,0
CUST00289,42,833968,1689332,10,550,1,14077,4946620,1615198,69497,Salaried,Married,Graduate,Owned,Personal,0
CUST00290,56,2096961,1645558,29,734,5,4728,9472494,3617523,174746,Unemployed,Single,Graduate,Rented,Home,0
CUST00291,33,2221800,4182974,21,705,2,16599,5675406,5879511,185150,Self-Employed,Single,Graduate,Owned,Personal,0
CUST00292,63,947451,434963,21,309,1,1726,448218,6626080,78954,Self-Employed,Married,High School,Rented,Personal,1
CUST00293,36,1864114,4484722,24,585,0,15571,2788046,4735035,155342,Salaried,Married,Post-Graduate,Owned,Medical,0
CUST00294,45,2317629,3886423,25,770,3,12954,9810870,3939927,193135,Salaried,Married,Post-Graduate,Owned,Medical,0
CUST00295,44,2027062,2442508,7,838,4,29077,1630039,3084976,168921,Business Owner,Married,High School,Owned,Business,0
CUST00296,58,161735,2938426,13,475,2,18836,8375726,349660,13477,Salaried,Widowed,High School,Mortgaged,Business,1
CUST00297,40,1711762,4476731,16,326,0,23316,9293361,2140290,142646,Salaried,Divorced,Graduate,Rented,Car,0
CUST00298,34,549244,3860692,29,391,2,11093,2221869,1717983,45770,Salaried,Married,Post-Graduate,Rented,Business,1
CUST00299,22,2138906,1420176,2,504,3,59174,5633458,459674,178242,Salaried,Single,Graduate,Owned,Home,0
CUST00300,37,307544,299480,14,565,0,1782,6035516,5960629,25628,Salaried,Single,Post-Graduate,Rented,Education,0
CUST00301,57,2483782,3309245,7,510,1,39395,7958711,2827041,206981,Unemployed,Married,High School,Rented,Business,0
CUST00302,22,566722,771748,6,354,0,10718,8003163,4076761,47226,Salaried,Married,Post-Graduate,Owned,Personal,0
CUST00303,60,1137382,485420,23,504,2,1758,694912,1604230,94781,Business Owner,Single,High School,Rented,Business,0
CUST00304,45,700099,4912356,6,473,1,68227,3261059,4729880,58341,Self-Employed,Single,Graduate,Rented,Personal,1
CUST00305,28,2062701,2395974,24,592,1,8319,9406937,1087300,171891,Salaried,Divorced,Doctorate,Mortgaged,Medical,0
CUST00306,34,1074722,3271690,29,347,0,9401,3602142,5421841,89560,Salaried,Single,Post-Graduate,Owned,Personal,0
CUST00307,45,1899762,1125792,23,774,4,4078,2535074,5907984,158313,Salaried,Married,Graduate,Rented,Business,1
CUST00308,35,307962,553406,5,550,2,9223,6326830,2491442,25663,Business Owner,Divorced,Post-Graduate,Mortgaged,Home,0
CUST00309,26,1214244,360678,5,490,5,6011,2033215,1700119,101187,Self-Employed,Married,High School,Mortgaged,Education,1
CUST00310,50,2290972,1804107,13,843,2,11564,1556231,6241208,190914,Salaried,Single,High School,Rented,Medical,0
CUST00311,50,2328330,68441,16,746,1,356,7999849,1785264,194027,Business Owner,Married,High School,Owned,Education,0
CUST00312,27,640429,2129276,23,382,1,7714,1270285,1425754,53369,Business Owner,Married,Graduate,Rented,Business,0
CUST00313,34,1076900,1657522,13,387,5,10625,8922008,2723851,89741,Salaried,Single,Post-Graduate,Rented,Personal,1
CUST00314,32,1111419,2657822,5,301,3,44297,2573072,7732533,92618,Self-Employed,Married,Graduate,Owned,Home,1
CUST00315,50,1478844,2968176,29,636,1,8529,1157202,3701225,123237,Self-Employed,Single,Graduate,Owned,Personal,0
CUST00316,53,1412742,1576736,27,512,3,4866,7438471,2101386,117728,Business Owner,Married,Post-Graduate,Rented,Car,0
CUST00317,53,398964,2303390,19,525,3,10102,1847702,4109701,33247,Salaried,Divorced,Graduate,Owned,Education,1
CUST00318,62,1942267,436581,21,605,0,1732,3729332,2787188,161855,Salaried,Married,High School,Mortgaged,Home,0
CUST00319,55,680571,1543758,28,623,4,4594,3576641,5316370,56714,Salaried,Widowed,Graduate,Owned,Business,0
CUST00320,35,890111,4892051,14,300,0,29119,5122846,3510761,74175,Salaried,Married,Post-Graduate,Mortgaged,Education,0
CUST00321,26,2125636,4956440,5,364,1,82607,4786095,4708176,177136,Salaried,Divorced,Graduate,Rented,Medical,0
CUST00322,48,1770683,2454754,18,773,4,11364,2034960,3490592,147556,Self-Employed,Married,Doctorate,Mortgaged,Education,1
CUST00323,61,1081898,4700648,14,872,2,27980,2423200,3853471,90158,Salaried,Single,Post-Graduate,Mortgaged,Business,0
CUST00324,63,2294313,2531446,24,802,1,8789,2021646,3577244,191192,Salaried,Divorced,Post-Graduate,Owned,Education,0
CUST00325,31,1076097,671983,23,843,0,2434,649715,3151521,89674,Self-Employed,Divorced,Post-Graduate,Owned,Home,0
CUST00326,32,1478914,4346122,14,578,3,25869,6539467,7710298,123242,Salaried,Married,Graduate,Owned,Education,0
CUST00327,23,728055,2104781,11,795,4,15945,4760642,2126289,60671,Salaried,Married,Post-Graduate,Rented,Home,1
CUST00328,28,580505,3081524,13,829,1,19753,1172914,6443335,48375,Self-Employed,Single,Graduate,Owned,Medical,1
CUST00329,45,1305284,3261792,19,835,2,14306,3380086,5679540,108773,Business Owner,Single,Graduate,Rented,Business,0
CUST00330,45,1473095,1574777,19,389,2,6906,6711623,4223713,122757,Salaried,Single,High School,Mortgaged,Car,0
CUST00331,37,2043669,3680779,15,388,5,20448,2923213,2540010,170305,Business Owner,Married,Post-Graduate,Rented,Home,1
CUST00332,35,1068624,2531472,16,541,4,13184,4066948,3870615,89052,Business Owner,Single,Graduate,Rented,Medical,1
CUST00333,57,2253635,1863542,29,602,1,5355,7463057,6796651,187802,Self-Employed,Single,Post-Graduate,Mortgaged,Medical,0
CUST00334,41,1577353,1524677,8,874,3,15882,6745582,1455564,131446,Unemployed,Widowed,Doctorate,Mortgaged,Medical,0
CUST00335,56,314768,3744094,6,490,5,52001,7037005,4689299,26230,Salaried,Married,Graduate,Owned,Personal,1
CUST00336,63,1886888,1284238,24,798,2,4459,3879121,6118805,157240,Salaried,Married,Graduate,Owned,Personal,0
CUST00337,35,1500828,664542,28,832,0,1977,4891417,5071554,125069,Business Owner,Single,High School,Rented,Car,0
CUST00338,30,1064980,4414640,18,879,1,20438,8475916,1153234,88748,Salaried,Single,Graduate,Owned,Car,0
CUST00339,62,1248092,1692472,12,413,3,11753,8735541,4070321,104007,Salaried,Married,Post-Graduate,Rented,Personal,0
CUST00340,49,859209,3223111,11,445,5,24417,650006,1464061,71600,Salaried,Single,Graduate,Mortgaged,Business,1
CUST00341,34,1593562,3596344,14,431,1,21406,8396342,7428448,132796,Salaried,Married,Graduate,Rented,Car,0
CUST00342,48,1482335,4199777,2,741,0,174990,8943643,2813894,123527,Salaried,Widowed,Graduate,Owned,Education,0
CUST00343,44,1201097,3147129,16,712,1,16391,9430541,3372764,100091,Salaried,Single,Graduate,Owned,Personal,0
CUST00344,60,820212,3554309,8,544,2,37024,2759745,6859999,68351,Unemployed,Married,High School,Mortgaged,Home,0
CUST00345,33,1086815,4194190,8,353,0,43689,5062960,3415747,90567,Salaried,Married,Graduate,Owned,Personal,0
CUST00346,64,1319919,4719642,17,612,0,23135,521167,1551523,109993,Business Owner,Single,Post-Graduate,Owned,Home,1
CUST00347,62,1258919,281942,28,739,3,839,1186634,7144115,104909,Salaried,Married,Graduate,Rented,Medical,0
CUST00348,29,876835,3729106,6,584,4,51793,5667803,5183949,73069,Salaried,Married,High School,Rented,Business,1
CUST00349,29,1517697,913239,27,460,1,2818,2139982,4839255,126474,Business Owner,Single,Graduate,Rented,Business,0
CUST00350,44,682387,4461824,16,655,3,23238,2321106,604673,56865,Salaried,Married,Post-Graduate,Rented,Home,1
CUST00351,23,1327310,290048,29,696,3,833,3038853,3593189,110609,Salaried,Married,Post-Graduate,Rented,Personal,0
CUST00352,34,435641,1271525,12,654,4,8830,4646110,3674481,36303,Business Owner,Married,Graduate,Owned,Education,0
CUST00353,40,1259539,1000965,29,823,5,2876,1614105,2097208,104961,Salaried,Divorced,Graduate,Rented,Education,0
CUST00354,63,1992353,3036915,20,488,5,12653,8042910,4515646,166029,Salaried,Married,Post-Graduate,Rented,Medical,0
CUST00355,64,2071912,71199,20,665,1,296,6713682,1960355,172659,Unemployed,Married,Post-Graduate,Rented,Business,0
CUST00356,28,1782529,134273,17,813,5,658,7936312,3767534,148544,Salaried,Widowed,Graduate,Mortgaged,Personal,0
CUST00357,60,1902272,2545840,14,427,0,15153,9268105,6411474,158522,Self-Employed,Married,Post-Graduate,Owned,Personal,0
CUST00358,25,304982,4859740,16,468,5,25311,6043817,5882204,25415,Salaried,Single,High School,Rented,Personal,1
CUST00359,54,952239,2665156,25,329,0,8883,3680777,2235728,79353,Salaried,Single,Graduate,Rented,Personal,0
CUST00360,58,1687488,2257348,23,524,0,8178,9780931,1660257,140624,Salaried,Single,Post-Graduate,Rented,Education,0
CUST00361,60,2031356,3306564,1,326,0,275547,5700800,45901,169279,Self-Employed,Single,High School,Owned,Medical,0
CUST00362,31,1519695,2781452,21,747,0,11037,4691135,2764421,126641,Salaried,Married,Graduate,Rented,Personal,0
CUST00363,60,2156079,1955316,25,353,2,6517,4218451,155685,179673,Business Owner,Single,Post-Graduate,Mortgaged,Personal,0
CUST00364,26,791700,2963318,22,715,3,11224,489945,1025885,65975,Self-Employed,Widowed,Post-Graduate,Rented,Home,1
CUST00365,44,510706,65878,15,647,4,365,9563265,7827220,42558,Self-Employed,Married,High School,Owned,Car,1
CUST00366,42,352994,1260214,10,892,0,10501,8212308,6845334,29416,Salaried,Single,Post-Graduate,Owned,Car,0
CUST00367,35,1519303,3385761,20,508,1,14107,7024959,4478703,126608,Self-Employed,Widowed,Graduate,Rented,Personal,0
CUST00368,22,1713183,1740677,20,506,0,7252,2290809,6196344,142765,Self-Employed,Married,Post-Graduate,Owned,Home,0
CUST00369,55,820483,318740,11,445,0,2414,9289289,3912197,68373,Salaried,Single,Post-Graduate,Mortgaged,Education,0
CUST00370,36,1991594,665982,12,622,4,4624,1844764,4810514,165966,Business Owner,Single,Post-Graduate,Mortgaged,Education,0
CUST00371,50,1887054,4337543,11,431,3,32860,2491778,7343008,157254,Salaried,Married,Post-Graduate,Mortgaged,Medical,1
CUST00372,39,996313,1681406,2,368,1,70058,793098,628889,83026,Unemployed,Married,Doctorate,Rented,Home,0
CUST00373,38,711145,162137,1,869,1,13511,2953152,2813499,59262,Unemployed,Married,Post-Graduate,Rented,Personal,0
CUST00374,60,1894445,3657587,3,707,5,101599,3346209,952278,157870,Salaried,Married,Graduate,Rented,Personal,0
CUST00375,26,1727798,2675851,13,371,3,17152,7969300,6359980,143983,Salaried,Married,Graduate,Owned,Medical,1
CUST00376,53,551347,2284362,15,670,1,12690,3328973,6580633,45945,Salaried,Divorced,High School,Rented,Car,0
CUST00377,54,749542,4479843,12,482,5,31110,9561742,5774478,62461,Salaried,Married,Graduate,Owned,Personal,1
CUST00378,38,1292021,1602935,28,408,1,4770,3097438,4871492,107668,Business Owner,Married,Post-Graduate,Owned,Education,0
CUST00379,33,1351187,2883823,7,582,1,34331,5293221,3816771,112598,Salaried,Single,High School,Mortgaged,Car,0
CUST00380,22,540003,3737257,12,772,4,25953,5972610,188028,45000,Self-Employed,Married,Doctorate,Mortgaged,Home,1
CUST00381,62,2379319,3061662,8,300,3,31892,8308176,6197055,198276,Unemployed,Married,Graduate,Mortgaged,Education,0
CUST00382,62,1063324,1079469,9,513,0,9995,7540267,7151915,88610,Unemployed,Married,High School,Rented,Education,0
CUST00383,32,1046072,3423973,17,852,4,16784,8688797,7726227,87172,Salaried,Married,Graduate,Mortgaged,Home,0
CUST00384,23,292251,3729829,9,536,1,34535,9383890,2734806,24354,Unemployed,Married,High School,Rented,Medical,1
CUST00385,27,2207985,655923,10,359,4,5466,1262862,1604859,183998,Salaried,Married,High School,Owned,Medical,0
CUST00386,24,702588,868970,20,557,2,3620,1031095,5231965,58549,Salaried,Married,Graduate,Rented,Car,0
CUST00387,57,2469319,3390889,25,709,4,11302,4546502,140075,205776,Salaried,Married,Graduate,Rented,Home,0
CUST00388,60,1315640,638952,7,897,5,7606,1588780,482112,109636,Self-Employed,Divorced,Post-Graduate,Rented,Medical,0
CUST00389,28,2205899,4407756,4,677,4,91828,4986167,6571635,183824,Salaried,Married,Graduate,Mortgaged,Home,1
CUST00390,54,570936,592358,7,330,5,7051,5939440,7654758,47578,Salaried,Married,Post-Graduate,Rented,Education,1
CUST00391,29,539785,4872393,17,785,3,23884,2836077,3228696,44982,Salaried,Married,Post-Graduate,Mortgaged,Car,1
CUST00392,37,2032617,3373994,28,768,0,10041,1071542,4062499,169384,Business Owner,Married,High School,Owned,Car,0
CUST00393,47,2076196,2243107,5,690,3,37385,9649244,4355219,173016,Self-Employed,Married,High School,Rented,Medical,0
CUST00394,52,1426269,1378554,2,837,2,57439,3770566,1107902,118855,Self-Employed,Divorced,Post-Graduate,Mortgaged,Car,0
CUST00395,59,225551,1755299,16,761,4,9142,8406901,1779698,18795,Self-Employed,Married,Post-Graduate,Rented,Car,1
CUST00396,23,2367749,3755142,29,439,1,10790,6283067,2387518,197312,Salaried,Divorced,High School,Mortgaged,Car,0
CUST00397,30,1074259,3778882,17,552,4,18523,6655614,6734310,89521,Salaried,Married,Post-Graduate,Rented,Home,1
CUST00398,34,2349563,1082860,27,604,2,3342,7827395,3505008,195796,Salaried,Divorced,Graduate,Owned,Medical,0
CUST00399,35,2196223,2737227,19,593,4,12005,2724974,5769649,183018,Salaried,Divorced,High School,Rented,Education,0
CUST00400,64,2151001,4965036,1,683,2,413753,2254232,1555599,179250,Unemployed,Married,Graduate,Rented,Car,0
CUST00401,55,1768567,1323658,13,720,2,8484,9968101,7626933,147380,Salaried,Married,Post-Graduate,Owned,Car,0
CUST00402,35,1732139,3482352,23,362,1,12617,6713057,7067481,144344,Self-Employed,Married,Graduate,Rented,Business,0
CUST00403,63,1401940,902181,15,641,4,5012,2993072,3802014,116828,Business Owner,Married,Graduate,Owned,Personal,0
CUST00404,43,208230,4178715,6,323,0,58037,6494109,1804621,17352,Business Owner,Married,High School,Owned,Medical,1
CUST00405,43,1061480,892639,6,606,1,12397,3997308,7812520,88456,Salaried,Married,High School,Mortgaged,Business,0
CUST00406,40,1866772,1523210,20,553,2,6346,8610199,6464983,155564,Unemployed,Married,Graduate,Mortgaged,Education,0
CUST00407,28,2058897,2322926,14,423,0,13826,5131552,4086843,171574,Self-Employed,Single,Graduate,Rented,Education,0
CUST00408,62,1464980,1884749,17,894,5,9238,3206100,2140384,122081,Salaried,Married,Post-Graduate,Rented,Business,0
CUST00409,22,1817462,892115,11,454,2,6758,6934656,4971376,151455,Self-Employed,Married,Post-Graduate,Rented,Personal,0
CUST00410,29,201099,3222884,10,333,1,26857,7525909,2962949,16758,Salaried,Married,High School,Owned,Car,1
CUST00411,31,1250752,147608,20,515,1,615,3789262,5393019,104229,Business Owner,Single,High School,Rented,Business,0
CUST00412,34,1343153,4918435,1,754,1,409869,7544798,6659703,111929,Self-Employed,Single,Graduate,Mortgaged,Medical,0
CUST00413,27,2247338,307839,13,305,3,1973,2418080,3918171,187278,Self-Employed,Married,Post-Graduate,Rented,Education,0
CUST00414,22,880971,1702618,11,595,2,12898,2468025,385323,73414,Business Owner,Married,Graduate,Rented,Car,0
CUST00415,51,690377,4652928,23,550,1,16858,8282556,4502241,57531,Self-Employed,Single,Post-Graduate,Owned,Personal,1
CUST00416,63,978090,817656,22,819,5,3097,6249462,6869246,81507,Salaried,Single,Graduate,Mortgaged,Personal,0
CUST00417,27,550420,411158,13,301,3,2635,447872,1786456,45868,Salaried,Married,Graduate,Owned,Car,1
CUST00418,34,1462296,3732388,8,310,2,38879,6784104,7675102,121858,Business Owner,Single,Graduate,Rented,Home,0
CUST00419,43,1660588,412244,7,639,3,4907,3128010,2898904,138382,Self-Employed,Single,Graduate,Rented,Medical,0
CUST00420,61,2032631,4503015,7,407,3,53607,2816841,5472948,169385,Business Owner,Married,Graduate,Rented,Business,0
CUST00421,51,2434186,2283382,8,722,0,23785,4298366,5615945,202848,Salaried,Married,Graduate,Rented,Business,0
CUST00422,54,322972,4353192,23,466,4,15772,4572819,1456635,26914,Salaried,Widowed,Graduate,Rented,Education,1
CUST00423,46,731052,1263246,2,637,1,52635,8929271,311911,60921,Business Owner,Single,Doctorate,Rented,Medical,0
CUST00424,39,856673,748624,1,322,0,62385,4414199,7590167,71389,Self-Employed,Single,Graduate,Owned,Personal,0
CUST00425,30,736725,4815334,16,716,3,25079,3037096,5603304,61393,Salaried,Single,Post-Graduate,Mortgaged,Car,1
CUST00426,59,2094112,3822763,7,610,5,45509,7757744,5050468,174509,Salaried,Married,Doctorate,Rented,Business,1
CUST00427,56,477822,4559379,25,300,4,15197,5472687,2430205,39818,Business Owner,Single,Graduate,Mortgaged,Education,1
CUST00428,23,219885,1633445,22,459,1,6187,106843,864732,18323,Self-Employed,Single,Graduate,Owned,Home,1
CUST00429,52,2172324,2053479,23,335,2,7440,6358746,2174686,181027,Salaried,Married,High School,Mortgaged,Home,0
CUST00430,25,2409568,2907251,14,326,3,17305,5060163,4381806,200797,Salaried,Married,Post-Graduate,Rented,Business,1
CUST00431,53,682034,2271221,13,719,1,14559,5788576,5547907,56836,Salaried,Married,Post-Graduate,Rented,Home,0
CUST00432,57,932210,1251187,13,556,4,8020,1924974,2552375,77684,Salaried,Married,Doctorate,Owned,Personal,0
CUST00433,27,1332469,1906812,6,781,1,26483,4835817,1719561,111039,Salaried,Married,Graduate,Owned,Education,0
CUST00434,40,1385978,3063348,17,454,1,15016,6503735,1996137,115498,Salaried,Married,Post-Graduate,Mortgaged,Medical,0
CUST00435,27,2478550,237437,26,730,0,761,6801652,7693467,206545,Business Owner,Single,Graduate,Rented,Medical,0
CUST00436,46,1099760,1712917,8,669,4,17842,6835651,5044196,91646,Salaried,Married,Graduate,Rented,Education,0
CUST00437,61,178531,1499591,2,697,0,62482,9976236,7925432,14877,Business Owner,Single,Graduate,Rented,Personal,0
CUST00438,25,1143478,398092,17,796,4,1951,5061152,50213,95289,Salaried,Single,Graduate,Mortgaged,Medical,0
CUST00439,39,1457742,657233,12,724,5,4564,4356084,3664803,121478,Salaried,Married,Graduate,Rented,Medical,0
CUST00440,63,1364691,2503613,24,747,0,8693,5466092,3659145,113724,Salaried,Single,Graduate,Mortgaged,Business,0
CUST00441,34,1353879,556733,25,743,0,1855,3356455,3211346,112823,Salaried,Single,Doctorate,Owned,Medical,0
CUST00442,27,2318149,1757277,28,568,5,5229,3219076,3132671,193179,Self-Employed,Married,Graduate,Mortgaged,Education,1
CUST00443,43,2047501,2826264,12,734,0,19626,6932895,632299,170625,Business Owner,Married,Post-Graduate,Rented,Personal,0
CUST00444,43,741512,4375524,27,805,2,13504,3201894,257381,61792,Self-Employed,Single,Graduate,Owned,Medical,1
CUST00445,50,984911,538886,4,742,5,11226,7514832,6225749,82075,Self-Employed,Married,High School,Rented,Car,0
CUST00446,35,1718818,2201486,11,664,0,16677,7476658,3524076,143234,Business Owner,Widowed,Graduate,Mortgaged,Business,0
CUST00447,63,1114302,559510,8,344,3,5828,9538692,1301791,92858,Self-Employed,Single,Post-Graduate,Rented,Education,0
CUST00448,44,1156745,2171436,27,561,2,6701,1404140,2780309,96395,Self-Employed,Married,Post-Graduate,Owned,Medical,0
CUST00449,34,544654,2428542,18,337,2,11243,3696573,7464382,45387,Self-Employed,Single,High School,Owned,Personal,1
CUST00450,63,747766,4006360,11,362,5,30351,7737882,3741550,62313,Salaried,Divorced,Graduate,Rented,Business,1
CUST00451,61,1890915,2239297,5,516,3,37321,4348869,7924741,157576,Salaried,Single,Graduate,Owned,Medical,0
CUST00452,43,2130888,4680793,23,578,1,16959,6584630,1292029,177574,Self-Employed,Single,Graduate,Owned,Medical,0
CUST00453,23,1994065,731292,19,616,5,3207,7379247,979278,166172,Self-Employed,Widowed,Post-Graduate,Rented,Medical,0
CUST00454,47,873408,313138,25,840,3,1043,8856299,4510483,72784,Salaried,Married,Post-Graduate,Rented,Car,0
CUST00455,45,471158,72022,13,757,0,461,2338557,5464047,39263,Unemployed,Single,Graduate,Owned,Education,0
CUST00456,28,525282,1815892,5,553,2,30264,2675432,7850371,43773,Salaried,Married,High School,Rented,Medical,1
CUST00457,49,1074624,1005223,10,500,1,8376,4761770,3727935,89552,Self-Employed,Divorced,High School,Rented,Education,0
CUST00458,58,1366725,503341,18,727,3,2330,5111172,1601334,113893,Unemployed,Married,Doctorate,Rented,Personal,0
CUST00459,26,2248326,1217666,7,465,5,14496,9060154,4329166,187360,Salaried,Single,Graduate,Owned,Personal,1
CUST00460,53,2262244,4876184,3,830,0,135449,485996,2455719,188520,Business Owner,Single,Graduate,Rented,Home,0
CUST00461,28,156362,4011229,24,768,4,13927,2528196,1436597,13030,Business Owner,Divorced,Post-Graduate,Rented,Education,1
CUST00462,54,1812766,141936,16,709,5,739,9133815,707276,151063,Self-Employed,Single,Graduate,Rented,Car,0
CUST00463,40,852083,4581419,12,449,5,31815,6185088,5788167,71006,Unemployed,Single,Graduate,Owned,Home,1
CUST00464,22,614834,1066011,17,673,3,5225,6786375,5142113,51236,Self-Employed,Single,High School,Owned,Car,0
CUST00465,63,1454349,2059424,22,792,1,7800,2571996,1332901,121195,Salaried,Single,Post-Graduate,Rented,Car,0
CUST00466,29,229695,1671799,1,343,0,139316,6266464,4471047,19141,Self-Employed,Married,Post-Graduate,Owned,Medical,1
CUST00467,47,935120,2054882,13,406,5,13172,3761334,7082399,77926,Salaried,Married,Graduate,Mortgaged,Car,1
CUST00468,29,1447725,3815583,8,609,2,39745,7353623,6544705,120643,Salaried,Single,Graduate,Mortgaged,Medical,0
CUST00469,62,789306,3576782,3,515,2,99355,996336,3631796,65775,Salaried,Single,Graduate,Rented,Car,1
CUST00470,53,1544471,2990486,2,725,4,124603,2914855,458264,128705,Salaried,Single,Post-Graduate,Rented,Medical,0
CUST00471,56,1231088,3153263,13,540,4,20213,6481711,5078944,102590,Business Owner,Single,Graduate,Rented,Personal,0
CUST00472,40,2028607,3651257,16,897,4,19016,6078216,4129667,169050,Unemployed,Single,Graduate,Owned,Home,0
CUST00473,42,576579,961493,15,479,5,5341,8419665,7374328,48048,Unemployed,Married,Graduate,Rented,Home,1
CUST00474,49,284192,2008562,23,516,5,7277,8029126,4426644,23682,Salaried,Single,Doctorate,Mortgaged,Home,1
CUST00475,55,1394619,583061,14,302,1,3470,242923,5903516,116218,Self-Employed,Single,Graduate,Owned,Education,1
CUST00476,58,753702,3535649,18,448,1,16368,993915,4227504,62808,Self-Employed,Married,Graduate,Rented,Car,1
CUST00477,22,1810735,2216178,24,441,1,7695,3607450,4326783,150894,Salaried,Married,Graduate,Rented,Home,0
CUST00478,50,369222,3204526,20,757,3,13352,9592287,2539487,30768,Self-Employed,Married,Post-Graduate,Owned,Medical,1
CUST00479,26,1501943,2845900,27,502,3,8783,4823998,3221421,125161,Salaried,Widowed,Post-Graduate,Rented,Business,1
CUST00480,34,2476109,1404480,7,422,5,16720,8929679,2367440,206342,Unemployed,Single,Doctorate,Mortgaged,Business,0
CUST00481,57,368806,736602,23,488,5,2668,686531,3697080,30733,Salaried,Single,Graduate,Owned,Home,1
CUST00482,32,859275,4866058,21,637,4,19309,9633886,7612200,71606,Business Owner,Single,Graduate,Owned,Business,1
CUST00483,56,2134360,1501703,17,771,0,7361,704908,2733384,177863,Business Owner,Single,Graduate,Owned,Education,0
CUST00484,41,1403876,592341,1,887,4,49361,8102650,3706077,116989,Self-Employed,Widowed,Post-Graduate,Mortgaged,Car,0
CUST00485,32,561197,1564417,16,328,5,8148,8781444,7569470,46766,Salaried,Married,Post-Graduate,Rented,Home,1
CUST00486,36,650855,4516969,25,804,5,15056,3013679,1209736,54237,Salaried,Married,Graduate,Rented,Medical,1
CUST00487,44,1947308,1343426,19,533,2,5892,3078188,2022862,162275,Unemployed,Widowed,Graduate,Mortgaged,Car,0
CUST00488,54,2173103,4934610,1,784,4,411217,5857399,3945364,181091,Salaried,Married,Graduate,Mortgaged,Personal,0
CUST00489,48,997328,2330768,9,322,2,21581,7248449,3274770,83110,Salaried,Married,Post-Graduate,Owned,Personal,0
CUST00490,62,1263507,4315987,17,675,0,21156,1289607,2729113,105292,Unemployed,Divorced,Graduate,Mortgaged,Business,0
CUST00491,59,1989489,3282664,24,858,2,11398,2445495,6225791,165790,Self-Employed,Married,Graduate,Rented,Medical,0
CUST00492,54,565779,267472,13,323,1,1714,7566250,3991069,47148,Self-Employed,Single,High School,Owned,Medical,0
CUST00493,47,634741,2571479,25,774,5,8571,8094235,2914733,52895,Salaried,Married,Graduate,Owned,Education,0
CUST00494,34,1969915,2113812,24,368,1,7339,1621032,3831724,164159,Salaried,Divorced,High School,Rented,Personal,0
CUST00495,39,588655,1047209,8,889,0,10908,8907131,7092887,49054,Business Owner,Married,Post-Graduate,Mortgaged,Home,0
CUST00496,27,1961407,2772437,6,746,3,38506,8681556,7871614,163450,Salaried,Married,Post-Graduate,Rented,Medical,0
CUST00497,38,1318010,559548,27,846,3,1727,8692702,1944581,109834,Salaried,Divorced,Graduate,Rented,Medical,0
CUST00498,61,2476580,3506583,18,838,3,16234,2481513,321491,206381,Salaried,Married,Graduate,Owned,Car,0
CUST00499,40,227399,4118258,25,489,0,13727,6724664,250758,18949,Self-Employed,Married,Post-Graduate,Owned,Home,1
CUST00500,26,2372993,508103,27,549,2,1568,1688077,3563212,197749,Salaried,Single,Post-Graduate,Mortgaged,Medical,0
CUST00501,50,679448,2422558,13,714,5,15529,2044530,5030008,56620,Business Owner,Single,Graduate,Mortgaged,Medical,1
CUST00502,63,232439,3292867,2,404,0,137202,801953,410429,19369,Salaried,Single,Post-Graduate,Rented,Medical,1
CUST00503,59,1851428,357588,27,483,4,1103,4981571,4066027,154285,Salaried,Divorced,Post-Graduate,Owned,Home,0
CUST00504,33,1401441,1977170,17,359,0,9692,7142514,3197105,116786,Unemployed,Widowed,Post-Graduate,Owned,Business,0
CUST00505,41,2117851,1327701,4,832,1,27660,2067678,7464464,176487,Unemployed,Single,Graduate,Mortgaged,Education,0
CUST00506,44,404631,244322,16,448,5,1272,1943417,4828557,33719,Self-Employed,Single,Graduate,Owned,Car,1
CUST00507,32,339845,4029967,1,546,1,335830,2841920,3385058,28320,Unemployed,Single,High School,Owned,Personal,1
CUST00508,33,1483035,2251126,9,571,3,20843,2056911,4693176,123586,Salaried,Married,Post-Graduate,Rented,Business,0
CUST00509,32,2222882,3771045,11,525,2,28568,8345712,1084722,185240,Salaried,Married,Post-Graduate,Mortgaged,Medical,0
CUST00510,64,1103543,2956022,14,766,3,17595,1779996,3800183,91961,Salaried,Married,Doctorate,Owned,Car,0
CUST00511,54,2024165,4385292,17,848,2,21496,2857131,2637964,168680,Salaried,Single,High School,Mortgaged,Business,0
CUST00512,58,2279593,4985180,25,643,2,16617,3127371,1447878,189966,Self-Employed,Single,Graduate,Rented,Medical,0
CUST00513,57,2193758,3030334,11,802,4,22957,2106822,3145694,182813,Business Owner,Divorced,Post-Graduate,Rented,Business,0
CUST00514,63,1345371,1793237,22,366,3,6792,9417993,5111939,112114,Salaried,Married,Post-Graduate,Owned,Business,0
CUST00515,26,1791307,2143384,28,879,3,6379,2175128,4665054,149275,Salaried,Single,Post-Graduate,Mortgaged,Personal,0
CUST00516,59,1385315,4135758,22,369,4,15665,4917554,7711601,115442,Unemployed,Single,Graduate,Rented,Home,1
CUST00517,24,1734259,2161843,8,339,2,22519,5704797,2196003,144521,Self-Employed,Single,Doctorate,Mortgaged,Home,0
CUST00518,42,1482654,2622705,20,313,4,10927,2682691,5597359,123554,Salaried,Single,Doctorate,Rented,Personal,1
CUST00519,47,1383969,1010300,9,446,4,9354,4765331,4402506,115330,Salaried,Single,Doctorate,Mortgaged,Home,0
CUST00520,37,1176499,4950822,14,802,5,29469,1786868,6990614,98041,Salaried,Married,Graduate,Rented,Personal,1
CUST00521,28,1684049,3271454,19,480,2,14348,4879984,7264366,140337,Salaried,Single,Post-Graduate,Rented,Home,0
CUST00522,30,1915083,1684533,9,774,3,15597,287124,5660107,159590,Salaried,Married,High School,Owned,Medical,1
CUST00523,57,2309907,2946090,1,554,0,245507,4446325,3389842,192492,Salaried,Married,Graduate,Mortgaged,Car,0
CUST00524,35,1591087,2035637,25,362,0,6785,3713427,4267170,132590,Salaried,Single,High School,Rented,Home,0
CUST00525,35,386226,816578,22,583,0,3093,3570644,5212555,32185,Salaried,Married,Graduate,Rented,Education,0
CUST00526,61,1530574,4380003,4,439,3,91250,1189608,6447206,127547,Salaried,Divorced,Doctorate,Rented,Business,1
CUST00527,28,892046,4434031,11,474,1,33591,9987594,1831188,74337,Salaried,Single,Graduate,Mortgaged,Personal,0
CUST00528,61,213010,4182723,8,610,1,43570,367418,6983882,17750,Salaried,Married,Graduate,Rented,Business,1
CUST00529,61,320269,1873917,29,774,3,5384,1546388,6410616,26689,Business Owner,Single,Post-Graduate,Rented,Car,1
CUST00530,47,1539559,1319189,28,652,2,3926,1119499,705265,128296,Self-Employed,Single,Graduate,Rented,Medical,0
CUST00531,29,2370292,296206,21,433,0,1175,9779360,2157365,197524,Salaried,Single,Graduate,Rented,Car,0
CUST00532,28,1338092,3671114,13,730,3,23532,3253363,1886462,111507,Salaried,Married,Graduate,Rented,Education,0
CUST00533,34,1196373,1673010,2,717,3,69708,4366479,4638422,99697,Self-Employed,Married,Graduate,Mortgaged,Education,0
CUST00534,46,358352,4466490,8,442,0,46525,7533550,1669056,29862,Salaried,Married,Graduate,Mortgaged,Personal,1
CUST00535,28,1737059,4355790,3,811,1,120994,599576,2401979,144754,Self-Employed,Single,Post-Graduate,Rented,Medical,0
CUST00536,41,280357,684493,23,805,1,2480,763163,1513412,23363,Unemployed,Married,Graduate,Owned,Home,0
CUST00537,26,2126632,4588935,3,662,4,127470,1906932,539218,177219,Salaried,Single,Graduate,Rented,Medical,0
CUST00538,45,2068553,744426,20,477,1,3101,6818871,3674878,172379,Salaried,Single,Graduate,Mortgaged,Medical,0
CUST00539,22,2478850,2477472,28,512,0,7373,9787066,2557301,206570,Salaried,Married,Post-Graduate,Mortgaged,Education,0
CUST00540,52,818062,2395953,9,563,1,22184,6243371,4036139,68171,Self-Employed,Single,Graduate,Owned,Home,0
CUST00541,24,530188,4783882,20,412,2,19932,8734527,1696245,44182,Salaried,Married,Post-Graduate,Mortgaged,Education,1
CUST00542,30,853906,3303677,26,483,4,10588,8831703,2290961,71158,Self-Employed,Married,Graduate,Owned,Car,1
CUST00543,29,2028854,4382446,13,380,0,28092,2836051,7141390,169071,Salaried,Married,High School,Mortgaged,Medical,0
CUST00544,57,664232,2999216,14,392,5,17852,1921471,6440224,55352,Self-Employed,Married,Graduate,Mortgaged,Home,1
CUST00545,24,2235443,4134892,6,746,1,57429,1685457,2129296,186286,Self-Employed,Single,Graduate,Rented,Car,0
CUST00546,40,512338,4267992,13,377,2,27358,7963250,1294269,42694,Salaried,Single,High School,Mortgaged,Medical,1
CUST00547,47,264857,4305564,26,581,0,13799,6727311,7795385,22071,Unemployed,Married,Graduate,Rented,Business,1
CUST00548,44,665490,2087505,20,557,1,8697,8662165,5446959,55457,Business Owner,Single,Post-Graduate,Rented,Personal,0
CUST00549,51,1922112,1940283,6,327,2,26948,5120967,3938766,160176,Salaried,Single,Graduate,Mortgaged,Home,0
CUST00550,56,1565357,4924866,16,798,3,25650,9767192,5595093,130446,Unemployed,Single,Graduate,Owned,Medical,0
CUST00551,38,983604,3794521,21,890,4,15057,8951393,1768519,81967,Business Owner,Married,Graduate,Owned,Home,1
CUST00552,57,1691687,4590658,3,683,3,127518,8104638,3425056,140973,Salaried,Married,Graduate,Owned,Home,0
CUST00553,35,1674202,2907828,23,702,0,10535,8051225,3130753,139516,Self-Employed,Single,Post-Graduate,Rented,Medical,0
CUST00554,64,1453594,4648671,6,439,2,64564,1325305,5766971,121132,Self-Employed,Single,Doctorate,Rented,Education,1
CUST00555,43,1358013,3612435,9,806,4,33448,7473388,1467448,113167,Self-Employed,Single,Post-Graduate,Mortgaged,Home,0
CUST00556,53,388509,3725697,13,770,3,23882,9476577,3912726,32375,Unemployed,Single,Graduate,Mortgaged,Education,1
CUST00557,59,760394,930041,15,562,3,5166,2992352,6669466,63366,Salaried,Married,Post-Graduate,Mortgaged,Education,0
CUST00558,56,1390088,2856082,27,723,3,8815,8168421,1570626,115840,Salaried,Single,Post-Graduate,Rented,Personal,0
CUST00559,58,467770,3670399,7,873,3,43695,3565054,959754,38980,Salaried,Single,High School,Mortgaged,Business,1
CUST00560,45,1268220,3816949,8,661,5,39759,2202019,6569724,105685,Self-Employed,Divorced,Graduate,Owned,Home,1
CUST00561,23,424825,4790082,11,419,3,36288,7332448,6988222,35402,Salaried,Married,Graduate,Rented,Personal,1
CUST00562,43,1999999,1668377,25,498,3,5561,1735454,3444532,166666,Salaried,Single,Post-Graduate,Owned,Personal,1
CUST00563,29,392808,1548183,28,411,2,4607,4864508,367336,32734,Salaried,Married,Graduate,Owned,Business,0
CUST00564,60,367466,4848925,14,498,2,28862,9370500,4325540,30622,Self-Employed,Married,Graduate,Owned,Education,1
CUST00565,32,1648806,4931498,21,834,4,19569,1653113,2396863,137400,Salaried,Divorced,Graduate,Owned,Home,1
CUST00566,31,668250,940409,27,413,5,2902,1641416,4699422,55687,Salaried,Divorced,Graduate,Mortgaged,Business,1
CUST00567,32,975815,1922961,25,835,4,6409,9434821,1119093,81317,Salaried,Married,Post-Graduate,Rented,Home,0
CUST00568,49,888509,4743045,20,471,3,19762,7793323,6441226,74042,Salaried,Single,Graduate,Mortgaged,Education,1
CUST00569,46,659088,1038631,16,599,4,5409,4669970,5482124,54924,Salaried,Married,Graduate,Rented,Personal,1
CUST00570,62,1940187,3926664,29,617,0,11283,4112066,5161767,161682,Salaried,Single,Graduate,Rented,Home,0
CUST00571,39,1775929,605816,7,375,1,7212,9643560,4098573,147994,Self-Employed,Married,Doctorate,Rented,Car,0
CUST00572,34,711125,932642,11,410,1,7065,7265672,1761719,59260,Salaried,Divorced,High School,Mortgaged,Home,0
CUST00573,24,1764096,3935561,21,483,3,15617,9091373,7514716,147008,Salaried,Single,Graduate,Owned,Business,0
CUST00574,22,1826659,3056963,1,335,4,254746,1009328,2126221,152221,Self-Employed,Divorced,Graduate,Rented,Car,1
CUST00575,38,1417045,2796385,15,752,0,15535,5351784,2929446,118087,Salaried,Married,Graduate,Mortgaged,Personal,0
CUST00576,61,1509209,4290102,25,627,1,14300,7278077,7410127,125767,Salaried,Single,Post-Graduate,Mortgaged,Car,0
CUST00577,44,2347150,1570299,6,807,2,21809,454090,325992,195595,Salaried,Divorced,Doctorate,Mortgaged,Medical,0
CUST00578,60,1216616,2541319,24,817,5,8824,5167922,1000764,101384,Salaried,Married,Graduate,Owned,Medical,0
CUST00579,26,1055723,3061829,12,508,0,21262,650807,6093272,87976,Salaried,Married,Graduate,Rented,Home,1
CUST00580,26,1416652,3712348,25,790,5,12374,9013746,2943674,118054,Unemployed,Married,High School,Owned,Medical,1
CUST00581,57,2114277,1693900,19,336,1,7429,6841461,4636005,176189,Salaried,Single,Graduate,Rented,Personal,0
CUST00582,26,1817528,3186493,5,557,1,53108,1965144,4644279,151460,Self-Employed,Single,High School,Owned,Home,0
CUST00583,24,326577,2269370,22,699,3,8596,5262430,6619482,27214,Business Owner,Married,Graduate,Mortgaged,Car,1
CUST00584,39,1229302,2732692,2,579,4,113862,1182625,4962289,102441,Salaried,Divorced,High School,Mortgaged,Business,1
CUST00585,61,1888603,4320187,8,743,5,45001,8058186,3409108,157383,Self-Employed,Married,Post-Graduate,Rented,Education,1
CUST00586,51,676206,1998586,26,815,0,6405,2042580,4394037,56350,Salaried,Married,Post-Graduate,Mortgaged,Home,0
CUST00587,26,2472851,3357424,26,554,0,10760,6112039,5905449,206070,Self-Employed,Married,High School,Rented,Personal,0
CUST00588,57,2049054,4712859,2,464,2,196369,877896,3032896,170754,Unemployed,Single,Post-Graduate,Owned,Medical,1
CUST00589,58,2139505,3823889,12,649,3,26554,1663223,1368525,178292,Salaried,Married,Post-Graduate,Rented,Education,0
CUST00590,56,342053,4944179,3,821,1,137338,9803490,3890465,28504,Business Owner,Married,High School,Owned,Home,1
CUST00591,60,1512212,2938293,8,892,3,30607,3919918,7996212,126017,Salaried,Single,Post-Graduate,Rented,Home,0
CUST00592,32,1390300,1445659,29,789,1,4154,1316280,897257,115858,Self-Employed,Married,Graduate,Mortgaged,Education,0
CUST00593,64,1622900,4957420,6,446,5,68853,7028868,1389175,135241,Salaried,Married,Graduate,Rented,Education,1
CUST00594,35,2148115,3240653,19,423,1,14213,2088424,7960820,179009,Salaried,Widowed,Post-Graduate,Owned,Medical,0
CUST00595,56,980230,1244979,24,643,3,4322,5935187,6638405,81685,Salaried,Widowed,Graduate,Owned,Medical,0
CUST00596,46,1404850,1620087,26,541,3,5192,8115888,936252,117070,Unemployed,Married,High School,Rented,Car,1
CUST00597,55,1746790,1348341,11,666,0,10214,6865822,1699505,145565,Self-Employed,Married,Graduate,Owned,Medical,0
CUST00598,48,1919992,4176356,21,853,3,16572,2542868,5526585,159999,Business Owner,Married,Post-Graduate,Rented,Home,0
CUST00599,49,1960429,508166,15,629,0,2823,2445928,6260063,163369,Salaried,Divorced,Post-Graduate,Rented,Car,0
CUST00600,48,941800,3712534,4,513,3,77344,2300704,5871602,78483,Salaried,Married,Graduate,Mortgaged,Medical,1
CUST00601,55,2495836,2792396,7,821,3,33242,6356264,6890019,207986,Salaried,Divorced,Graduate,Mortgaged,Business,0
CUST00602,53,172611,413689,22,563,0,1567,6755866,4054057,14384,Salaried,Widowed,High School,Owned,Medical,0
CUST00603,27,1307287,3086128,20,663,1,12858,5257594,7013127,108940,Salaried,Single,Doctorate,Mortgaged,Education,0
CUST00604,57,1580604,3778099,16,381,1,19677,4047775,4768041,131717,Unemployed,Widowed,Graduate,Owned,Business,1
CUST00605,45,294064,3643509,23,604,5,13201,714747,3805747,24505,Business Owner,Married,Post-Graduate,Owned,Education,1
CUST00606,35,1210228,2666144,21,555,1,10579,8371243,5091488,100852,Salaried,Single,High School,Rented,Personal,0
CUST00607,44,1550266,1710457,10,373,5,14253,6635684,3430503,129188,Salaried,Single,High School,Rented,Medical,1
CUST00608,63,1577891,861027,9,426,3,7972,6418866,4851143,131490,Self-Employed,Married,Graduate,Mortgaged,Home,0
CUST00609,58,429706,110671,28,721,5,329,1126835,6670329,35808,Self-Employed,Single,Graduate,Mortgaged,Business,1
CUST00610,57,802145,1829789,29,408,4,5258,2953325,7665594,66845,Self-Employed,Single,Graduate,Mortgaged,Personal,1
CUST00611,41,725197,3179536,1,379,1,264961,3107525,4635913,60433,Salaried,Married,Post-Graduate,Owned,Car,1
CUST00612,55,1653817,236399,23,334,3,856,6019440,45856,137818,Salaried,Single,Graduate,Rented,Medical,0
CUST00613,38,922632,4993542,4,315,4,104032,7894543,4970214,76886,Salaried,Married,High School,Rented,Education,1
CUST00614,51,1492912,2950459,25,560,0,9834,8677970,2015181,124409,Unemployed,Married,Graduate,Owned,Home,0
CUST00615,49,1867920,1508019,18,593,3,6981,5268612,1888536,155660,Self-Employed,Single,Graduate,Mortgaged,Medical,0
CUST00616,32,2023600,4812427,20,674,2,20051,3708381,7049628,168633,Unemployed,Married,Post-Graduate,Mortgaged,Home,0
CUST00617,33,581949,960475,21,643,0,3811,4140248,3569256,48495,Salaried,Single,Post-Graduate,Mortgaged,Personal,0
CUST00618,24,2273297,4790111,18,622,5,22176,7391060,6323321,189441,Salaried,Divorced,Doctorate,Mortgaged,Medical,1
CUST00619,28,539519,1444746,8,899,1,15049,3249046,2955591,44959,Salaried,Married,Graduate,Owned,Home,0
CUST00620,40,201412,1929668,24,449,5,6700,4216746,4854707,16784,Business Owner,Married,Graduate,Mortgaged,Medical,1
CUST00621,42,255665,2155806,17,727,1,10567,7883932,5322572,21305,Salaried,Married,Graduate,Mortgaged,Education,1
CUST00622,29,622443,4974443,16,347,3,25908,5476426,7146057,51870,Self-Employed,Divorced,Graduate,Rented,Education,1
CUST00623,39,2202113,1292018,10,809,2,10766,4730409,1571866,183509,Salaried,Married,Graduate,Owned,Home,0
CUST00624,47,638524,4865713,1,517,5,405476,7363630,4489748,53210,Salaried,Married,High School,Rented,Medical,1
CUST00625,32,1779737,1767452,17,507,5,8663,2957421,3246015,148311,Salaried,Single,Graduate,Owned,Home,1
CUST00626,36,1133461,1461660,11,381,4,11073,699220,3710637,94455,Salaried,Married,Doctorate,Owned,Car,1
CUST00627,37,243874,3209123,20,605,5,13371,7905011,6789856,20322,Business Owner,Married,Post-Graduate,Mortgaged,Car,1
CUST00628,43,1193726,3484057,11,539,4,26394,4604000,1086584,99477,Unemployed,Married,High School,Mortgaged,Education,1
CUST00629,37,216486,1757888,29,884,1,5051,3322194,4371565,18040,Self-Employed,Single,Doctorate,Mortgaged,Business,0
CUST00630,53,1269009,713631,20,406,5,2973,1042613,3102661,105750,Salaried,Married,Post-Graduate,Owned,Medical,1
CUST00631,36,1462884,2010491,14,550,3,11967,9270509,7168351,121907,Self-Employed,Married,High School,Rented,Medical,0
CUST00632,40,1375206,2725080,21,840,2,10813,7277554,1731332,114600,Salaried,Married,Post-Graduate,Rented,Car,0
CUST00633,38,813955,248154,19,784,1,1088,2813350,1860219,67829,Business Owner,Married,Doctorate,Rented,Personal,0
CUST00634,29,1951439,439331,18,758,4,2033,6117282,726782,162619,Self-Employed,Married,Graduate,Rented,Education,0
CUST00635,51,1552306,4593815,17,615,1,22518,4696942,3519226,129358,Salaried,Married,Post-Graduate,Mortgaged,Education,0
CUST00636,32,748744,227525,28,823,3,677,3336603,86508,62395,Salaried,Married,Graduate,Mortgaged,Personal,0
CUST00637,34,1171319,2064085,10,434,0,17200,3184985,4003329,97609,Salaried,Married,Graduate,Mortgaged,Home,0
CUST00638,56,404989,3831272,13,785,3,24559,855186,1788657,33749,Salaried,Married,Post-Graduate,Owned,Education,1
CUST00639,62,2319784,1674310,8,648,3,17440,9750309,3204539,193315,Unemployed,Single,Graduate,Rented,Education,0
CUST00640,50,1919667,2499125,17,509,3,12250,9265444,4841440,159972,Self-Employed,Single,Graduate,Rented,Business,0
CUST00641,61,826351,478096,29,430,3,1373,8718266,5475948,68862,Salaried,Married,Graduate,Rented,Business,0
CUST00642,58,1736058,3982466,18,612,5,18437,3218536,489898,144671,Salaried,Married,Post-Graduate,Mortgaged,Business,1
CUST00643,42,1745991,3189206,6,301,5,44294,9969032,1189758,145499,Self-Employed,Single,Post-Graduate,Owned,Personal,1
CUST00644,55,1582740,4265688,27,728,2,13165,2826230,2542148,131895,Salaried,Married,High School,Owned,Personal,0
CUST00645,36,277027,4325933,23,441,5,15673,8262084,4155203,23085,Salaried,Single,Graduate,Mortgaged,Medical,1
CUST00646,41,2214532,1786484,13,533,5,11451,1099949,7068078,184544,Self-Employed,Married,High School,Rented,Medical,1
CUST00647,45,2396272,253708,5,415,0,4228,3173581,1110178,199689,Salaried,Single,Graduate,Rented,Medical,0
CUST00648,63,2439234,1764431,12,579,2,12252,5815796,542997,203269,Salaried,Married,Graduate,Mortgaged,Business,0
CUST00649,58,2454780,769098,24,522,4,2670,9681074,5033579,204565,Salaried,Married,Doctorate,Rented,Education,0
CUST00650,43,2332736,2689818,17,412,3,13185,2729969,7831083,194394,Salaried,Married,Graduate,Rented,Medical,1
CUST00651,50,1886825,774629,6,833,0,10758,4380619,6641985,157235,Unemployed,Widowed,Graduate,Owned,Personal,0
CUST00652,30,283660,4613411,5,755,2,76890,8444245,4523543,23638,Business Owner,Married,Post-Graduate,Rented,Medical,1
CUST00653,56,1243249,3031260,29,532,2,8710,4775581,159976,103604,Unemployed,Married,Graduate,Rented,Business,0
CUST00654,45,726098,1302516,13,334,4,8349,6859391,4609630,60508,Unemployed,Married,High School,Rented,Home,1
CUST00655,44,666984,4610090,20,807,3,19208,4241390,3655489,55582,Salaried,Married,High School,Rented,Business,1
CUST00656,54,2101950,3859953,11,718,0,29242,138757,3575612,175162,Salaried,Married,Graduate,Owned,Medical,1
CUST00657,49,2059413,2216953,3,633,0,61582,2902618,3941628,171617,Self-Employed,Single,Post-Graduate,Rented,Business,0
CUST00658,25,1376859,775210,12,662,1,5383,5700178,4492154,114738,Salaried,Widowed,Graduate,Rented,Car,0
CUST00659,34,1880432,1751841,21,304,0,6951,292717,5762033,156702,Unemployed,Single,Post-Graduate,Rented,Personal,1
CUST00660,29,454011,2940838,10,584,5,24506,2395163,1536989,37834,Salaried,Widowed,High School,Owned,Home,1
CUST00661,53,671591,3840911,18,413,1,17781,9535763,597759,55965,Salaried,Single,Graduate,Mortgaged,Home,1
CUST00662,23,2172119,1346539,13,690,3,8631,252134,411456,181009,Self-Employed,Married,Post-Graduate,Rented,Personal,0
CUST00663,30,1210355,3725716,10,858,0,31047,2549079,3248166,100862,Business Owner,Widowed,Post-Graduate,Rented,Business,0
CUST00664,47,1434579,1450041,8,618,2,15104,6231734,4063547,119548,Self-Employed,Married,Doctorate,Rented,Car,0
CUST00665,51,1237577,1271442,8,662,5,13244,5674414,6283849,103131,Self-Employed,Married,Graduate,Rented,Medical,1
CUST00666,43,625074,2262739,8,700,3,23570,2128652,3467724,52089,Salaried,Single,Graduate,Rented,Home,1
CUST00667,59,2092064,846090,21,857,1,3357,689952,4257156,174338,Self-Employed,Single,High School,Owned,Home,0
CUST00668,61,1932010,2053044,10,322,4,17108,9006394,7813773,161000,Self-Employed,Single,Graduate,Owned,Personal,1
CUST00669,27,1757035,1821159,22,486,3,6898,5553211,5998769,146419,Salaried,Married,Post-Graduate,Owned,Car,0
CUST00670,62,980003,1436206,10,461,1,11968,5776469,5527342,81666,Self-Employed,Married,Graduate,Owned,Home,0
CUST00671,48,1661443,3889236,10,729,5,32410,671502,2912078,138453,Salaried,Single,Graduate,Rented,Business,1
CUST00672,49,2390145,1692054,27,568,5,5222,2170932,1217594,199178,Salaried,Married,Graduate,Rented,Business,1
CUST00673,26,1677094,3490563,26,763,3,11187,821855,7360701,139757,Unemployed,Divorced,High School,Owned,Home,1
CUST00674,48,1311537,3615430,12,583,0,25107,9793361,4427933,109294,Salaried,Married,Post-Graduate,Rented,Business,0
CUST00675,53,785604,3345975,8,885,2,34853,7720496,618762,65467,Self-Employed,Married,Graduate,Owned,Home,0
CUST00676,46,1378597,1383180,21,760,3,5488,5509771,3858306,114883,Salaried,Widowed,Doctorate,Mortgaged,Medical,0
CUST00677,25,1023521,4155671,3,310,5,115435,6840561,729315,85293,Unemployed,Married,Graduate,Rented,Medical,1
CUST00678,44,1586484,1220930,14,893,4,7267,1738174,7850560,132207,Salaried,Single,Post-Graduate,Rented,Car,0
CUST00679,62,257306,1421795,18,871,1,6582,9883576,4227887,21442,Salaried,Married,High School,Owned,Home,0
CUST00680,53,596891,4381193,20,326,3,18254,5220697,6279752,49740,Business Owner,Divorced,High School,Rented,Personal,1
CUST00681,27,1999311,1731434,4,534,1,36071,5214452,3766590,166609,Self-Employed,Single,Graduate,Rented,Business,0
CUST00682,63,1044696,3500240,1,882,2,291686,9597555,157873,87058,Salaried,Single,High School,Mortgaged,Home,0
CUST00683,63,1167545,259580,9,802,3,2403,1049811,5107740,97295,Salaried,Widowed,Doctorate,Owned,Business,1
CUST00684,29,1428161,3090904,4,580,3,64393,4299681,5224889,119013,Salaried,Married,Post-Graduate,Rented,Personal,1
CUST00685,56,1179860,4350291,15,626,2,24168,973963,1832449,98321,Unemployed,Married,Graduate,Mortgaged,Business,1
CUST00686,39,1932800,3558084,27,317,2,10981,4310920,5731621,161066,Self-Employed,Married,Graduate,Rented,Car,1
CUST00687,47,726587,2933027,9,638,4,27157,2745146,1808226,60548,Unemployed,Married,Graduate,Rented,Personal,1
CUST00688,41,1932320,4252695,14,699,3,25313,4665154,5532585,161026,Unemployed,Single,Graduate,Mortgaged,Education,0
CUST00689,55,642154,1525705,7,515,0,18163,7049727,5992876,53512,Salaried,Married,High School,Rented,Personal,0
CUST00690,64,1020900,1915064,2,484,4,79794,2873025,1099580,85075,Self-Employed,Single,Graduate,Owned,Car,0
CUST00691,56,1531381,393611,21,797,3,1561,606905,2334121,127615,Self-Employed,Single,High School,Mortgaged,Education,0
CUST00692,62,2232049,3506947,8,569,4,36530,1701657,1306423,186004,Business Owner,Widowed,Post-Graduate,Owned,Business,1
CUST00693,62,696499,3630877,16,458,4,18910,7186228,5818333,58041,Self-Employed,Single,Graduate,Mortgaged,Business,1
CUST00694,25,1530361,3769322,20,524,1,15705,5831384,1884442,127530,Salaried,Single,Post-Graduate,Owned,Car,0
CUST00695,32,300890,3756250,25,595,5,12520,9788637,5125655,25074,Unemployed,Single,Post-Graduate,Owned,Home,1
CUST00696,53,327252,680548,6,455,5,9452,8952581,3340628,27271,Self-Employed,Married,Graduate,Rented,Education,1
CUST00697,47,1953642,3347584,17,636,0,16409,1695065,666617,162803,Business Owner,Widowed,High School,Mortgaged,Car,0
CUST00698,24,1839553,3828481,27,816,1,11816,7383724,7061602,153296,Salaried,Single,Graduate,Owned,Car,0
CUST00699,26,1034703,1058715,15,745,1,5881,994009,5689037,86225,Salaried,Married,Post-Graduate,Owned,Car,0
CUST00700,44,1613996,2408579,2,438,5,100357,1052255,2093114,134499,Self-Employed,Married,Graduate,Owned,Personal,1
CUST00701,48,1043553,4570419,8,582,5,47608,7952193,7036122,86962,Self-Employed,Married,High School,Owned,Home,1
CUST00702,29,801526,2103309,24,626,1,7303,4068404,5670700,66793,Salaried,Single,High School,Owned,Business,0
CUST00703,29,1163597,3778132,23,708,3,13688,9976982,6533170,96966,Salaried,Single,Post-Graduate,Mortgaged,Home,0
CUST00704,27,882867,2675213,10,753,1,22293,152429,1424976,73572,Self-Employed,Married,Post-Graduate,Rented,Home,1
CUST00705,46,2065355,3305893,6,591,0,45915,5075871,70894,172112,Unemployed,Single,High School,Rented,Personal,0
CUST00706,22,1117424,3151204,9,489,1,29177,3148609,494424,93118,Salaried,Married,Post-Graduate,Owned,Home,0
CUST00707,46,903966,3272172,8,695,0,34085,9855599,4317711,75330,Salaried,Single,Graduate,Owned,Personal,0
CUST00708,42,1409960,3907907,22,375,5,14802,6726828,6293378,117496,Salaried,Married,High School,Rented,Home,1
CUST00709,42,1931385,4526570,25,704,4,15088,7741632,7306697,160948,Salaried,Married,Graduate,Rented,Business,0
CUST00710,51,793114,1513547,2,837,1,63064,2973319,7687765,66092,Salaried,Married,Post-Graduate,Mortgaged,Personal,0
CUST00711,44,2357930,4645120,22,725,3,17595,8955274,4789805,196494,Salaried,Married,Post-Graduate,Owned,Car,0
CUST00712,53,1239305,3157917,22,560,1,11961,8421527,5050053,103275,Self-Employed,Single,Graduate,Rented,Personal,0
CUST00713,54,1703040,2998405,18,793,3,13881,7861965,2322608,141920,Salaried,Single,Graduate,Rented,Personal,0
CUST00714,61,2399519,1672261,26,619,5,5359,4826103,9264,199959,Salaried,Married,Graduate,Rented,Medical,0
CUST00715,56,1164450,2112513,2,624,5,88021,9227357,1556357,97037,Unemployed,Married,Graduate,Mortgaged,Medical,1
CUST00716,44,619575,3275545,21,811,4,12998,6724764,444493,51631,Salaried,Married,Graduate,Rented,Business,1
CUST00717,43,1907305,1850483,4,415,1,38551,750524,5479580,158942,Self-Employed,Married,Graduate,Owned,Business,1
CUST00718,32,165558,1472058,27,767,1,4543,8850265,4024868,13796,Salaried,Married,Graduate,Mortgaged,Home,1
CUST00719,47,1226058,4104440,15,707,0,22802,307275,6170031,102171,Business Owner,Single,High School,Rented,Medical,1
CUST00720,27,2452978,2106372,3,617,0,58510,6859822,1184663,204414,Business Owner,Single,Graduate,Owned,Business,0
CUST00721,62,1123904,3240796,22,346,3,12275,2574213,7300678,93658,Salaried,Single,High School,Rented,Car,1
CUST00722,58,1757619,204386,22,759,3,774,8983529,5756315,146468,Self-Employed,Divorced,Graduate,Rented,Medical,0
CUST00723,27,1384415,432466,14,431,5,2574,7324824,7245732,115367,Self-Employed,Married,Graduate,Owned,Personal,1
CUST00724,55,654496,4248453,10,837,0,35403,8099847,5187583,54541,Salaried,Married,Post-Graduate,Rented,Personal,0
CUST00725,27,896647,753820,1,775,1,62818,7028277,2714241,74720,Self-Employed,Married,High School,Mortgaged,Medical,0
CUST00726,53,1380300,3989220,27,518,4,12312,5713936,5009396,115025,Salaried,Single,Graduate,Rented,Education,1
CUST00727,25,394988,4505920,6,561,4,62582,8651123,4831015,32915,Salaried,Single,High School,Rented,Business,1
CUST00728,42,1124994,2432910,25,315,2,8109,3042607,1447393,93749,Unemployed,Single,High School,Rented,Medical,1
CUST00729,50,1124902,4428265,18,598,0,20501,5330890,812153,93741,Salaried,Single,Post-Graduate,Rented,Education,0
CUST00730,53,2112041,2164773,20,334,2,9019,3051609,5202158,176003,Salaried,Married,High School,Rented,Personal,1
CUST00731,40,441063,4761570,21,892,1,18895,1225400,755700,36755,Salaried,Single,High School,Owned,Business,1
CUST00732,61,2130328,1223721,25,684,3,4079,8765777,802711,177527,Unemployed,Married,Graduate,Rented,Education,0
CUST00733,55,1114537,2167862,1,441,5,180655,5020462,571748,92878,Salaried,Married,Graduate,Rented,Business,1
CUST00734,30,1680674,1975123,29,782,1,5675,633453,4977271,140056,Salaried,Divorced,Post-Graduate,Rented,Home,1
CUST00735,50,1458794,3931101,2,311,0,163795,8269269,7417153,121566,Self-Employed,Single,Doctorate,Rented,Medical,0
CUST00736,53,854490,266405,29,629,4,765,9420224,3976139,71207,Self-Employed,Married,Graduate,Rented,Personal,0
CUST00737,36,2337171,4149713,8,366,0,43226,6650808,1219459,194764,Salaried,Single,Graduate,Rented,Medical,0
CUST00738,53,677491,165984,25,332,5,553,3337892,4101315,56457,Unemployed,Single,Graduate,Rented,Personal,1
CUST00739,60,235122,1612699,3,446,4,44797,8608420,3858609,19593,Salaried,Married,Graduate,Mortgaged,Education,1
CUST00740,57,1912791,3000537,14,476,2,17860,7414823,4746887,159399,Self-Employed,Married,Graduate,Mortgaged,Home,0
CUST00741,54,1610427,769421,16,735,2,4007,2919623,3464578,134202,Self-Employed,Married,High School,Mortgaged,Car,0
CUST00742,49,2242764,2476078,28,834,2,7369,3367294,4256896,186897,Salaried,Married,High School,Mortgaged,Business,0
CUST00743,33,1225677,4985280,4,765,2,103860,9879139,2598168,102139,Business Owner,Single,High School,Mortgaged,Education,0
CUST00744,56,189576,4124883,2,743,5,171870,9537683,7249319,15798,Self-Employed,Divorced,Graduate,Owned,Home,1
CUST00745,37,197613,199585,19,639,4,875,6796906,4301845,16467,Salaried,Single,Graduate,Rented,Home,0
CUST00746,44,1168157,2979223,2,522,1,124134,461092,2486250,97346,Salaried,Widowed,Post-Graduate,Rented,Car,0
CUST00747,35,736438,3006812,23,453,1,10894,2373215,22327,61369,Salaried,Married,Graduate,Rented,Medical,1
CUST00748,35,2317123,387713,2,867,3,16154,3597856,5429687,193093,Business Owner,Single,Post-Graduate,Mortgaged,Education,0
CUST00749,28,428440,3268550,29,613,3,9392,5405725,3041194,35703,Salaried,Married,Graduate,Rented,Education,1
CUST00750,63,2219911,2628951,16,638,4,13692,8687864,1992086,184992,Business Owner,Single,High School,Owned,Medical,0
CUST00751,28,659466,3424857,28,308,1,10193,8497640,3834752,54955,Salaried,Married,Graduate,Owned,Personal,1
CUST00752,25,430594,1522635,4,574,2,31721,2813159,3880957,35882,Unemployed,Single,Graduate,Owned,Home,1
CUST00753,62,795240,1315357,8,709,0,13701,1176697,6426435,66270,Business Owner,Married,Post-Graduate,Rented,Education,0
CUST00754,45,488731,3692995,14,597,2,21982,2828632,4340599,40727,Salaried,Single,Doctorate,Owned,Medical,1
CUST00755,40,1093069,3621817,1,668,4,301818,2429608,5607707,91089,Salaried,Widowed,High School,Owned,Medical,1
CUST00756,53,926579,850505,3,785,1,23625,8997642,5176707,77214,Business Owner,Single,High School,Rented,Education,0
CUST00757,38,1393242,1121177,10,313,1,9343,241051,6798094,116103,Salaried,Married,Graduate,Rented,Car,1
CUST00758,27,1412107,2952482,22,842,2,11183,8322764,49677,117675,Salaried,Married,Post-Graduate,Rented,Car,0
CUST00759,53,152326,4153739,21,790,5,16483,6602528,3010385,12693,Business Owner,Single,High School,Owned,Home,1
CUST00760,29,443449,1048892,3,551,3,29135,1147134,5723221,36954,Business Owner,Single,Post-Graduate,Mortgaged,Home,1
CUST00761,45,530392,1134627,2,758,5,47276,6882211,1127244,44199,Self-Employed,Married,Graduate,Owned,Business,1
CUST00762,62,607601,4048502,20,339,0,16868,5843781,3534932,50633,Business Owner,Married,Graduate,Rented,Education,0
CUST00763,62,369881,3498694,11,484,5,26505,137036,3208451,30823,Self-Employed,Married,High School,Mortgaged,Car,1
CUST00764,37,889392,4516314,23,364,0,16363,2311612,6445117,74116,Self-Employed,Single,Post-Graduate,Mortgaged,Education,1
CUST00765,55,1441732,3927896,9,681,1,36369,3545450,7704477,120144,Salaried,Divorced,Post-Graduate,Rented,Personal,0
CUST00766,48,875896,4768725,11,813,2,36126,2229868,850660,72991,Self-Employed,Divorced,High School,Owned,Home,1
CUST00767,42,923325,985281,7,660,1,11729,5830252,1714620,76943,Self-Employed,Married,Graduate,Mortgaged,Business,0
CUST00768,28,1253454,1396092,8,726,5,14542,6192499,6193687,104454,Self-Employed,Single,Graduate,Rented,Education,0
CUST00769,38,1438734,1228033,21,385,5,4873,1779994,1398042,119894,Unemployed,Single,Graduate,Mortgaged,Personal,1
CUST00770,50,927772,324401,14,860,3,1930,1326275,3975608,77314,Salaried,Widowed,Post-Graduate,Rented,Personal,0
CUST00771,64,671284,3906563,20,415,2,16277,6587801,7554698,55940,Self-Employed,Married,Graduate,Mortgaged,Business,1
CUST00772,22,1112045,3325683,3,615,4,92380,4750812,7802390,92670,Salaried,Married,Post-Graduate,Mortgaged,Business,1
CUST00773,52,206938,475694,16,709,4,2477,2724218,7599384,17244,Salaried,Divorced,High School,Rented,Home,1
CUST00774,58,1307542,1030759,14,813,2,6135,2632635,1075206,108961,Salaried,Single,Post-Graduate,Mortgaged,Medical,0
CUST00775,62,2362212,994266,27,860,4,3068,488151,1193894,196851,Unemployed,Married,Post-Graduate,Rented,Home,0
CUST00776,40,1085145,2044504,13,659,1,13105,8553832,1408127,90428,Salaried,Married,Graduate,Owned,Home,0
CUST00777,27,404524,2304877,3,645,1,64024,8433343,6155622,33710,Self-Employed,Married,Doctorate,Rented,Personal,1
CUST00778,33,1811638,1480511,21,550,0,5875,5589492,1432219,150969,Self-Employed,Married,Graduate,Rented,Education,0
CUST00779,58,448118,4654400,5,640,0,77573,3559256,3437940,37343,Business Owner,Married,Post-Graduate,Rented,Education,1
CUST00780,59,605053,1103200,27,704,1,3404,2229577,6546899,50421,Self-Employed,Single,High School,Owned,Home,0
CUST00781,49,494385,2831295,12,688,3,19661,3143730,3937725,41198,Salaried,Divorced,Graduate,Rented,Personal,1
CUST00782,27,2226614,2218004,23,655,5,8036,9272009,7524770,185551,Salaried,Married,Graduate,Owned,Personal,0
CUST00783,27,2455999,1969005,20,564,3,8204,979796,3989505,204666,Self-Employed,Married,Post-Graduate,Mortgaged,Home,0
CUST00784,42,1488651,4137660,14,417,2,24628,8246675,3038012,124054,Salaried,Widowed,Doctorate,Mortgaged,Education,0
CUST00785,47,1601501,4892932,17,332,1,23984,3114523,7746972,133458,Salaried,Single,Graduate,Owned,Home,1
CUST00786,23,1666826,79084,6,552,0,1098,2726393,4376403,138902,Salaried,Married,Post-Graduate,Mortgaged,Business,0
CUST00787,51,1584181,2345370,3,537,3,65149,8116738,1477288,132015,Salaried,Widowed,Post-Graduate,Owned,Medical,0
CUST00788,45,1428640,639821,23,664,0,2318,9614403,5075653,119053,Unemployed,Married,Post-Graduate,Rented,Education,0
CUST00789,22,2468740,2196988,28,840,4,6538,9916265,6184509,205728,Unemployed,Divorced,High School,Mortgaged,Home,0
CUST00790,26,1872860,3104315,25,720,2,10347,2750615,6707827,156071,Self-Employed,Divorced,Graduate,Owned,Business,0
CUST00791,41,357831,2087639,9,782,2,19329,5951896,45392,29819,Salaried,Married,Graduate,Owned,Education,0
CUST00792,53,1071063,1580024,11,646,0,11969,2997166,867074,89255,Unemployed,Single,Post-Graduate,Mortgaged,Personal,0
CUST00793,57,2440077,1595291,11,856,1,12085,2015466,5028880,203339,Self-Employed,Married,Graduate,Owned,Medical,0
CUST00794,40,1098602,1534342,21,863,0,6088,3921037,5935289,91550,Unemployed,Married,Post-Graduate,Rented,Education,0
CUST00795,34,629430,1662189,19,391,4,7290,718132,5221423,52452,Salaried,Married,Doctorate,Rented,Business,1
CUST00796,63,2190951,1901232,24,683,2,6601,1731571,3062644,182579,Salaried,Married,Graduate,Owned,Car,0
CUST00797,41,1614218,3454793,28,603,4,10282,5995826,6029649,134518,Self-Employed,Single,Post-Graduate,Owned,Education,1
CUST00798,35,1472041,525220,12,883,3,3647,6901459,4633564,122670,Business Owner,Single,Graduate,Mortgaged,Car,0
CUST00799,41,1137196,252136,20,650,5,1050,2777655,7407698,94766,Salaried,Married,Graduate,Rented,Education,1
CUST00800,22,442275,2607884,15,309,4,14488,5617639,2941400,36856,Salaried,Married,Graduate,Rented,Medical,1
CUST00801,34,1052286,3424992,28,425,0,10193,7668687,6030680,87690,Self-Employed,Married,Doctorate,Rented,Education,0
CUST00802,44,1178071,1330650,11,377,0,10080,8955178,1150219,98172,Unemployed,Single,Post-Graduate,Rented,Business,0
CUST00803,61,2338421,1045962,6,420,5,14527,5727961,5857151,194868,Self-Employed,Married,Post-Graduate,Rented,Business,1
CUST00804,53,872086,3142563,11,357,1,23807,2484664,5853232,72673,Unemployed,Married,Graduate,Mortgaged,Car,1
CUST00805,55,500685,1951829,18,769,4,9036,7155196,2030300,41723,Self-Employed,Single,Graduate,Mortgaged,Medical,0
CUST00806,45,1154690,3693534,28,596,3,10992,1785285,493245,96224,Business Owner,Married,Post-Graduate,Rented,Education,0
CUST00807,26,2493112,775367,25,703,4,2584,1477546,7942717,207759,Salaried,Married,Doctorate,Rented,Education,1
CUST00808,38,1283177,649507,1,899,1,54125,3650371,612072,106931,Salaried,Married,Doctorate,Mortgaged,Car,0
CUST00809,64,1040943,2786117,15,688,1,15478,3355674,3747270,86745,Self-Employed,Married,Post-Graduate,Rented,Home,0
CUST00810,23,1717178,1992817,5,587,3,33213,1546475,8948,143098,Self-Employed,Divorced,Post-Graduate,Rented,Education,1
CUST00811,59,1674621,3660284,11,460,0,27729,618419,3339600,139551,Salaried,Single,High School,Rented,Medical,0
CUST00812,51,853321,2555329,28,752,1,7605,9466895,6567681,71110,Salaried,Single,Post-Graduate,Owned,Business,0
CUST00813,34,2424580,1805545,29,604,3,5188,6805617,4015020,202048,Self-Employed,Single,Graduate,Mortgaged,Education,0
CUST00814,55,1543421,840404,5,754,1,14006,7202722,1917933,128618,Business Owner,Married,Post-Graduate,Rented,Home,0
CUST00815,57,285362,858912,5,313,1,14315,756200,3152451,23780,Salaried,Divorced,High School,Rented,Education,1
CUST00816,23,1107786,3791445,21,397,5,15045,7982297,738763,92315,Unemployed,Married,Doctorate,Rented,Car,1
CUST00817,26,2318731,1171202,12,377,1,8133,3708158,4749100,193227,Salaried,Widowed,Graduate,Mortgaged,Business,0
CUST00818,50,1074390,2537112,13,708,5,16263,7505631,32833,89532,Salaried,Married,High School,Rented,Medical,0
CUST00819,64,1484356,4099658,26,610,5,13139,4954946,2796996,123696,Salaried,Single,Graduate,Mortgaged,Business,1
CUST00820,23,1589675,4494283,27,490,4,13871,2503909,485596,132472,Salaried,Single,Post-Graduate,Mortgaged,Car,0
CUST00821,50,1805332,1374861,27,485,0,4243,2696042,1919558,150444,Salaried,Married,Post-Graduate,Mortgaged,Education,0
CUST00822,27,2199943,592613,23,664,1,2147,1492500,539464,183328,Self-Employed,Married,Post-Graduate,Rented,Home,0
CUST00823,49,500582,3884777,29,879,5,11163,8313875,7423959,41715,Self-Employed,Married,Graduate,Mortgaged,Home,1
CUST00824,48,1364352,3452019,21,897,0,13698,4351392,6176229,113696,Salaried,Married,High School,Rented,Education,0
CUST00825,25,1403460,1689437,26,582,3,5414,7822387,7422627,116955,Business Owner,Married,Post-Graduate,Mortgaged,Education,0
CUST00826,51,508129,2988157,16,702,3,15563,8307289,5464628,42344,Unemployed,Single,Doctorate,Owned,Medical,1
CUST00827,60,1732757,984226,2,350,5,41009,1753246,3969963,144396,Salaried,Married,Post-Graduate,Rented,Car,1
CUST00828,59,427659,3518376,24,867,5,12216,3372101,1392379,35638,Salaried,Married,High School,Rented,Business,1
CUST00829,23,1222181,3650177,27,310,1,11265,1329059,7697178,101848,Salaried,Married,Post-Graduate,Mortgaged,Medical,1
CUST00830,32,926084,1531876,10,505,3,12765,194673,7340159,77173,Self-Employed,Single,Graduate,Owned,Business,1
CUST00831,32,514215,2369297,13,735,3,15187,9866488,3325737,42851,Salaried,Divorced,Doctorate,Owned,Car,1
CUST00832,41,2082452,1703637,17,881,5,8351,6634600,1804897,173537,Self-Employed,Single,High School,Mortgaged,Personal,0
CUST00833,28,723679,204822,19,402,3,898,4571540,3099030,60306,Self-Employed,Single,High School,Rented,Personal,0
CUST00834,58,749813,680185,20,696,0,2834,2080624,3152938,62484,Self-Employed,Married,High School,Rented,Medical,0
CUST00835,55,2157823,4801714,12,412,5,33345,5950335,7335249,179818,Salaried,Widowed,Post-Graduate,Owned,Business,1
CUST00836,56,2211812,2307367,25,330,3,7691,5474068,534918,184317,Salaried,Divorced,Post-Graduate,Mortgaged,Personal,0
CUST00837,30,231006,781379,24,554,1,2713,2306485,5063336,19250,Salaried,Single,Post-Graduate,Rented,Business,0
CUST00838,22,803009,269135,28,645,1,800,247312,6148327,66917,Business Owner,Single,Graduate,Rented,Education,1
CUST00839,61,1815825,1799364,17,458,1,8820,4743061,6100138,151318,Self-Employed,Married,Post-Graduate,Mortgaged,Car,0
CUST00840,34,1978626,4914959,3,883,4,136526,5137613,1545632,164885,Self-Employed,Married,Graduate,Mortgaged,Car,0
CUST00841,50,2498566,1954733,25,669,5,6515,8002644,3301950,208213,Self-Employed,Married,High School,Rented,Education,0
CUST00842,61,1453446,4997327,3,562,2,138814,3996724,2736401,121120,Salaried,Single,Post-Graduate,Owned,Car,0
CUST00843,23,167585,3831586,6,591,0,53216,1061048,3256013,13965,Salaried,Married,Graduate,Rented,Car,1
CUST00844,22,2203033,3937947,9,578,5,36462,8816078,696617,183586,Salaried,Single,Graduate,Rented,Education,0
CUST00845,22,528457,189406,6,366,3,2630,4194758,666429,44038,Salaried,Single,Graduate,Owned,Car,0
CUST00846,28,433871,80146,21,663,3,318,7245956,193232,36155,Salaried,Married,Post-Graduate,Mortgaged,Business,0
CUST00847,24,1734239,4616245,13,770,0,29591,527271,7733951,144519,Salaried,Single,High School,Rented,Car,1
CUST00848,57,1568969,4665736,7,552,5,55544,456678,3334351,130747,Self-Employed,Married,Graduate,Rented,Personal,1
CUST00849,48,290978,706502,1,555,0,58875,330689,1823671,24248,Salaried,Married,Graduate,Rented,Medical,0
CUST00850,64,547813,3247647,7,846,3,38662,7916271,6381478,45651,Salaried,Married,Post-Graduate,Mortgaged,Business,0
CUST00851,56,1536006,4622486,21,666,3,18343,2483870,3954136,128000,Salaried,Married,Graduate,Owned,Medical,0
CUST00852,63,750070,4755711,24,478,3,16512,7933151,2916340,62505,Salaried,Divorced,Graduate,Rented,Car,1
CUST00853,32,1757400,1517057,9,302,3,14046,9454113,916882,146450,Salaried,Married,Graduate,Rented,Personal,0
CUST00854,34,1117643,4096078,3,793,2,113779,6667754,3088257,93136,Salaried,Divorced,Graduate,Mortgaged,Home,0
CUST00855,58,1532143,3249346,17,675,3,15928,9859191,5175628,127678,Salaried,Married,Graduate,Rented,Car,0
CUST00856,32,1266147,4642799,23,675,2,16821,9300037,4987478,105512,Unemployed,Married,Post-Graduate,Rented,Business,0
CUST00857,24,1008184,776262,3,469,2,21562,7254592,3127003,84015,Salaried,Widowed,Graduate,Mortgaged,Home,0
CUST00858,50,954655,3024952,24,411,4,10503,8052209,4904370,79554,Salaried,Single,Graduate,Rented,Car,1
CUST00859,56,1788613,171225,5,596,4,2853,6074319,6141294,149051,Salaried,Single,Graduate,Owned,Home,1
CUST00860,63,1358805,1818679,8,754,0,18944,2267096,7442347,113233,Salaried,Divorced,Graduate,Owned,Personal,0
CUST00861,61,1546591,106470,19,478,5,466,1118133,4227029,128882,Self-Employed,Married,Post-Graduate,Rented,Medical,1
CUST00862,27,1506676,2242424,2,616,0,93434,3877304,1822270,125556,Salaried,Single,Post-Graduate,Rented,Home,0
CUST00863,55,637947,4064877,9,897,1,37637,4804048,1035834,53162,Business Owner,Widowed,Post-Graduate,Owned,Home,0
CUST00864,58,2296089,3307259,5,431,2,55120,3564239,1261602,191340,Unemployed,Single,Graduate,Rented,Business,0
CUST00865,52,1473368,1618521,7,438,1,19268,1109900,85924,122780,Self-Employed,Married,Graduate,Mortgaged,Car,0
CUST00866,57,1837451,2163312,23,441,2,7838,5098587,4464816,153120,Salaried,Married,Graduate,Rented,Home,0
CUST00867,58,2222481,1868849,7,847,1,22248,5036232,1699589,185206,Salaried,Married,Graduate,Rented,Home,0
CUST00868,41,2323062,3671780,2,617,2,152990,9541764,1808723,193588,Salaried,Married,Post-Graduate,Owned,Business,0
CUST00869,23,1717058,1367735,7,850,4,16282,9547668,5794771,143088,Self-Employed,Single,High School,Rented,Business,0
CUST00870,41,1999721,504647,3,868,4,14017,6194423,2557441,166643,Salaried,Married,Graduate,Mortgaged,Home,0
CUST00871,30,1258710,2558309,19,552,2,11220,8519496,6628113,104892,Self-Employed,Married,Post-Graduate,Rented,Car,0
CUST00872,26,1883812,4158433,29,332,1,11949,3198096,1096305,156984,Salaried,Single,Graduate,Owned,Car,0
CUST00873,27,905722,2411829,5,482,4,40197,9696494,2730680,75476,Salaried,Single,Post-Graduate,Rented,Education,1
CUST00874,51,1822687,1060733,22,626,0,4017,9421025,412643,151890,Salaried,Married,High School,Owned,Medical,0
CUST00875,43,351832,278004,11,528,2,2106,1340488,4287400,29319,Salaried,Single,Post-Graduate,Rented,Medical,0
CUST00876,45,2298554,4722540,3,301,1,131181,7032687,998776,191546,Self-Employed,Married,Post-Graduate,Owned,Education,0
CUST00877,54,724873,3815588,20,893,3,15898,4631873,1920106,60406,Self-Employed,Divorced,Post-Graduate,Mortgaged,Medical,0
CUST00878,45,1692924,819951,7,481,0,9761,2734197,5883842,141077,Salaried,Single,Graduate,Rented,Car,0
CUST00879,49,176288,415951,15,671,4,2310,4178649,7043545,14690,Salaried,Divorced,Graduate,Rented,Business,1
CUST00880,25,515931,689362,15,868,1,3829,9074476,4363492,42994,Business Owner,Married,High School,Rented,Personal,0
CUST00881,58,2468570,1913832,18,626,3,8860,9250264,7721657,205714,Salaried,Married,Post-Graduate,Mortgaged,Business,0
CUST00882,41,2108407,4068786,4,716,3,84766,3507707,6053370,175700,Self-Employed,Widowed,High School,Owned,Car,0
CUST00883,28,672833,841373,8,321,2,8764,4671851,6023520,56069,Salaried,Single,Graduate,Owned,Business,0
CUST00884,56,457489,4102574,22,718,2,15540,5210491,7924835,38124,Self-Employed,Divorced,Graduate,Mortgaged,Car,1
CUST00885,53,2064958,59352,28,808,1,176,7361979,711093,172079,Self-Employed,Single,Post-Graduate,Mortgaged,Medical,0
CUST00886,24,2476896,3706859,1,850,4,308904,4844306,1857573,206408,Salaried,Married,Graduate,Owned,Home,0
CUST00887,30,546315,1447954,13,350,3,9281,4019690,3496948,45526,Salaried,Married,Graduate,Owned,Car,1
CUST00888,22,1710267,4804625,26,437,1,15399,9243945,4946677,142522,Salaried,Single,Post-Graduate,Rented,Personal,0
CUST00889,33,816462,2405435,9,328,1,22272,3789949,7924045,68038,Salaried,Married,Post-Graduate,Owned,Personal,1
CUST00890,26,1899309,1389171,13,850,2,8904,2730067,792116,158275,Self-Employed,Married,Post-Graduate,Rented,Home,0
CUST00891,52,1132951,1252480,27,464,5,3865,3336938,1835078,94412,Salaried,Married,Graduate,Rented,Home,1
CUST00892,44,444581,4141911,29,618,5,11902,3399736,2385443,37048,Salaried,Married,High School,Rented,Business,1
CUST00893,64,912353,2044841,20,585,2,8520,5595597,5363773,76029,Business Owner,Single,High School,Rented,Car,1
CUST00894,54,1415764,1792600,21,713,2,7113,6635585,7613509,117980,Business Owner,Single,Graduate,Mortgaged,Medical,0
CUST00895,48,2026124,3691557,18,837,0,17090,1429951,7508507,168843,Salaried,Single,Graduate,Mortgaged,Car,0
CUST00896,43,199413,2710123,9,494,3,25093,8877495,5981111,16617,Self-Employed,Widowed,Graduate,Rented,Car,1
CUST00897,24,2400579,3335986,26,774,1,10692,2608904,6185627,200048,Salaried,Married,Graduate,Rented,Home,0
CUST00898,25,1676563,2255720,1,474,4,187976,1237352,3324376,139713,Self-Employed,Married,Graduate,Mortgaged,Personal,1
CUST00899,48,2206942,366808,2,418,3,15283,6716417,4870881,183911,Salaried,Married,Post-Graduate,Rented,Personal,0
CUST00900,22,2335626,78957,18,363,1,365,2177846,1367399,194635,Self-Employed,Married,High School,Owned,Personal,0
CUST00901,23,510907,243570,25,523,5,811,7525502,4053641,42575,Salaried,Single,Doctorate,Owned,Medical,0
CUST00902,31,370266,2893587,24,636,4,10047,9485541,2341215,30855,Salaried,Single,Post-Graduate,Rented,Personal,1
CUST00903,60,1975218,2592442,20,768,1,10801,6956016,7430514,164601,Business Owner,Married,Graduate,Owned,Car,0
CUST00904,41,591525,3750154,11,809,0,28410,7795241,2940112,49293,Salaried,Single,Graduate,Mortgaged,Education,0
CUST00905,52,497675,4478457,11,616,1,33927,4998341,3157866,41472,Salaried,Divorced,Doctorate,Owned,Home,1
CUST00906,39,1251014,914034,13,545,2,5859,3526090,3222268,104251,Salaried,Single,Doctorate,Rented,Personal,0
CUST00907,29,2296445,4788578,8,404,2,49881,6171078,7210151,191370,Self-Employed,Married,Graduate,Mortgaged,Education,1
CUST00908,37,2019674,4661696,13,848,4,29882,3640584,7460209,168306,Salaried,Married,High School,Owned,Car,0
CUST00909,25,1367014,3098888,4,537,5,64560,8774425,3448423,113917,Self-Employed,Married,Doctorate,Rented,Business,1
CUST00910,55,611661,2675477,10,758,4,22295,4748385,7965675,50971,Salaried,Widowed,Post-Graduate,Mortgaged,Education,1
CUST00911,29,940495,924466,28,675,5,2751,5039908,6052360,78374,Self-Employed,Married,Post-Graduate,Owned,Home,0
CUST00912,38,1767960,932317,21,858,0,3699,6770615,6771606,147330,Business Owner,Single,Graduate,Rented,Home,0
CUST00913,64,519009,142381,5,883,0,2373,1974373,7325711,43250,Salaried,Married,Post-Graduate,Owned,Car,0
CUST00914,47,1382351,3247440,9,724,5,30068,5654306,2660152,115195,Self-Employed,Single,Graduate,Rented,Business,1
CUST00915,41,177751,2194059,8,697,3,22854,7563962,4405143,14812,Salaried,Single,Graduate,Rented,Home,1
CUST00916,45,913949,1000017,9,382,1,9259,7783587,2280627,76162,Salaried,Married,Post-Graduate,Mortgaged,Education,0
CUST00917,55,732675,712545,21,309,4,2827,2326998,2479038,61056,Self-Employed,Single,Graduate,Rented,Education,1
CUST00918,32,1750550,364490,26,627,1,1168,636251,3714612,145879,Business Owner,Single,Graduate,Rented,Personal,0
CUST00919,49,2297947,3222740,21,723,4,12788,2022693,407893,191495,Business Owner,Married,Post-Graduate,Mortgaged,Personal,0
CUST00920,59,494230,3442310,15,747,5,19123,8208503,1721302,41185,Unemployed,Married,Graduate,Owned,Education,1
CUST00921,46,2023566,3176596,5,450,2,52943,2727782,6474079,168630,Salaried,Divorced,Doctorate,Mortgaged,Medical,0
CUST00922,41,1691416,597939,5,601,3,9965,674708,1326243,140951,Self-Employed,Single,Graduate,Rented,Home,0
CUST00923,28,2429015,254722,24,817,4,884,6012838,4976079,202417,Salaried,Married,Graduate,Rented,Education,0
CUST00924,32,2292050,575776,20,357,5,2399,8821641,6125106,191004,Unemployed,Married,Graduate,Rented,Home,1
CUST00925,62,386789,3770410,15,530,3,20946,2322095,2104365,32232,Self-Employed,Married,Graduate,Owned,Car,1
CUST00926,45,1896574,3712720,17,866,1,18199,528218,3666583,158047,Salaried,Single,High School,Mortgaged,Car,0
CUST00927,34,1541620,1509413,25,419,1,5031,1487203,7019293,128468,Business Owner,Married,Graduate,Rented,Business,1
CUST00928,39,415745,323251,24,490,2,1122,1365541,6683844,34645,Self-Employed,Married,Graduate,Mortgaged,Medical,0
CUST00929,46,754303,1632683,3,580,0,45352,2124800,7362422,62858,Unemployed,Single,Graduate,Mortgaged,Car,0
CUST00930,45,2328319,4058357,12,713,4,28183,1883825,5026701,194026,Self-Employed,Single,High School,Rented,Personal,1
CUST00931,52,1425913,759913,2,453,2,31663,6406426,7097328,118826,Business Owner,Married,Graduate,Mortgaged,Medical,0
CUST00932,33,945386,3990936,12,775,4,27714,2308202,3187686,78782,Salaried,Single,High School,Owned,Car,1
CUST00933,49,903068,2343500,19,441,0,10278,5528340,4812143,75255,Salaried,Single,Graduate,Owned,Personal,0
CUST00934,41,2118984,749897,7,520,1,8927,4077444,5337876,176582,Self-Employed,Married,Graduate,Rented,Education,0
CUST00935,62,816144,4672769,5,643,2,77879,6578136,7812652,68012,Salaried,Single,Post-Graduate,Owned,Business,1
CUST00936,28,523388,2615984,15,307,0,14533,6589271,2945846,43615,Salaried,Single,Graduate,Rented,Education,0
CUST00937,28,1498536,3374178,16,760,4,17573,5969757,6998445,124878,Unemployed,Married,Post-Graduate,Owned,Medical,1
CUST00938,41,2482398,528296,21,701,3,2096,8936773,4074589,206866,Business Owner,Divorced,Post-Graduate,Rented,Personal,0
CUST00939,43,580797,1889634,1,800,5,157469,2042955,834083,48399,Unemployed,Married,Post-Graduate,Mortgaged,Car,1
CUST00940,51,750000,3181227,8,464,4,33137,5292577,5244373,62500,Salaried,Single,Post-Graduate,Mortgaged,Education,1
CUST00941,39,1252463,3244499,23,538,0,11755,4003315,7848847,104371,Salaried,Single,Graduate,Rented,Business,0
CUST00942,61,619561,361503,20,839,5,1506,5371648,3627180,51630,Business Owner,Widowed,Graduate,Mortgaged,Business,1
CUST00943,42,1679408,3041158,27,340,0,9386,1485706,4390450,139950,Salaried,Married,Post-Graduate,Mortgaged,Car,0
CUST00944,27,746012,4725180,24,594,5,16406,3261120,7418393,62167,Salaried,Married,Graduate,Mortgaged,Education,1
CUST00945,27,451227,3942600,25,590,4,13142,9416144,7360287,37602,Salaried,Single,Graduate,Owned,Home,1
CUST00946,63,763980,1078267,15,568,4,5990,8026736,3200671,63665,Business Owner,Single,Post-Graduate,Rented,Education,0
CUST00947,27,2336896,4567383,28,560,2,13593,4317931,6082731,194741,Salaried,Single,High School,Owned,Business,0
CUST00948,62,2347003,3430328,13,748,0,21989,1193813,5047781,195583,Salaried,Married,High School,Owned,Medical,0
CUST00949,33,1338453,331879,27,418,0,1024,6520087,5180533,111537,Salaried,Divorced,Graduate,Owned,Education,0
CUST00950,26,1091075,685042,12,834,0,4757,3080921,5764098,90922,Salaried,Single,Graduate,Rented,Medical,0
CUST00951,35,2075890,4610233,13,837,4,29552,3361705,2613379,172990,Self-Employed,Married,Post-Graduate,Owned,Personal,0
CUST00952,48,606520,1087502,20,407,3,4531,1060115,2438593,50543,Self-Employed,Divorced,Post-Graduate,Rented,Education,1
CUST00953,40,1686677,2282200,12,884,1,15848,2961992,216240,140556,Self-Employed,Divorced,Graduate,Rented,Home,0
CUST00954,55,1748121,2651750,5,457,0,44195,2220390,6850794,145676,Salaried,Married,High School,Rented,Home,0
CUST00955,48,1818502,2886825,26,331,0,9252,436528,2213890,151541,Salaried,Single,Graduate,Rented,Personal,1
CUST00956,39,662171,3311380,14,538,1,19710,5907319,5394028,55180,Salaried,Widowed,Graduate,Mortgaged,Home,0
CUST00957,49,1832907,4994373,27,777,4,15414,9697948,5486562,152742,Unemployed,Single,Post-Graduate,Mortgaged,Home,0
CUST00958,63,1588180,3808246,12,806,5,26446,1347007,5628176,132348,Salaried,Single,Post-Graduate,Mortgaged,Car,1
CUST00959,39,2206484,178334,29,687,3,512,619247,6904919,183873,Salaried,Single,Post-Graduate,Rented,Personal,1
CUST00960,28,559820,488440,18,786,5,2261,1096116,6942981,46651,Salaried,Married,Graduate,Owned,Medical,1
CUST00961,39,1591972,51556,23,456,2,186,5504322,18772,132664,Unemployed,Single,Graduate,Owned,Business,0
CUST00962,58,2099651,2006418,22,827,1,7600,8276517,6720831,174970,Self-Employed,Married,Graduate,Rented,Personal,0
CUST00963,31,803810,1784317,6,681,4,24782,3165387,1663790,66984,Salaried,Divorced,Graduate,Mortgaged,Business,1
CUST00964,62,1897879,4671029,24,380,0,16218,1271161,5163190,158156,Self-Employed,Married,High School,Owned,Car,0
CUST00965,47,383847,1862474,28,377,5,5543,1049831,5384541,31987,Salaried,Widowed,Graduate,Owned,Personal,1
CUST00966,47,1837533,201736,20,460,4,840,6119728,429549,153127,Self-Employed,Divorced,Graduate,Mortgaged,Home,0
CUST00967,35,1574688,4424994,28,341,0,13169,3631686,2269080,131224,Unemployed,Married,High School,Rented,Home,0
CUST00968,61,602496,1338348,25,469,1,4461,3584910,7281117,50208,Self-Employed,Married,Post-Graduate,Rented,Personal,0
CUST00969,23,305929,4567283,20,896,3,19030,2462410,1133622,25494,Business Owner,Divorced,Graduate,Mortgaged,Car,1
CUST00970,34,1901898,3883516,14,444,4,23116,8974034,1855009,158491,Salaried,Married,High School,Rented,Personal,1
CUST00971,39,717039,4408598,25,681,1,14695,3811460,655488,59753,Salaried,Single,Post-Graduate,Mortgaged,Business,0
CUST00972,42,1318997,4107612,6,886,4,57050,7104745,1334046,109916,Self-Employed,Divorced,High School,Rented,Medical,1
CUST00973,42,292661,758734,17,451,2,3719,7448798,5103031,24388,Self-Employed,Married,Graduate,Rented,Education,0
CUST00974,28,2414213,3149594,24,717,4,10936,688359,6730280,201184,Salaried,Divorced,Graduate,Owned,Medical,1
CUST00975,31,1439885,2089918,28,570,2,6219,2559358,4758878,119990,Salaried,Married,Graduate,Rented,Business,0
CUST00976,26,2339213,3162447,8,471,2,32942,8965134,2276530,194934,Salaried,Single,Post-Graduate,Owned,Car,0
CUST00977,46,526794,3742131,3,870,2,103948,8839989,6868908,43899,Salaried,Married,Graduate,Owned,Personal,0
CUST00978,37,633613,2529732,10,694,0,21081,4197599,2938740,52801,Business Owner,Married,Graduate,Owned,Medical,0
CUST00979,46,1584457,1597424,26,563,1,5119,1646490,2518701,132038,Salaried,Married,Graduate,Rented,Personal,0
CUST00980,47,1570563,4585849,16,787,1,23884,3052451,4044040,130880,Business Owner,Divorced,Graduate,Owned,Education,0
CUST00981,52,2008533,3333028,2,840,4,138876,9497826,1093748,167377,Salaried,Married,High School,Owned,Education,0
CUST00982,45,2330933,4433435,4,768,2,92363,6760542,2850577,194244,Self-Employed,Single,Graduate,Rented,Personal,0
CUST00983,49,2081419,1223857,10,821,2,10198,846928,6393240,173451,Business Owner,Married,Graduate,Owned,Education,0
CUST00984,47,479516,4199380,10,493,5,34994,7207941,4866272,39959,Self-Employed,Single,Graduate,Owned,Education,1
CUST00985,50,877427,1650925,4,506,5,34394,1554706,7905487,73118,Business Owner,Married,Graduate,Mortgaged,Business,1
CUST00986,48,2297484,2329407,15,439,1,12941,3102182,6205704,191457,Salaried,Single,Post-Graduate,Rented,Medical,0
CUST00987,35,1440043,4309126,14,717,2,25649,4868136,2883116,120003,Salaried,Single,Post-Graduate,Mortgaged,Personal,0
CUST00988,32,2187483,1805854,6,781,2,25081,3581399,6133731,182290,Self-Employed,Widowed,Post-Graduate,Owned,Car,0
CUST00989,55,1473075,1290019,7,696,5,15357,7012705,6922796,122756,Self-Employed,Single,Post-Graduate,Rented,Personal,0
CUST00990,36,266890,4581967,20,659,4,19091,1647672,5046625,22240,Self-Employed,Married,Graduate,Owned,Car,1
CUST00991,45,1261284,4823404,28,762,3,14355,8782897,6100363,105107,Self-Employed,Married,Post-Graduate,Rented,Home,0
CUST00992,30,2087951,1589830,29,408,1,4568,5975091,4026750,173995,Salaried,Single,Post-Graduate,Mortgaged,Car,0
CUST00993,40,1689517,1565984,17,519,2,7676,3125795,7292682,140793,Salaried,Divorced,Post-Graduate,Mortgaged,Home,0
CUST00994,44,462031,1176980,2,724,0,49040,9573399,1900941,38502,Unemployed,Single,Post-Graduate,Rented,Medical,0
CUST00995,48,643704,166464,27,331,4,513,4836734,3394979,53642,Self-Employed,Married,Post-Graduate,Owned,Personal,1
CUST00996,44,2157779,2786767,28,846,5,8293,4224582,2031292,179814,Self-Employed,Married,Graduate,Rented,Medical,0
CUST00997,37,2451221,1311759,9,402,4,12145,309221,810412,204268,Self-Employed,Married,Doctorate,Rented,Business,1
CUST00998,63,1919291,4252958,12,772,1,29534,9962441,4927968,159940,Unemployed,Single,Graduate,Rented,Car,0
CUST00999,44,380487,897464,1,669,2,74788,8479404,946849,31707,Business Owner,Married,High School,Rented,Car,0
CUST01000,56,1605109,3194602,24,808,5,11092,1846504,1809186,133759,Salaried,Widowed,High School,Rented,Home,1
CUST01001,53,2098669,2558793,23,765,2,9270,9482800,6105587,174889,Business Owner,Married,Graduate,Rented,Home,0
CUST01002,46,1654457,3079031,1,609,5,256585,7981384,1928090,137871,Salaried,Married,High School,Rented,Home,0
CUST01003,60,1546125,607944,21,753,3,2412,4266977,6906654,128843,Salaried,Married,High School,Owned,Personal,0
CUST01004,27,1248291,2359438,12,507,2,16384,9288271,393108,104024,Business Owner,Married,Graduate,Rented,Medical,0
CUST01005,61,725408,3148941,16,650,3,16400,5635216,3656133,60450,Salaried,Married,Graduate,Rented,Car,1
CUST01006,58,809800,1737659,7,849,1,20686,6911738,537442,67483,Salaried,Single,High School,Rented,Personal,0
CUST01007,43,1902336,4380750,24,350,2,15210,1913709,476567,158528,Self-Employed,Married,Graduate,Rented,Car,1
CUST01008,53,314058,2671195,12,513,1,18549,1182330,6327623,26171,Unemployed,Single,Post-Graduate,Rented,Medical,1
CUST01009,44,348530,1844468,25,310,4,6148,5324521,533648,29044,Salaried,Single,Post-Graduate,Rented,Medical,1
CUST01010,33,1082164,202559,5,620,3,3375,3332759,7138092,90180,Self-Employed,Married,Post-Graduate,Owned,Medical,0
CUST01011,56,1969881,884038,18,769,2,4092,9818962,4788802,164156,Salaried,Single,Graduate,Rented,Personal,0
CUST01012,32,1694032,2409128,9,323,4,22306,948091,3860382,141169,Salaried,Married,Doctorate,Owned,Business,1
CUST01013,35,1536465,2030123,29,629,2,5833,7651895,7348994,128038,Self-Employed,Married,Post-Graduate,Rented,Home,0
CUST01014,44,1405210,4363996,17,549,5,21392,6057306,3101435,117100,Self-Employed,Single,Graduate,Rented,Education,1
CUST01015,58,410263,3940535,21,769,3,15637,8801653,3196668,34188,Self-Employed,Single,High School,Rented,Home,1
CUST01016,38,929717,836902,3,432,5,23247,9981673,3279505,77476,Self-Employed,Single,Graduate,Rented,Medical,1
CUST01017,43,336838,2977863,20,397,5,12407,8718610,5204958,28069,Unemployed,Married,Post-Graduate,Owned,Home,1
CUST01018,23,1931670,2299314,3,356,1,63869,3810070,6778063,160972,Business Owner,Single,Post-Graduate,Rented,Education,0
CUST01019,26,1914465,550658,11,544,1,4171,6986656,4336062,159538,Salaried,Married,Post-Graduate,Owned,Car,0
CUST01020,24,756522,3346270,7,592,5,39836,1713155,2248476,63043,Self-Employed,Married,Doctorate,Mortgaged,Medical,1
CUST01021,25,838399,2709076,1,851,1,225756,4910874,7118062,69866,Self-Employed,Married,Post-Graduate,Rented,Education,0
CUST01022,59,896018,482916,18,579,4,2235,2759537,4791596,74668,Salaried,Single,High School,Rented,Personal,1
CUST01023,58,2239859,2367022,7,402,1,28178,2576590,6659100,186654,Self-Employed,Single,High School,Owned,Business,0
CUST01024,57,1298037,3671754,15,719,5,20398,5750939,3458219,108169,Self-Employed,Single,High School,Mortgaged,Business,1
CUST01025,24,1940871,1669205,23,336,4,6047,1356425,1594788,161739,Salaried,Single,Graduate,Rented,Education,1
CUST01026,25,1204744,1816607,6,507,3,25230,5732721,7555967,100395,Salaried,Widowed,High School,Rented,Education,0
CUST01027,34,1790747,595294,21,692,2,2362,4069053,5420344,149228,Salaried,Single,Graduate,Rented,Car,0
CUST01028,46,1391567,1061475,9,452,3,9828,2375226,2462226,115963,Salaried,Single,Post-Graduate,Rented,Medical,1
CUST01029,36,804724,4906504,10,656,2,40887,5665025,6780025,67060,Business Owner,Married,High School,Mortgaged,Business,1
CUST01030,42,2209303,3122955,17,571,2,15308,7531976,72580,184108,Salaried,Divorced,Post-Graduate,Owned,Personal,0
CUST01031,29,1816019,921414,19,871,1,4041,6139022,7441995,151334,Self-Employed,Married,Post-Graduate,Mortgaged,Personal,0
CUST01032,53,1957944,2439620,20,472,0,10165,971321,4628998,163162,Self-Employed,Married,High School,Mortgaged,Business,0
CUST01033,35,2378147,1004077,6,843,5,13945,5664475,4719417,198178,Salaried,Single,High School,Rented,Car,0
CUST01034,24,734610,2241565,17,675,4,10988,6268098,107076,61217,Salaried,Married,Graduate,Mortgaged,Home,0
CUST01035,53,365165,770634,8,749,2,8027,6866291,1407289,30430,Salaried,Married,Post-Graduate,Owned,Home,0
CUST01036,60,1518339,3113068,9,401,4,28824,4314419,5764927,126528,Salaried,Married,Post-Graduate,Rented,Personal,1
CUST01037,22,916482,2872455,28,311,3,8548,1039471,4465856,76373,Salaried,Single,High School,Rented,Business,1
CUST01038,40,1174076,3185501,3,738,3,88486,1359032,1021272,97839,Salaried,Married,Post-Graduate,Rented,Car,0
CUST01039,57,701479,2246164,12,588,0,15598,3385830,5326552,58456,Business Owner,Married,Post-Graduate,Rented,Medical,0
CUST01040,52,1086400,1465587,13,485,3,9394,6380409,5971377,90533,Self-Employed,Single,Graduate,Rented,Business,0
CUST01041,58,1074137,1285308,8,837,0,13388,7416597,2179912,89511,Salaried,Married,Post-Graduate,Rented,Business,0
CUST01042,39,973806,1114968,23,495,4,4039,6763189,5514929,81150,Salaried,Single,Graduate,Owned,Medical,0
CUST01043,38,1894481,2175645,15,560,0,12086,3190966,7784011,157873,Business Owner,Married,Graduate,Rented,Education,0
CUST01044,52,1542733,2284734,21,734,3,9066,4456200,3859639,128561,Salaried,Single,Post-Graduate,Owned,Personal,0
CUST01045,28,1264470,3383933,12,877,2,23499,563215,1834610,105372,Self-Employed,Divorced,Graduate,Rented,Personal,0
CUST01046,32,414881,309551,27,839,0,955,8000128,7695514,34573,Salaried,Married,Post-Graduate,Owned,Education,0
CUST01047,47,1491216,1444417,22,691,2,5471,3599244,7290820,124268,Unemployed,Married,Post-Graduate,Rented,Medical,0
CUST01048,50,561299,4270492,10,366,1,35587,5142234,3654770,46774,Salaried,Married,Graduate,Mortgaged,Medical,1
CUST01049,27,888263,4580466,28,365,1,13632,4551418,3401446,74021,Salaried,Married,Post-Graduate,Mortgaged,Medical,1
CUST01050,43,1125029,4657984,26,715,5,14929,2928969,6671327,93752,Self-Employed,Single,High School,Rented,Personal,1
CUST01051,37,482029,1566413,18,605,2,7251,1765092,4433,40169,Salaried,Married,Graduate,Owned,Personal,0
CUST01052,43,1065300,728798,1,379,2,60733,9540652,2498427,88775,Self-Employed,Single,Graduate,Rented,Car,0
CUST01053,63,777294,1030986,18,717,0,4773,1282897,4346312,64774,Salaried,Single,Post-Graduate,Rented,Education,0
CUST01054,25,2146942,702778,21,865,1,2788,9446035,5232360,178911,Salaried,Married,Post-Graduate,Owned,Medical,0
CUST01055,64,2170248,4775110,11,339,2,36175,1220669,5026286,180854,Salaried,Single,Graduate,Mortgaged,Medical,1
CUST01056,41,160734,4422768,5,795,4,73712,1046651,2964280,13394,Self-Employed,Married,Graduate,Rented,Personal,1
CUST01057,55,1565679,4062275,17,506,0,19913,9040119,6954906,130473,Business Owner,Divorced,Doctorate,Rented,Personal,0
CUST01058,40,1655294,3662518,24,538,5,12717,9466204,5197044,137941,Salaried,Married,Post-Graduate,Rented,Car,1
CUST01059,35,1038273,1748531,10,730,0,14571,8963372,4324505,86522,Business Owner,Single,High School,Mortgaged,Education,0
CUST01060,55,1252437,2404655,14,448,3,14313,7777275,7509346,104369,Business Owner,Married,Graduate,Mortgaged,Personal,1
CUST01061,51,2006279,4215087,1,394,0,351257,4977044,753035,167189,Salaried,Married,Graduate,Owned,Home,0
CUST01062,28,1038211,4081118,21,878,4,16194,1155777,5678560,86517,Salaried,Married,Graduate,Rented,Home,1
CUST01063,52,301474,2618130,26,509,4,8391,5956552,7414508,25122,Salaried,Single,Graduate,Mortgaged,Personal,1
CUST01064,54,1025392,4195930,23,401,5,15202,5241320,5294601,85449,Salaried,Single,Post-Graduate,Rented,Medical,1
CUST01065,38,746644,1766424,13,713,5,11323,7382867,4522838,62220,Self-Employed,Married,Post-Graduate,Owned,Business,0
CUST01066,61,1049397,2096832,2,430,5,87368,446017,2915254,87449,Salaried,Single,Graduate,Rented,Education,1
CUST01067,49,690742,4206077,15,765,3,23367,865570,2172249,57561,Salaried,Single,Post-Graduate,Mortgaged,Home,1
CUST01068,36,502201,1913302,28,342,5,5694,5929684,4367101,41850,Self-Employed,Married,Graduate,Owned,Personal,1
CUST01069,22,2465606,3773217,3,611,0,104811,8566711,7190868,205467,Salaried,Married,Post-Graduate,Rented,Car,0
CUST01070,51,452837,2293764,7,541,3,27306,9338557,3697698,37736,Business Owner,Single,High School,Rented,Home,1
CUST01071,30,1809331,1524480,25,874,5,5081,5730999,967307,150777,Self-Employed,Divorced,Graduate,Rented,Personal,0
CUST01072,54,1836305,1133230,17,612,2,5555,3745276,3868969,153025,Salaried,Single,Graduate,Owned,Medical,0
CUST01073,44,1601796,3053058,5,855,5,50884,4773113,779862,133483,Salaried,Single,Graduate,Owned,Home,0
CUST01074,42,2291922,2424314,1,449,3,202026,5135389,7488758,190993,Salaried,Single,Post-Graduate,Rented,Medical,0
CUST01075,29,161714,1878481,12,584,2,13045,6229044,4280072,13476,Unemployed,Single,Graduate,Owned,Personal,1
CUST01076,52,858828,3728625,18,788,1,17262,2352847,1711073,71569,Salaried,Married,Graduate,Rented,Medical,0
CUST01077,29,583128,55207,25,396,0,184,3948757,4999073,48594,Business Owner,Single,Graduate,Rented,Personal,0
CUST01078,39,1505776,506357,26,856,5,1622,5455367,4302136,125481,Unemployed,Divorced,Post-Graduate,Owned,Education,0
CUST01079,57,1643522,4810987,14,763,4,28636,8522742,4087673,136960,Salaried,Divorced,Post-Graduate,Rented,Education,0
CUST01080,61,2260068,3334472,13,706,2,21374,8045489,4735907,188339,Self-Employed,Single,Post-Graduate,Mortgaged,Personal,0
CUST01081,64,1042340,2770663,28,445,5,8246,7562737,7431936,86861,Self-Employed,Married,Post-Graduate,Rented,Car,1
CUST01082,63,704361,122934,23,790,1,445,2231056,6848080,58696,Salaried,Married,Post-Graduate,Owned,Personal,0
CUST01083,45,2322058,3012241,7,805,4,35860,4124730,2102566,193504,Unemployed,Married,High School,Owned,Medical,0
CUST01084,30,1731521,2202242,20,475,2,9176,5579518,1918110,144293,Salaried,Single,Post-Graduate,Rented,Car,0
CUST01085,58,1947101,3019462,21,652,3,11981,9680303,7921880,162258,Business Owner,Married,Graduate,Rented,Home,1
CUST01086,56,1195699,252952,7,336,0,3011,3610968,5159059,99641,Self-Employed,Single,Post-Graduate,Mortgaged,Home,0
CUST01087,64,1201352,2775675,29,536,3,7976,9191653,154794,100112,Salaried,Single,Doctorate,Rented,Personal,0
CUST01088,49,1064259,2910449,9,390,4,26948,7503933,4236757,88688,Salaried,Divorced,Graduate,Rented,Education,1
CUST01089,28,1911360,1485736,16,633,5,7738,6374484,948271,159280,Salaried,Single,Graduate,Rented,Personal,1
CUST01090,43,644946,319837,15,629,2,1776,7050182,238580,53745,Salaried,Married,High School,Rented,Medical,0
CUST01091,41,2442200,4859301,21,619,0,19282,7951511,1485410,203516,Self-Employed,Single,Doctorate,Owned,Business,0
CUST01092,58,563424,3561462,27,706,0,10992,7018017,2036917,46952,Salaried,Divorced,Graduate,Rented,Car,0
CUST01093,38,1233304,3127258,12,854,0,21717,6758649,636605,102775,Unemployed,Married,Post-Graduate,Owned,Home,0
CUST01094,36,889341,3847091,12,418,1,26715,3840251,6684111,74111,Salaried,Single,High School,Rented,Medical,1
CUST01095,25,1659935,3371060,22,428,4,12769,4336003,3505742,138327,Salaried,Married,High School,Rented,Home,0
CUST01096,57,1749625,715249,28,429,1,2128,6032865,4415358,145802,Salaried,Single,High School,Mortgaged,Personal,0
CUST01097,54,2308861,2301224,27,856,0,7102,8451161,6922977,192405,Salaried,Single,Post-Graduate,Owned,Car,0
CUST01098,23,2004660,4448915,22,355,0,16851,6545743,6697071,167055,Self-Employed,Married,High School,Mortgaged,Education,0
CUST01099,40,734385,1474913,21,318,2,5852,9879565,6566074,61198,Salaried,Widowed,Post-Graduate,Rented,Home,1
CUST01100,42,635644,4862432,23,396,3,17617,6840058,1570365,52970,Self-Employed,Married,Post-Graduate,Rented,Home,1
CUST01101,42,2233411,368527,28,761,1,1096,4134953,5958054,186117,Self-Employed,Single,Post-Graduate,Rented,Car,0
CUST01102,61,1296495,1687079,1,647,2,140589,5795037,7965682,108041,Salaried,Single,Graduate,Mortgaged,Education,0
CUST01103,28,379230,1783639,18,851,1,8257,6270782,59275,31602,Salaried,Married,Graduate,Rented,Car,0
CUST01104,35,2088681,3106216,1,422,4,258851,8681366,6944808,174056,Salaried,Single,High School,Owned,Education,1
CUST01105,29,1673853,921682,17,536,0,4518,2633658,6925648,139487,Salaried,Married,Graduate,Rented,Home,0
CUST01106,32,210092,1184247,12,633,1,8223,2563105,6730758,17507,Self-Employed,Married,Graduate,Mortgaged,Home,0
CUST01107,61,1989669,3327336,9,343,3,30808,2098541,3171992,165805,Salaried,Divorced,High School,Rented,Medical,1
CUST01108,62,1577333,1458925,26,851,5,4676,652487,1591489,131444,Salaried,Married,Doctorate,Mortgaged,Medical,1
CUST01109,23,1594324,4401069,21,782,2,17464,6782650,5853102,132860,Salaried,Divorced,High School,Mortgaged,Medical,0
CUST01110,49,2182602,4357453,17,386,0,21360,9628784,4984461,181883,Salaried,Married,Graduate,Rented,Business,0
CUST01111,32,1314506,1548636,26,805,3,4963,6175829,5815349,109542,Unemployed,Married,Graduate,Mortgaged,Medical,0
CUST01112,30,1233974,2821745,3,569,1,78381,701263,2047511,102831,Business Owner,Single,Graduate,Rented,Home,0
CUST01113,34,1600765,1697768,19,501,1,7446,3710319,1420168,133397,Self-Employed,Married,Graduate,Owned,Medical,0
CUST01114,30,614789,1757117,5,867,5,29285,9039260,7212678,51232,Salaried,Single,Doctorate,Rented,Car,0
CUST01115,43,506409,3368304,7,611,5,40098,612936,4123158,42200,Salaried,Single,High School,Mortgaged,Medical,1
CUST01116,64,2132877,1500968,6,436,1,20846,6161620,6810461,177739,Salaried,Married,Graduate,Rented,Personal,0
CUST01117,47,656591,788893,16,785,3,4108,4462373,7409447,54715,Business Owner,Single,High School,Owned,Business,0
CUST01118,53,1335209,1332623,19,729,3,5844,9195529,3674209,111267,Salaried,Widowed,High School,Rented,Business,0
CUST01119,43,784263,4650715,22,415,5,17616,5180577,2104389,65355,Salaried,Married,Graduate,Rented,Medical,1
CUST01120,22,691576,1333649,13,706,5,8549,5693043,7166812,57631,Self-Employed,Married,Post-Graduate,Rented,Business,1
CUST01121,25,1554781,1851041,28,677,2,5509,7250256,5720222,129565,Self-Employed,Married,Graduate,Rented,Personal,0
CUST01122,33,2035551,3162647,11,465,0,23959,8227986,5327884,169629,Salaried,Single,Graduate,Rented,Business,0
CUST01123,32,1188467,550937,5,558,0,9182,5203978,7664408,99038,Salaried,Single,High School,Rented,Home,0
CUST01124,58,476011,1378870,2,803,0,57452,7240773,1970183,39667,Unemployed,Single,Doctorate,Owned,Education,0
CUST01125,58,724518,914685,4,404,4,19055,8073077,2885049,60376,Salaried,Married,Graduate,Mortgaged,Medical,1
CUST01126,58,536748,4625595,13,733,4,29651,5298610,312115,44729,Unemployed,Married,Graduate,Owned,Business,1
CUST01127,49,2224601,4667093,12,798,4,32410,7189479,3101069,185383,Salaried,Single,High School,Rented,Business,0
CUST01128,45,900895,3790883,25,862,0,12636,3696903,3572179,75074,Unemployed,Single,High School,Mortgaged,Education,0
CUST01129,49,1028716,1273240,4,494,0,26525,3614675,3620500,85726,Business Owner,Single,High School,Rented,Personal,0
CUST01130,39,316937,3101254,8,459,1,32304,128304,1207210,26411,Salaried,Married,High School,Mortgaged,Home,1
CUST01131,50,1198174,3328230,29,860,3,9563,6726807,6472313,99847,Business Owner,Single,Graduate,Owned,Home,0
CUST01132,56,2297722,4353423,1,577,0,362785,2583962,3914176,191476,Salaried,Married,Graduate,Rented,Medical,0
CUST01133,54,1112797,823017,13,641,3,5275,8157436,3514277,92733,Salaried,Single,Post-Graduate,Rented,Car,0
CUST01134,48,1680422,3694457,6,607,5,51311,9522491,6911455,140035,Salaried,Single,High School,Mortgaged,Personal,1
CUST01135,24,577565,1010803,16,608,0,5264,8771063,3889967,48130,Self-Employed,Married,Graduate,Rented,Car,0
CUST01136,53,485908,2865031,29,674,4,8232,2827072,7137244,40492,Salaried,Widowed,Graduate,Owned,Medical,1
CUST01137,37,1869323,4402229,7,553,3,52407,6553470,1778539,155776,Salaried,Single,Graduate,Owned,Home,0
CUST01138,53,304479,357262,11,535,5,2706,7543339,6805136,25373,Unemployed,Single,High School,Mortgaged,Personal,0
CUST01139,45,1203876,782764,14,540,1,4659,5110413,7906760,100323,Business Owner,Single,High School,Rented,Medical,0
CUST01140,59,894254,4074995,24,693,1,14149,5134126,6003693,74521,Salaried,Married,High School,Owned,Medical,0
CUST01141,36,188204,142815,29,790,0,410,4435479,7138833,15683,Salaried,Married,Graduate,Rented,Car,0
CUST01142,62,1398334,3441376,3,633,4,95593,3154292,5921377,116527,Salaried,Married,High School,Owned,Education,0
CUST01143,58,2415432,2531104,15,706,5,14061,5775370,4802034,201286,Salaried,Married,Graduate,Owned,Personal,0
CUST01144,36,312498,1765687,22,547,0,6688,9911825,6110194,26041,Unemployed,Divorced,Graduate,Mortgaged,Car,0
CUST01145,42,2067044,4320497,1,764,2,360041,2267589,7684480,172253,Unemployed,Single,Graduate,Rented,Medical,0
CUST01146,44,1417070,4252347,24,536,4,14765,565046,4840269,118089,Salaried,Single,High School,Owned,Medical,1
CUST01147,55,1850364,1663655,8,552,4,17329,656796,5495982,154197,Salaried,Married,Graduate,Mortgaged,Medical,1
CUST01148,51,376890,71916,16,333,5,374,5862563,633589,31407,Salaried,Married,Graduate,Mortgaged,Education,1
CUST01149,58,2192365,684403,29,456,4,1966,2772744,7672845,182697,Salaried,Single,Doctorate,Mortgaged,Personal,1
CUST01150,37,176829,581454,19,743,5,2550,4669030,6221790,14735,Salaried,Divorced,High School,Rented,Car,1
CUST01151,43,2280997,4912042,29,352,5,14115,9511453,1292286,190083,Salaried,Married,High School,Mortgaged,Car,1
CUST01152,40,1695845,3004612,18,434,5,13910,857611,2317576,141320,Salaried,Divorced,Post-Graduate,Owned,Education,1
CUST01153,61,943100,3399856,7,765,2,40474,1828889,1803659,78591,Salaried,Divorced,Graduate,Mortgaged,Car,0
CUST01154,35,166689,1192978,21,823,2,4734,2219552,2556893,13890,Business Owner,Married,High School,Rented,Medical,1
CUST01155,47,1585752,4260918,18,549,2,19726,4624658,7081459,132146,Self-Employed,Divorced,Post-Graduate,Owned,Car,1
CUST01156,27,355471,3627213,10,544,5,30226,6972995,3713854,29622,Salaried,Married,Graduate,Owned,Business,1
CUST01157,58,1580698,3773084,3,605,1,104807,1914553,3358995,131724,Salaried,Married,Graduate,Owned,Education,0
CUST01158,38,1966891,2367804,19,762,4,10385,1172453,6231801,163907,Business Owner,Married,High School,Mortgaged,Medical,1
CUST01159,36,778154,3506299,17,581,3,17187,949412,2969261,64846,Salaried,Widowed,Graduate,Mortgaged,Home,1
CUST01160,47,710997,2743054,23,404,0,9938,8030148,7086646,59249,Business Owner,Married,Graduate,Owned,Medical,0
CUST01161,43,671587,1953592,4,558,2,40699,392852,6034682,55965,Salaried,Married,Post-Graduate,Mortgaged,Education,1
CUST01162,58,678370,2992743,16,452,1,15587,6288103,2056077,56530,Unemployed,Single,Graduate,Mortgaged,Medical,0
CUST01163,44,417682,1655482,24,710,4,5748,5825259,5042605,34806,Salaried,Married,Graduate,Owned,Car,0
CUST01164,44,736799,4766590,26,385,2,15277,1098490,3861670,61399,Business Owner,Married,Doctorate,Rented,Car,1
CUST01165,26,1699388,3598945,28,665,2,10711,5570031,2752572,141615,Salaried,Married,Doctorate,Owned,Business,0
CUST01166,22,860915,3707971,7,377,0,44142,2939464,7250457,71742,Business Owner,Married,High School,Owned,Personal,1
CUST01167,39,1985159,3597729,6,883,0,49968,5198229,3182884,165429,Self-Employed,Married,Graduate,Rented,Personal,0
CUST01168,64,2075329,2269302,17,684,4,11124,1458060,933845,172944,Salaried,Single,Post-Graduate,Mortgaged,Personal,0
CUST01169,61,1938239,4755412,14,383,5,28306,6711613,3267070,161519,Self-Employed,Married,Post-Graduate,Owned,Education,1
CUST01170,49,1417894,1078915,7,875,1,12844,7996252,4134336,118157,Salaried,Single,Post-Graduate,Rented,Business,0
CUST01171,49,893247,2864866,3,644,4,79579,131280,1010650,74437,Salaried,Single,Post-Graduate,Rented,Personal,1
CUST01172,38,2335250,393600,5,663,3,6560,5376300,5941656,194604,Salaried,Single,Post-Graduate,Rented,Home,0
CUST01173,29,632360,1508374,10,337,2,12569,6510137,1836431,52696,Self-Employed,Married,High School,Mortgaged,Car,1
CUST01174,22,1241596,2894010,22,412,2,10962,128016,739392,103466,Business Owner,Single,Graduate,Rented,Business,1
CUST01175,36,1215993,2473167,2,784,4,103048,7267961,4300242,101332,Salaried,Single,Graduate,Mortgaged,Education,0
CUST01176,35,1902134,4708747,4,580,5,98098,5474746,1287740,158511,Self-Employed,Divorced,Post-Graduate,Rented,Medical,1
CUST01177,30,1435011,3087883,8,669,2,32165,3132118,6254617,119584,Business Owner,Married,Graduate,Owned,Home,0
CUST01178,33,2028857,2086795,26,892,2,6688,4879756,547282,169071,Self-Employed,Divorced,Graduate,Rented,Home,0
CUST01179,23,2309854,2162312,29,557,4,6213,6853049,3352386,192487,Salaried,Married,Graduate,Rented,Car,0
CUST01180,48,1067969,3077387,13,528,3,19726,6466456,413896,88997,Salaried,Single,Doctorate,Rented,Personal,1
CUST01181,61,2205834,3966108,2,781,2,165254,7788914,3066822,183819,Salaried,Married,Graduate,Owned,Personal,0
CUST01182,51,548756,1418827,1,339,2,118235,444956,7466290,45729,Salaried,Married,Post-Graduate,Owned,Home,1
CUST01183,41,2302737,2943835,25,573,3,9812,7894656,5204129,191894,Salaried,Widowed,Graduate,Mortgaged,Business,0
CUST01184,40,568274,2894879,13,812,0,18556,450715,4281202,47356,Business Owner,Single,Graduate,Mortgaged,Personal,1
CUST01185,35,2148116,96706,3,436,0,2686,6535480,1258030,179009,Self-Employed,Married,Graduate,Rented,Education,0
CUST01186,28,1067081,4568220,25,482,3,15227,3558744,2502786,88923,Self-Employed,Married,Graduate,Mortgaged,Education,1
CUST01187,47,2416765,2870707,16,583,1,14951,730538,3046002,201397,Salaried,Married,Post-Graduate,Mortgaged,Personal,1
CUST01188,46,453607,1248283,11,344,3,9456,6916527,4628961,37800,Salaried,Single,High School,Owned,Medical,1
CUST01189,22,1243924,3186338,14,342,4,18966,5570624,1665089,103660,Self-Employed,Married,Post-Graduate,Rented,Home,1
CUST01190,39,2269418,3405176,7,450,1,40537,6698925,7999572,189118,Salaried,Single,Post-Graduate,Owned,Personal,0
CUST01191,33,261562,4580543,28,838,2,13632,3821903,5213169,21796,Unemployed,Married,Graduate,Mortgaged,Personal,1
CUST01192,29,772784,218667,23,433,5,792,2854809,2494468,64398,Salaried,Single,High School,Owned,Medical,0
CUST01193,52,346370,2097922,6,738,0,29137,6284141,898912,28864,Salaried,Married,High School,Mortgaged,Education,0
CUST01194,44,904993,941769,22,555,4,3567,2239068,4760000,75416,Self-Employed,Married,High School,Owned,Education,1
CUST01195,49,1067148,2893614,6,756,1,40189,8140065,3582582,88929,Self-Employed,Married,High School,Rented,Medical,0
CUST01196,52,1604393,2532959,14,498,5,15077,6862943,5391196,133699,Salaried,Married,High School,Mortgaged,Business,0
CUST01197,64,755564,2401237,22,824,2,9095,9997623,4769456,62963,Self-Employed,Married,Doctorate,Owned,Medical,0
CUST01198,56,522908,4911029,2,522,0,204626,368416,5122866,43575,Salaried,Single,Post-Graduate,Mortgaged,Business,1
CUST01199,48,549360,2681699,22,774,4,10157,5897475,6669403,45780,Salaried,Married,Post-Graduate,Owned,Home,1
CUST01200,59,2355249,2084513,7,798,0,24815,5612154,4201414,196270,Salaried,Married,Graduate,Rented,Personal,0
CUST01201,42,2390028,383155,21,559,2,1520,8589613,5796410,199169,Self-Employed,Married,Graduate,Rented,Medical,0
CUST01202,64,670300,1483561,15,700,3,8242,4298576,2872250,55858,Self-Employed,Single,Post-Graduate,Owned,Car,0
CUST01203,54,609236,4491554,1,371,4,374296,9370696,7542904,50769,Salaried,Married,Graduate,Rented,Education,1
CUST01204,49,277359,2285768,23,597,2,8281,2466959,3263758,23113,Self-Employed,Married,Post-Graduate,Rented,Business,1
CUST01205,60,2404541,4556541,8,524,5,47463,8556806,5439027,200378,Self-Employed,Divorced,Post-Graduate,Rented,Home,1
CUST01206,44,1809453,2686506,28,872,2,7995,5250951,7987621,150787,Salaried,Divorced,Doctorate,Rented,Medical,0
CUST01207,52,1937971,2762895,25,860,2,9209,9444579,2793517,161497,Salaried,Married,Graduate,Rented,Car,0
CUST01208,34,832848,2177881,6,770,2,30248,2249959,812710,69404,Salaried,Single,Post-Graduate,Owned,Business,0
CUST01209,63,1656222,2804949,18,869,4,12985,2676060,1853791,138018,Salaried,Married,Graduate,Owned,Personal,0
CUST01210,48,290552,380092,11,885,3,2879,5686783,1950319,24212,Unemployed,Single,Graduate,Mortgaged,Home,0
CUST01211,55,1738644,334902,18,760,0,1550,5562871,452659,144887,Business Owner,Married,Graduate,Rented,Home,0
CUST01212,41,1512193,2405083,17,656,4,11789,1574840,4351118,126016,Salaried,Single,Graduate,Owned,Medical,1
CUST01213,59,928964,3009855,9,422,2,27869,6548645,2220700,77413,Salaried,Widowed,Graduate,Owned,Medical,1
CUST01214,25,1819603,2776791,19,789,2,12178,4116359,776478,151633,Salaried,Single,High School,Mortgaged,Car,0
CUST01215,26,1669103,2174301,8,416,0,22648,1597565,1094789,139091,Salaried,Single,High School,Rented,Personal,0
CUST01216,43,1181646,1505425,27,411,5,4646,5153220,2187139,98470,Salaried,Married,Post-Graduate,Owned,Personal,1
CUST01217,53,588726,3559765,28,827,0,10594,7008396,2953798,49060,Salaried,Single,Post-Graduate,Mortgaged,Home,0
CUST01218,56,205380,3043321,5,368,5,50722,413840,7795796,17115,Salaried,Single,Post-Graduate,Mortgaged,Medical,1
CUST01219,40,2353607,283268,22,385,0,1072,9211575,5620625,196133,Salaried,Married,Graduate,Mortgaged,Home,0
CUST01220,49,811194,2289294,27,606,3,7065,6146100,5717870,67599,Salaried,Widowed,Doctorate,Rented,Education,1
CUST01221,45,859214,3568894,4,650,0,74351,2678144,5536272,71601,Salaried,Single,Graduate,Rented,Home,0
CUST01222,63,1750505,3931660,22,327,2,14892,7528121,6425803,145875,Salaried,Married,Graduate,Owned,Car,1
CUST01223,50,749688,1470124,28,526,5,4375,8451798,2545331,62474,Salaried,Single,Graduate,Rented,Business,1
CUST01224,39,1033023,4628610,7,435,3,55102,9565128,794954,86085,Salaried,Married,Graduate,Rented,Personal,1
CUST01225,63,1821232,3275941,17,481,3,16058,7925045,4068418,151769,Salaried,Single,Graduate,Owned,Medical,0
CUST01226,26,1549133,2216475,24,408,0,7696,2110950,10468,129094,Unemployed,Married,Graduate,Rented,Car,0
CUST01227,64,1692654,3154273,10,706,5,26285,1720136,1734172,141054,Salaried,Married,Doctorate,Rented,Home,1
CUST01228,28,160976,4364050,7,583,2,51952,2166084,6024044,13414,Self-Employed,Divorced,High School,Rented,Personal,1
CUST01229,34,1210552,1172865,12,875,3,8144,3117825,4023813,100879,Salaried,Married,High School,Owned,Car,0
CUST01230,57,1266879,794321,10,304,5,6619,3370250,5525283,105573,Salaried,Married,Graduate,Mortgaged,Home,1
CUST01231,53,1636248,2230239,22,766,3,8447,8918563,4080655,136354,Salaried,Married,Graduate,Rented,Education,0
CUST01232,63,505927,465427,11,845,4,3525,2121632,4341731,42160,Self-Employed,Single,Doctorate,Rented,Education,0
CUST01233,54,524808,4186384,11,591,1,31715,4127885,2410374,43734,Unemployed,Single,Graduate,Mortgaged,Home,1
CUST01234,49,1941714,4853687,28,719,2,14445,3033997,1748198,161809,Salaried,Married,Graduate,Owned,Personal,0
CUST01235,36,1732321,3047678,17,564,3,14939,3087758,2075742,144360,Salaried,Single,Graduate,Mortgaged,Education,1
CUST01236,22,2056278,4900255,27,657,1,15124,5996731,6384432,171356,Self-Employed,Single,Graduate,Mortgaged,Business,0
CUST01237,27,785935,390254,21,844,2,1548,7437689,7836595,65494,Salaried,Married,Graduate,Mortgaged,Home,0
CUST01238,34,2494367,3181093,26,618,4,10195,2725549,654720,207863,Salaried,Single,Graduate,Rented,Education,1
CUST01239,23,791164,2242398,6,646,5,31144,476102,4296988,65930,Business Owner,Single,Graduate,Owned,Medical,1
CUST01240,43,1679761,1422961,28,892,4,4235,6430041,3763309,139980,Salaried,Married,Graduate,Owned,Education,0
CUST01241,55,531122,1593268,28,597,5,4741,5533263,4496613,44260,Self-Employed,Married,Post-Graduate,Mortgaged,Car,1
CUST01242,63,2308481,2748638,2,403,5,114526,6624810,1863156,192373,Salaried,Single,Graduate,Owned,Business,1
CUST01243,43,931086,3226146,11,709,1,24440,4556880,62352,77590,Salaried,Married,Graduate,Rented,Car,0
CUST01244,59,2035823,861846,12,715,5,5985,7790150,1626688,169651,Unemployed,Single,Post-Graduate,Mortgaged,Business,0
CUST01245,64,928439,3092091,13,442,3,19821,6286096,1454726,77369,Salaried,Widowed,Graduate,Rented,Business,0
CUST01246,58,2008492,4636382,23,737,5,16798,7600241,418869,167374,Salaried,Married,Graduate,Owned,Medical,0
CUST01247,41,1217320,101470,21,338,3,402,7337886,2852975,101443,Salaried,Married,Graduate,Mortgaged,Medical,0
CUST01248,35,296853,4397875,7,492,0,52355,5018125,5471266,24737,Salaried,Married,Graduate,Owned,Personal,1
CUST01249,64,597485,3058092,18,813,3,14157,3317385,7727845,49790,Salaried,Married,Graduate,Rented,Medical,1
CUST01250,32,1756082,1743986,29,670,4,5011,5863533,5257874,146340,Salaried,Married,Graduate,Owned,Car,1
CUST01251,39,603567,3687505,13,664,0,23637,6400530,1401933,50297,Salaried,Married,Graduate,Rented,Home,0
CUST01252,25,796998,3108045,27,672,3,9592,5758550,2897419,66416,Salaried,Widowed,Post-Graduate,Owned,Personal,0
CUST01253,56,1423085,3855213,19,398,3,16908,5290854,2426317,118590,Self-Employed,Divorced,Graduate,Mortgaged,Medical,1
CUST01254,49,744664,452378,27,876,2,1396,3495374,1697291,62055,Salaried,Married,Doctorate,Rented,Business,0
CUST01255,25,452861,341930,27,478,4,1055,1426281,7921255,37738,Unemployed,Married,Graduate,Rented,Medical,1
CUST01256,31,1617100,3227971,1,771,0,268997,4333100,5245082,134758,Salaried,Single,Graduate,Mortgaged,Business,0
CUST01257,45,1768907,1553109,24,893,2,5392,8829089,3848869,147408,Salaried,Married,Graduate,Mortgaged,Personal,0
CUST01258,45,1872663,1229441,6,444,5,17075,7195072,3493873,156055,Unemployed,Married,Graduate,Rented,Car,1
CUST01259,56,2368275,2135304,24,680,3,7414,7570442,2547262,197356,Business Owner,Single,Doctorate,Mortgaged,Car,0
CUST01260,33,442560,3639812,24,325,1,12638,7395040,3334054,36880,Salaried,Divorced,Graduate,Owned,Car,1
CUST01261,61,1152969,939869,8,681,0,9790,9224375,5074871,96080,Salaried,Married,Graduate,Rented,Business,0
CUST01262,41,699889,4867314,2,564,3,202804,2338575,7425711,58324,Business Owner,Divorced,Graduate,Mortgaged,Business,1
CUST01263,57,2267597,2132632,13,343,5,13670,7232005,3970418,188966,Salaried,Married,Graduate,Rented,Medical,1
CUST01264,32,1418510,795369,9,703,0,7364,788244,1479751,118209,Salaried,Married,Post-Graduate,Rented,Business,0
CUST01265,23,381043,402091,17,881,0,1971,2523584,7659592,31753,Salaried,Married,Post-Graduate,Mortgaged,Education,0
CUST01266,24,1776547,4293453,3,349,2,119262,391136,2519881,148045,Business Owner,Single,High School,Owned,Medical,1
CUST01267,38,250950,610425,2,835,1,25434,4362209,665560,20912,Self-Employed,Divorced,Post-Graduate,Owned,Car,0
CUST01268,62,794305,2123866,13,806,0,13614,1493193,4353303,66192,Salaried,Single,Post-Graduate,Rented,Home,0
CUST01269,24,1845216,3360039,23,628,1,12174,3929997,6324383,153768,Unemployed,Married,Graduate,Owned,Personal,0
CUST01270,37,1339112,2589826,10,840,3,21581,1432799,2060797,111592,Salaried,Married,Graduate,Owned,Medical,0
CUST01271,26,1938400,1349733,10,485,4,11247,454637,2232691,161533,Self-Employed,Single,Post-Graduate,Rented,Personal,1
CUST01272,62,1492296,584244,5,732,1,9737,4827483,2313956,124358,Salaried,Single,Post-Graduate,Rented,Education,0
CUST01273,51,2131186,3571458,9,718,4,33069,4164426,6453354,177598,Self-Employed,Married,Graduate,Rented,Personal,0
CUST01274,54,1472029,2476930,9,648,4,22934,4228844,7659143,122669,Salaried,Single,Graduate,Rented,Education,1
CUST01275,52,283521,288137,8,800,0,3001,3521137,6781762,23626,Salaried,Divorced,Post-Graduate,Rented,Car,0
CUST01276,50,317464,946931,10,825,5,7891,4151824,1809181,26455,Salaried,Single,Post-Graduate,Rented,Car,1
CUST01277,55,1975731,2835380,9,771,1,26253,138845,6793782,164644,Business Owner,Married,Graduate,Owned,Education,1
CUST01278,22,240713,883505,20,653,4,3681,4832538,2477090,20059,Salaried,Single,Post-Graduate,Rented,Car,0
CUST01279,59,1034866,1987670,10,886,4,16563,8486520,6933565,86238,Salaried,Single,Graduate,Mortgaged,Home,0
CUST01280,53,187843,666385,22,633,5,2524,1481388,7931144,15653,Salaried,Single,Graduate,Rented,Personal,1
CUST01281,53,862843,3995008,18,682,2,18495,1524356,5745020,71903,Self-Employed,Divorced,Post-Graduate,Owned,Education,1
CUST01282,38,1548571,3170527,19,413,3,13905,7822267,7640886,129047,Self-Employed,Married,High School,Mortgaged,Home,1
CUST01283,56,556606,3930560,17,492,0,19267,5059426,1139233,46383,Salaried,Divorced,High School,Rented,Business,0
CUST01284,38,1245332,309631,27,842,2,955,2646246,5238633,103777,Salaried,Married,Post-Graduate,Rented,Personal,0
CUST01285,24,2490637,1909020,8,598,5,19885,7868310,415220,207553,Self-Employed,Single,Graduate,Owned,Home,0
CUST01286,61,315661,1374700,29,606,0,3950,3317353,5218016,26305,Salaried,Single,High School,Rented,Home,0
CUST01287,32,299609,3132434,6,789,0,43506,6084365,2726121,24967,Salaried,Married,High School,Owned,Home,1
CUST01288,26,787432,4116403,5,495,4,68606,5604510,7759373,65619,Salaried,Single,Graduate,Rented,Education,1
CUST01289,48,2093468,1176366,24,459,3,4084,1776577,3960558,174455,Salaried,Single,Graduate,Mortgaged,Car,0
CUST01290,32,1103624,3860185,26,305,2,12372,7574510,6099529,91968,Unemployed,Married,Graduate,Rented,Business,1
CUST01291,58,1652811,2923013,3,438,1,81194,6220290,2420967,137734,Self-Employed,Single,Doctorate,Owned,Education,0
CUST01292,41,229595,4129089,18,607,1,19116,2164010,598944,19132,Salaried,Married,Graduate,Owned,Medical,1
CUST01293,22,1877439,452260,15,734,4,2512,7600209,5937655,156453,Business Owner,Married,Post-Graduate,Mortgaged,Car,0
CUST01294,62,308450,4955066,7,497,2,58988,6243108,1773920,25704,Salaried,Married,High School,Mortgaged,Home,1
CUST01295,44,1822535,2201291,16,566,4,11465,8562168,5779547,151877,Unemployed,Married,High School,Owned,Education,0
CUST01296,33,497610,1436405,20,432,2,5985,8219370,3717182,41467,Salaried,Married,Post-Graduate,Rented,Medical,1
CUST01297,51,2167321,954502,17,789,2,4678,3254672,7775396,180610,Business Owner,Married,Graduate,Rented,Medical,0
CUST01298,44,845912,4925309,16,614,1,25652,9373531,2820896,70492,Business Owner,Single,Post-Graduate,Mortgaged,Car,1
CUST01299,23,581911,4422736,26,386,3,14175,435821,3204584,48492,Business Owner,Single,Graduate,Mortgaged,Car,1
CUST01300,54,941256,699399,7,665,1,8326,3408011,5924120,78438,Salaried,Single,Graduate,Rented,Education,0
CUST01301,39,151937,2252259,19,501,5,9878,6118687,6285821,12661,Business Owner,Married,Graduate,Owned,Education,1
CUST01302,52,538038,3681008,10,819,2,30675,5393764,1006201,44836,Self-Employed,Married,Graduate,Mortgaged,Car,0
CUST01303,60,1556541,2974330,29,460,4,8546,2335108,5929599,129711,Salaried,Married,Post-Graduate,Mortgaged,Business,1
CUST01304,48,856831,985721,8,818,2,10267,2075269,3931517,71402,Salaried,Single,Graduate,Rented,Business,0
CUST01305,50,981567,1833890,26,718,2,5877,7830861,7909996,81797,Self-Employed,Single,Graduate,Rented,Education,0
CUST01306,32,2046989,1872279,19,381,2,8211,8773203,5048372,170582,Unemployed,Single,High School,Owned,Home,0
CUST01307,32,440900,1479268,7,755,2,17610,6830828,6188922,36741,Self-Employed,Widowed,Graduate,Rented,Education,0
CUST01308,39,1080345,4805472,23,732,2,17411,5349123,2751243,90028,Salaried,Single,Post-Graduate,Mortgaged,Business,1
CUST01309,58,587426,1054452,7,573,5,12553,7754549,2268596,48952,Self-Employed,Married,Graduate,Owned,Business,1
CUST01310,44,1284692,3547719,8,396,4,36955,2476442,6280612,107057,Salaried,Single,Doctorate,Mortgaged,Medical,1
CUST01311,36,929610,4563764,10,586,0,38031,9678558,122179,77467,Salaried,Married,Graduate,Owned,Medical,0
CUST01312,55,258638,3984326,20,665,0,16601,1337242,4643481,21553,Self-Employed,Married,Post-Graduate,Owned,Education,1
CUST01313,58,315048,4007355,12,379,0,27828,5887019,7745329,26254,Self-Employed,Single,Post-Graduate,Rented,Education,1
CUST01314,60,2152985,836112,17,504,4,4098,3476586,7929428,179415,Self-Employed,Married,Post-Graduate,Owned,Business,1
CUST01315,34,283746,709642,17,721,1,3478,9052704,5728552,23645,Salaried,Married,Post-Graduate,Rented,Car,0
CUST01316,52,1989367,3925452,6,631,2,54520,2523922,3978467,165780,Salaried,Married,Graduate,Rented,Education,0
CUST01317,47,2302661,3746288,7,895,4,44598,6454744,6500853,191888,Self-Employed,Widowed,Graduate,Rented,Business,0
CUST01318,41,1244654,3722373,9,430,0,34466,1646876,117317,103721,Salaried,Divorced,Post-Graduate,Mortgaged,Medical,0
CUST01319,39,883441,2121727,7,766,0,25258,1899269,6345953,73620,Unemployed,Married,Post-Graduate,Rented,Home,0
CUST01320,26,1974345,2641046,27,555,0,8151,4221128,1519794,164528,Unemployed,Divorced,Graduate,Owned,Medical,0
CUST01321,33,2458242,126213,12,433,1,876,8013150,5886088,204853,Business Owner,Married,Post-Graduate,Mortgaged,Home,0
CUST01322,45,433003,1490589,12,870,0,10351,2853196,2784103,36083,Business Owner,Married,Graduate,Owned,Car,0
CUST01323,60,2416262,2665418,20,673,3,11105,6967616,6011795,201355,Salaried,Married,Graduate,Owned,Business,0
CUST01324,59,2367781,672332,23,621,4,2435,5755625,4826324,197315,Salaried,Married,High School,Mortgaged,Home,0
CUST01325,30,485042,693729,20,476,1,2890,9781603,7435665,40420,Business Owner,Married,Post-Graduate,Owned,Car,0
CUST01326,51,278635,273809,16,828,3,1426,3077220,6299442,23219,Salaried,Married,Post-Graduate,Rented,Business,0
CUST01327,25,1830072,1089174,29,318,1,3129,2509976,7312890,152506,Business Owner,Married,Post-Graduate,Owned,Medical,0
CUST01328,51,332520,4964742,27,369,0,15323,9035798,1209848,27710,Salaried,Divorced,Graduate,Rented,Car,1
CUST01329,36,1561891,3495402,6,407,2,48547,3397942,3033813,130157,Business Owner,Single,Graduate,Rented,Education,1
CUST01330,41,302177,4743860,5,691,4,79064,2225070,3499304,25181,Salaried,Married,Graduate,Rented,Business,1
CUST01331,52,1773020,1322853,12,361,1,9186,8232761,247692,147751,Business Owner,Married,High School,Rented,Personal,0
CUST01332,40,694506,3014305,25,778,4,10047,8146856,182184,57875,Salaried,Divorced,High School,Owned,Car,1
CUST01333,56,376048,4464846,28,417,5,13288,722607,309452,31337,Self-Employed,Married,Graduate,Owned,Home,1
CUST01334,44,306545,1792551,21,705,0,7113,8575081,6137800,25545,Unemployed,Single,Post-Graduate,Mortgaged,Education,0
CUST01335,64,593116,3302990,21,777,0,13107,6368677,3573106,49426,Salaried,Single,Post-Graduate,Mortgaged,Car,0
CUST01336,49,1420767,3479530,7,827,1,41422,2860817,6013627,118397,Salaried,Single,High School,Mortgaged,Education,0
CUST01337,34,330100,4169803,18,475,5,19304,5401212,6679836,27508,Salaried,Single,Post-Graduate,Rented,Home,1
CUST01338,55,2035342,4848921,6,344,0,67346,2462596,288889,169611,Self-Employed,Single,Graduate,Rented,Education,0
CUST01339,39,1569715,3095188,16,754,2,16120,1771336,6780889,130809,Self-Employed,Single,Graduate,Rented,Car,0
CUST01340,44,848659,2933541,6,569,3,40743,1410411,1805288,70721,Self-Employed,Divorced,Post-Graduate,Rented,Business,0
CUST01341,27,2468489,4350805,3,869,0,120855,1734704,3235116,205707,Salaried,Married,Doctorate,Owned,Car,0
CUST01342,27,1697567,3438389,29,412,0,9880,5870078,7703394,141463,Salaried,Married,Graduate,Rented,Car,0
CUST01343,46,1729163,1840339,26,644,0,5898,8120956,7518810,144096,Business Owner,Married,Graduate,Owned,Car,0
CUST01344,30,558774,3169187,20,371,0,13204,4915854,4052811,46564,Self-Employed,Single,Graduate,Rented,Personal,1
CUST01345,64,1820289,2768245,19,591,3,12141,252907,106757,151690,Salaried,Married,Graduate,Rented,Medical,0
CUST01346,58,1464105,1182345,7,300,5,14075,4344500,6660345,122008,Salaried,Married,High School,Rented,Car,1
CUST01347,52,2463774,2603657,17,750,2,12763,7493730,354709,205314,Salaried,Married,High School,Rented,Medical,0
CUST01348,53,1273293,3136654,22,662,1,11881,8369269,5091968,106107,Business Owner,Married,Post-Graduate,Mortgaged,Home,0
CUST01349,47,1743327,4523764,16,358,1,23561,7353405,3666980,145277,Self-Employed,Single,High School,Mortgaged,Car,0
CUST01350,24,951652,2923337,9,599,5,27067,3757298,1118446,79304,Self-Employed,Married,Post-Graduate,Mortgaged,Car,1
CUST01351,38,244426,866331,12,556,5,6016,6531831,4116899,20368,Self-Employed,Married,Post-Graduate,Mortgaged,Medical,1
CUST01352,43,450604,4938843,25,704,3,16462,777010,2897871,37550,Business Owner,Single,Post-Graduate,Rented,Personal,1
CUST01353,61,2187463,2911400,8,599,2,30327,4154224,788201,182288,Salaried,Married,Graduate,Rented,Education,0
CUST01354,31,1884585,1471169,28,575,0,4378,5414668,4443407,157048,Salaried,Married,High School,Rented,Personal,0
CUST01355,43,1006993,3784434,22,798,5,14334,380374,350808,83916,Salaried,Single,Graduate,Mortgaged,Car,1
CUST01356,36,1789888,1954278,26,611,0,6263,242058,4306099,149157,Unemployed,Single,High School,Rented,Car,1
CUST01357,27,160254,1881746,15,788,0,10454,8037589,1808044,13354,Self-Employed,Married,Graduate,Rented,Medical,1
CUST01358,26,237376,4205216,7,831,4,50062,2280695,6645072,19781,Salaried,Single,Graduate,Mortgaged,Business,1
CUST01359,37,1342000,4344528,1,808,1,362044,1344501,7602057,111833,Business Owner,Married,Graduate,Rented,Home,0
CUST01360,25,1618665,2643432,16,873,0,13767,5961337,7457374,134888,Salaried,Divorced,Graduate,Owned,Education,0
CUST01361,24,2351985,1896423,12,718,3,13169,2879796,7501535,195998,Salaried,Married,Graduate,Rented,Business,0
CUST01362,37,1935198,4323216,4,637,0,90067,9795867,803704,161266,Self-Employed,Single,Post-Graduate,Rented,Medical,0
CUST01363,30,754727,907878,27,618,1,2802,9473150,4078046,62893,Unemployed,Married,Doctorate,Rented,Car,0
CUST01364,45,2065569,3748623,29,422,3,10771,8257048,1795260,172130,Salaried,Married,Graduate,Mortgaged,Home,0
CUST01365,22,1305055,2941039,11,796,1,22280,3088424,773681,108754,Salaried,Married,Graduate,Rented,Personal,0
CUST01366,34,2091171,4277581,20,715,4,17823,8766599,3137255,174264,Business Owner,Widowed,Post-Graduate,Mortgaged,Medical,1
CUST01367,41,558375,2131811,12,823,0,14804,2625877,3434473,46531,Self-Employed,Married,High School,Rented,Car,0
CUST01368,63,211631,4168530,15,720,3,23158,2472076,2371184,17635,Self-Employed,Single,Post-Graduate,Owned,Car,1
CUST01369,49,285577,125191,19,588,0,549,9736368,913322,23798,Salaried,Married,Graduate,Rented,Medical,0
CUST01370,59,2478577,3803424,13,477,4,24380,6774192,3266323,206548,Salaried,Divorced,Post-Graduate,Rented,Personal,0
CUST01371,36,339280,395701,24,891,4,1373,950728,1242886,28273,Salaried,Married,Graduate,Mortgaged,Car,0
CUST01372,41,2357480,3229893,6,740,4,44859,8876956,325769,196456,Salaried,Divorced,Post-Graduate,Rented,Business,0
CUST01373,40,1858475,1016622,20,824,1,4235,1690834,3610424,154872,Business Owner,Married,Post-Graduate,Rented,Business,0
CUST01374,60,493191,4819168,29,651,1,13848,6844480,528106,41099,Self-Employed,Widowed,Post-Graduate,Rented,Medical,1
CUST01375,63,2180575,3858183,25,606,5,12860,4439343,7727681,181714,Business Owner,Married,Graduate,Mortgaged,Business,1
CUST01376,63,488894,567853,2,320,4,23660,273129,6706891,40741,Salaried,Divorced,Graduate,Owned,Education,1
CUST01377,54,486752,4465595,4,341,1,93033,7897963,7407098,40562,Salaried,Divorced,Graduate,Owned,Home,1
CUST01378,43,1502476,1297112,19,724,0,5689,6897669,820654,125206,Self-Employed,Married,Post-Graduate,Rented,Medical,0
CUST01379,45,827548,2750922,27,434,2,8490,8855153,3719890,68962,Salaried,Divorced,Graduate,Rented,Personal,1
CUST01380,64,833435,472107,25,349,3,1573,7580793,6592600,69452,Salaried,Married,Graduate,Rented,Education,0
CUST01381,34,608319,572549,27,765,2,1767,9069632,4604231,50693,Salaried,Married,Post-Graduate,Owned,Car,0
CUST01382,36,1578047,1244506,5,672,4,20741,9764132,2452096,131503,Salaried,Married,High School,Rented,Home,0
CUST01383,60,213111,2695373,16,366,3,14038,5650329,6652375,17759,Salaried,Married,Post-Graduate,Owned,Car,1
CUST01384,38,725923,2737332,22,599,5,10368,266776,2473786,60493,Salaried,Married,High School,Owned,Personal,1
CUST01385,32,1450563,4285247,19,581,5,18794,3524001,7790632,120880,Business Owner,Married,Post-Graduate,Rented,Car,1
CUST01386,46,1293379,867442,23,302,2,3142,6233114,805976,107781,Salaried,Married,Graduate,Owned,Business,0
CUST01387,35,1794817,3759914,7,662,5,44760,1185085,5647992,149568,Self-Employed,Married,Post-Graduate,Rented,Education,1
CUST01388,60,658171,79106,14,538,2,470,1251827,106107,54847,Self-Employed,Divorced,High School,Mortgaged,Home,0
CUST01389,61,1672512,1490935,13,827,0,9557,4009000,7314235,139376,Salaried,Married,Graduate,Owned,Personal,0
CUST01390,35,1935865,916304,28,369,1,2727,9112591,2842308,161322,Salaried,Married,High School,Rented,Medical,0
CUST01391,44,1061925,663258,6,808,2,9211,3284641,163156,88493,Salaried,Divorced,Post-Graduate,Rented,Car,0
CUST01392,64,753504,2943397,10,303,5,24528,9359541,6682855,62792,Salaried,Married,High School,Owned,Business,1
CUST01393,53,1454274,4508374,1,758,4,375697,8049496,7739709,121189,Salaried,Married,Graduate,Rented,Medical,0
CUST01394,31,1510323,3351534,5,769,0,55858,3099979,7359643,125860,Unemployed,Married,High School,Owned,Personal,0
CUST01395,47,371133,4277739,29,544,0,12292,2387330,3885904,30927,Salaried,Married,Post-Graduate,Mortgaged,Home,1
CUST01396,48,1478014,2977644,25,468,3,9925,8294314,492684,123167,Salaried,Married,Graduate,Rented,Education,0
CUST01397,50,512613,315891,8,385,3,3290,7584679,1822169,42717,Unemployed,Single,Graduate,Owned,Business,0
CUST01398,23,1486741,1762641,21,503,4,6994,6339728,247264,123895,Self-Employed,Single,High School,Mortgaged,Car,1
CUST01399,34,2339717,4127188,18,701,1,19107,9783362,354412,194976,Self-Employed,Divorced,Graduate,Rented,Business,0
CUST01400,58,1412119,268835,27,734,4,829,1094838,1270404,117676,Salaried,Divorced,High School,Owned,Car,0
CUST01401,32,1939543,531202,9,408,2,4918,3919276,4505286,161628,Business Owner,Married,Graduate,Rented,Personal,0
CUST01402,34,877804,4177322,29,306,2,12003,6067404,6130318,73150,Self-Employed,Divorced,High School,Rented,Education,1
CUST01403,35,2318436,363253,11,636,2,2751,810534,4678753,193203,Self-Employed,Married,Doctorate,Rented,Home,0
CUST01404,29,2059981,4799249,21,648,5,19044,9762964,1639062,171665,Self-Employed,Single,Graduate,Rented,Personal,0
CUST01405,28,2304198,3805074,12,888,2,26424,5760843,4813979,192016,Salaried,Married,Graduate,Mortgaged,Education,0
CUST01406,36,1892751,3342321,20,756,3,13926,3150131,1846482,157729,Unemployed,Single,Graduate,Mortgaged,Car,0
CUST01407,59,1676072,2704737,10,630,5,22539,2467458,3688767,139672,Unemployed,Single,Graduate,Owned,Car,1
CUST01408,22,1383753,492232,25,655,0,1640,111293,7111541,115312,Self-Employed,Divorced,Post-Graduate,Mortgaged,Education,1
CUST01409,34,2331360,2102012,19,687,3,9219,5967163,1076346,194280,Salaried,Married,Post-Graduate,Owned,Home,0
CUST01410,24,2143252,4048397,9,571,4,37485,9770237,6999592,178604,Self-Employed,Single,Graduate,Mortgaged,Personal,1
CUST01411,46,1129254,4524117,28,706,5,13464,458644,2167945,94104,Salaried,Married,Post-Graduate,Owned,Home,1
CUST01412,32,351282,2262558,21,417,0,8978,4198435,5362313,29273,Self-Employed,Married,High School,Owned,Car,1
CUST01413,56,158498,4204552,13,798,4,26952,6654689,2090204,13208,Salaried,Married,Doctorate,Rented,Personal,1
CUST01414,47,698683,3894145,4,817,4,81128,4366234,1312110,58223,Business Owner,Single,Graduate,Owned,Medical,0
CUST01415,55,297042,335236,29,560,2,963,6544203,3603223,24753,Unemployed,Married,Post-Graduate,Mortgaged,Education,0
CUST01416,49,647029,3119866,22,574,4,11817,7154859,3049193,53919,Salaried,Married,Post-Graduate,Owned,Personal,1
CUST01417,40,407295,3099631,20,598,2,12915,9659450,4059729,33941,Self-Employed,Married,Graduate,Rented,Business,1
CUST01418,59,2455472,2737251,25,790,3,9124,6083415,1889419,204622,Business Owner,Divorced,Graduate,Mortgaged,Personal,0
CUST01419,42,374080,3872723,18,405,2,17929,7127257,7826637,31173,Salaried,Married,Doctorate,Rented,Medical,1
CUST01420,62,1623194,4453018,7,504,1,53012,3089667,5374764,135266,Salaried,Divorced,High School,Rented,Education,0
CUST01421,64,976500,2774928,7,668,4,33034,1593277,6724807,81375,Salaried,Widowed,Graduate,Mortgaged,Car,1
CUST01422,47,559406,1635917,3,716,1,45442,1089780,6239448,46617,Business Owner,Single,Graduate,Owned,Education,1
CUST01423,51,1797986,4915877,2,477,1,204828,1182604,5793253,149832,Salaried,Single,Graduate,Rented,Education,1
CUST01424,32,2430804,4819959,22,370,5,18257,8290888,1137069,202567,Salaried,Married,Graduate,Owned,Personal,1
CUST01425,57,2008024,3445935,25,604,5,11486,502177,4704693,167335,Salaried,Divorced,Post-Graduate,Owned,Home,1
CUST01426,50,2441811,3221151,5,683,3,53685,4885434,7183646,203484,Salaried,Single,Post-Graduate,Owned,Medical,0
CUST01427,60,1537001,565507,17,759,3,2772,6172345,768882,128083,Salaried,Single,Graduate,Rented,Home,0
CUST01428,33,1732900,2037999,4,301,2,42458,6757495,3702607,144408,Self-Employed,Married,Doctorate,Owned,Medical,0
CUST01429,55,494125,1031575,13,310,3,6612,753572,1474702,41177,Salaried,Married,High School,Rented,Education,1
CUST01430,42,2153178,2598724,23,531,3,9415,8618996,6360046,179431,Self-Employed,Single,Graduate,Rented,Medical,0
CUST01431,29,1907568,4139915,24,638,3,14374,4429646,7451028,158964,Self-Employed,Married,High School,Rented,Car,0
CUST01432,29,746956,1161424,28,302,3,3456,275451,413100,62246,Business Owner,Single,Graduate,Rented,Car,0
CUST01433,46,983784,4983945,10,404,3,41532,1414352,6410757,81982,Salaried,Widowed,Graduate,Owned,Car,1
CUST01434,35,1585591,691173,28,551,5,2057,8607914,2884649,132132,Self-Employed,Married,Graduate,Mortgaged,Medical,0
CUST01435,26,180534,536779,23,467,4,1944,9437119,7711188,15044,Self-Employed,Married,Graduate,Rented,Car,1
CUST01436,40,2072095,4873636,10,726,2,40613,7542773,118247,172674,Salaried,Divorced,Post-Graduate,Mortgaged,Education,0
CUST01437,50,809383,546630,10,320,3,4555,3400174,1531664,67448,Salaried,Married,Graduate,Rented,Home,1
CUST01438,35,326197,3689159,4,833,1,76857,9473535,5747877,27183,Salaried,Divorced,Graduate,Rented,Car,1
CUST01439,63,926911,3828765,27,401,1,11817,2829736,6227282,77242,Self-Employed,Single,Graduate,Rented,Business,1
CUST01440,55,2114056,1684037,6,564,4,23389,2412548,635607,176171,Salaried,Single,Doctorate,Rented,Home,1
CUST01441,44,794477,368553,8,891,3,3839,7672905,1280559,66206,Unemployed,Married,Post-Graduate,Rented,Business,0
CUST01442,62,1417098,1576996,12,697,0,10951,3291981,2706286,118091,Business Owner,Single,Post-Graduate,Rented,Medical,0
CUST01443,40,2057894,389372,4,899,2,8111,5247737,278586,171491,Self-Employed,Married,Doctorate,Rented,Business,0
CUST01444,28,229220,3377590,24,311,5,11727,6648639,6253989,19101,Unemployed,Married,Post-Graduate,Mortgaged,Personal,1
CUST01445,23,1935827,4449641,21,731,3,17657,1744351,5357240,161318,Self-Employed,Single,High School,Owned,Medical,0
CUST01446,62,828428,4985570,5,345,5,83092,9265350,5991731,69035,Salaried,Married,Graduate,Mortgaged,Business,1
CUST01447,63,1784547,4012226,5,667,3,66870,1746728,3756918,148712,Salaried,Married,Graduate,Mortgaged,Medical,0
CUST01448,53,592016,3884436,1,495,0,323703,9927426,5122316,49334,Business Owner,Married,High School,Owned,Personal,1
CUST01449,26,476661,4413737,28,766,1,13136,2846014,4582340,39721,Salaried,Single,Graduate,Owned,Education,1
CUST01450,34,2002500,3860875,13,374,0,24749,4225702,5552165,166875,Unemployed,Widowed,Graduate,Rented,Business,0
CUST01451,23,2048409,3270041,20,837,4,13625,2607474,3604711,170700,Salaried,Married,Graduate,Owned,Car,0
CUST01452,24,2456114,4981458,5,588,4,83024,5438373,5209850,204676,Salaried,Divorced,Post-Graduate,Owned,Personal,1
CUST01453,32,1741363,1646555,7,611,2,19601,108159,5162984,145113,Self-Employed,Married,Graduate,Rented,Home,1
CUST01454,46,1244816,2093169,16,642,4,10901,1788454,5130207,103734,Business Owner,Married,Doctorate,Rented,Personal,1
CUST01455,24,607868,4536250,7,321,3,54002,5241759,6979713,50655,Business Owner,Single,Post-Graduate,Owned,Home,1
CUST01456,64,843761,1589567,18,486,4,7359,6970356,2797237,70313,Salaried,Married,Post-Graduate,Mortgaged,Home,1
CUST01457,41,1673020,1528681,27,725,4,4718,9631297,7031269,139418,Salaried,Single,High School,Owned,Car,0
CUST01458,33,963341,802819,9,876,2,7433,8389967,225325,80278,Self-Employed,Widowed,Doctorate,Owned,Medical,0
CUST01459,44,1286252,1413778,18,890,3,6545,9224533,3889463,107187,Business Owner,Single,High School,Owned,Medical,0
CUST01460,55,544950,2988534,27,621,1,9223,8006628,3534606,45412,Salaried,Married,Post-Graduate,Mortgaged,Personal,0
CUST01461,35,1182472,4437682,26,454,4,14223,7787630,6944681,98539,Self-Employed,Married,High School,Mortgaged,Personal,1
CUST01462,24,709234,724503,1,586,5,60375,3523846,363677,59102,Salaried,Married,High School,Owned,Car,0
CUST01463,24,413489,3420071,4,578,1,71251,9059509,1734014,34457,Self-Employed,Married,Graduate,Rented,Home,1
CUST01464,58,460078,3843381,29,538,4,11044,9636313,3750939,38339,Salaried,Married,Post-Graduate,Owned,Home,1
CUST01465,26,1368015,4483576,27,516,0,13838,5184266,6523598,114001,Unemployed,Married,Post-Graduate,Owned,Home,0
CUST01466,49,1011090,3762737,10,820,2,31356,1291431,3712631,84257,Salaried,Divorced,Post-Graduate,Owned,Education,0
CUST01467,38,384839,821711,16,534,4,4279,522064,5111593,32069,Self-Employed,Married,Post-Graduate,Mortgaged,Medical,1
CUST01468,55,1358602,2470119,17,317,1,12108,4990303,1429772,113216,Self-Employed,Married,Graduate,Rented,Home,0
CUST01469,24,535995,4763869,20,732,1,19849,6384933,7546357,44666,Salaried,Divorced,Doctorate,Rented,Education,1
CUST01470,60,186293,4546640,22,699,2,17222,5590511,6274093,15524,Salaried,Single,Graduate,Owned,Personal,1
CUST01471,52,461483,3083073,11,527,0,23356,8973029,343872,38456,Self-Employed,Single,Post-Graduate,Mortgaged,Home,0
CUST01472,41,1204031,4817789,26,677,3,15441,5411487,5633674,100335,Self-Employed,Single,Post-Graduate,Mortgaged,Personal,0
CUST01473,30,2392154,3356773,2,864,0,139865,6643963,1035334,199346,Self-Employed,Married,Graduate,Owned,Education,0
CUST01474,64,717929,371209,1,854,1,30934,7603118,4476316,59827,Self-Employed,Married,Graduate,Rented,Business,0
CUST01475,34,819432,4574599,28,773,1,13614,8959166,5667542,68286,Salaried,Single,Post-Graduate,Rented,Education,0
CUST01476,43,720238,882322,6,650,5,12254,6135111,7407268,60019,Unemployed,Single,Doctorate,Mortgaged,Personal,0
CUST01477,38,984730,1934727,29,316,5,5559,5619191,564041,82060,Salaried,Single,Post-Graduate,Rented,Business,1
CUST01478,31,1835718,1228603,9,607,0,11375,863581,2297496,152976,Self-Employed,Married,Post-Graduate,Owned,Medical,0
CUST01479,39,906889,3611896,11,791,0,27362,6459277,5523013,75574,Unemployed,Single,Doctorate,Rented,Personal,0
CUST01480,28,1695286,198430,1,806,4,16535,1880531,2096257,141273,Business Owner,Married,Graduate,Rented,Personal,0
CUST01481,22,2260888,3219686,28,763,1,9582,3750517,5700790,188407,Salaried,Widowed,Graduate,Rented,Education,0
CUST01482,34,2373527,4328688,11,891,3,32793,5369166,1467486,197793,Salaried,Married,Graduate,Owned,Medical,0
CUST01483,26,1472969,3949375,5,609,5,65822,918126,1308652,122747,Self-Employed,Divorced,Graduate,Mortgaged,Car,1
CUST01484,39,1826112,1569604,15,365,0,8720,6976021,4355518,152176,Salaried,Widowed,Post-Graduate,Mortgaged,Car,0
CUST01485,59,2310025,4489866,5,598,5,74831,2877266,5512805,192502,Self-Employed,Married,Graduate,Rented,Medical,1
CUST01486,28,1998725,1842102,23,491,0,6674,5190327,1642857,166560,Salaried,Married,Post-Graduate,Rented,Education,0
CUST01487,22,854823,3416301,3,801,1,94897,3567441,6991632,71235,Salaried,Married,Graduate,Rented,Personal,0
CUST01488,26,460266,2558023,15,766,3,14211,3619527,6951164,38355,Salaried,Married,Post-Graduate,Rented,Home,1
CUST01489,43,419861,384815,12,554,5,2672,3998430,649633,34988,Self-Employed,Married,Graduate,Owned,Education,1
CUST01490,33,2222822,64531,2,532,3,2688,606232,2434478,185235,Self-Employed,Single,Graduate,Rented,Personal,1
CUST01491,43,1457113,956544,2,395,0,39856,2034172,4448967,121426,Salaried,Married,High School,Rented,Personal,0
CUST01492,23,846413,4676534,16,325,1,24356,7880220,3927448,70534,Salaried,Divorced,Post-Graduate,Mortgaged,Car,1
CUST01493,36,962011,4772192,12,487,4,33140,1306505,2039931,80167,Salaried,Married,Graduate,Owned,Home,1
CUST01494,39,811951,2080021,4,444,3,43333,5022222,4236086,67662,Self-Employed,Married,Graduate,Rented,Personal,1
CUST01495,40,2034481,4844819,5,459,0,80746,1486375,7702231,169540,Self-Employed,Married,Post-Graduate,Rented,Education,0
CUST01496,45,1589160,294806,24,899,3,1023,5434012,2461172,132430,Business Owner,Married,Graduate,Mortgaged,Business,0
CUST01497,55,2216645,4838695,22,708,2,18328,6472438,1752188,184720,Unemployed,Married,Graduate,Rented,Home,0
CUST01498,42,859165,1193035,18,630,0,5523,4742685,5907356,71597,Salaried,Married,Graduate,Owned,Medical,0
CUST01499,58,1260547,232157,25,407,1,773,7737906,4565423,105045,Business Owner,Married,Graduate,Rented,Education,0
CUST01500,44,436076,3801443,3,804,5,105595,2726919,5536583,36339,Salaried,Married,Graduate,Owned,Car,1
CUST01501,33,2432693,1943118,20,686,4,8096,5623169,5171028,202724,Self-Employed,Divorced,Graduate,Rented,Medical,0
CUST01502,31,1352879,1497043,22,608,0,5670,2836097,6086488,112739,Salaried,Single,Graduate,Rented,Personal,0
CUST01503,35,1449580,3810379,6,579,0,52921,5138740,5834202,120798,Self-Employed,Divorced,Graduate,Rented,Home,0
CUST01504,47,1122116,1698651,16,631,2,8847,728657,4847363,93509,Self-Employed,Single,Graduate,Rented,Personal,1
CUST01505,32,786662,3776784,23,803,2,13684,2763846,3635910,65555,Salaried,Widowed,Graduate,Owned,Car,0
CUST01506,61,2378752,1016461,18,732,2,4705,7105230,3681458,198229,Business Owner,Married,Graduate,Rented,Business,0
CUST01507,42,1299092,475249,8,590,4,4950,7802535,2123058,108257,Business Owner,Married,Graduate,Mortgaged,Car,0
CUST01508,59,1735713,1658359,20,700,1,6909,2791541,3591336,144642,Unemployed,Married,Graduate,Rented,Medical,0
CUST01509,51,237679,3066969,23,857,0,11112,2656104,4840051,19806,Salaried,Married,Post-Graduate,Mortgaged,Car,1
CUST01510,36,798436,1163641,1,495,4,96970,3055757,5732276,66536,Unemployed,Married,Graduate,Rented,Car,0
CUST01511,31,2039402,757204,17,840,5,3711,2864489,6183343,169950,Self-Employed,Single,Post-Graduate,Rented,Home,0
CUST01512,53,356412,3758293,15,664,1,20879,9935651,3016281,29701,Self-Employed,Single,Graduate,Rented,Business,1
CUST01513,36,388372,2491386,11,411,2,18874,6545973,5863662,32364,Salaried,Single,Graduate,Mortgaged,Personal,1
CUST01514,32,2053121,2185711,2,880,3,91071,3919544,3498078,171093,Business Owner,Married,Post-Graduate,Owned,Home,0
CUST01515,62,875558,1236444,3,711,0,34345,4673658,2866837,72963,Self-Employed,Married,High School,Owned,Home,0
CUST01516,42,793615,137591,22,531,5,521,5155902,1309368,66134,Self-Employed,Single,Doctorate,Owned,Car,0
CUST01517,24,1478493,313147,24,428,1,1087,5574577,2127074,123207,Unemployed,Married,Graduate,Rented,Education,0
CUST01518,43,608065,3423403,13,849,3,21944,3926083,5437043,50672,Salaried,Single,High School,Rented,Home,1
CUST01519,41,250991,446096,28,793,2,1327,9746808,1731504,20915,Self-Employed,Single,Graduate,Rented,Education,0
CUST01520,59,160457,1272293,27,326,4,3926,2972892,615397,13371,Salaried,Married,Post-Graduate,Owned,Car,1
CUST01521,52,336394,4558920,20,681,1,18995,4330407,2175680,28032,Salaried,Married,High School,Rented,Business,1
CUST01522,30,522547,1752680,17,368,0,8591,157922,7924097,43545,Salaried,Single,Graduate,Owned,Education,1
CUST01523,28,1785873,3735997,28,476,3,11119,4966864,1198206,148822,Salaried,Divorced,Post-Graduate,Mortgaged,Home,0
CUST01524,47,850183,1749446,18,640,5,8099,8563374,1149900,70848,Salaried,Married,Graduate,Owned,Car,1
CUST01525,24,318676,4662528,28,449,3,13876,9972903,3225398,26556,Salaried,Married,High School,Rented,Medical,1
CUST01526,35,183897,4118217,29,607,4,11833,4784221,3063827,15324,Salaried,Single,High School,Rented,Home,1
CUST01527,27,1271144,2376450,6,557,2,33006,1480592,7362400,105928,Self-Employed,Married,Graduate,Rented,Home,0
CUST01528,22,2124300,3437823,20,648,0,14324,7226914,1902245,177025,Salaried,Divorced,Graduate,Rented,Home,0
CUST01529,61,945934,2095797,22,780,2,7938,6441565,3337979,78827,Salaried,Married,Graduate,Mortgaged,Home,0
CUST01530,25,300049,4724812,24,393,5,16405,9590701,2325265,25004,Salaried,Single,Doctorate,Rented,Business,1
CUST01531,22,685986,1824116,11,777,4,13819,5101083,1999138,57165,Salaried,Married,High School,Rented,Business,0
CUST01532,62,1323513,4190465,25,433,4,13968,128030,2579625,110292,Salaried,Married,High School,Owned,Medical,1
CUST01533,30,593630,3100720,15,320,1,17226,9017743,2056914,49469,Unemployed,Single,Graduate,Rented,Home,1
CUST01534,57,2449424,3236247,12,567,3,22473,6782892,5746693,204118,Self-Employed,Married,Graduate,Rented,Medical,0
CUST01535,23,1944016,1790218,5,481,3,29836,8021802,6321031,162001,Salaried,Single,High School,Mortgaged,Medical,0
CUST01536,28,959760,4172720,10,410,3,34772,1274542,1413994,79980,Salaried,Married,Graduate,Rented,Medical,1
CUST01537,26,2386124,3744052,29,553,5,10758,4626120,3967279,198843,Salaried,Married,Post-Graduate,Rented,Medical,1
CUST01538,52,913799,4085694,21,821,4,16213,4633854,2110852,76149,Self-Employed,Married,High School,Mortgaged,Medical,0
CUST01539,48,479422,4016520,22,651,1,15214,2749240,6940651,39951,Unemployed,Divorced,Post-Graduate,Owned,Education,1
CUST01540,42,2354967,830160,26,736,1,2660,8483142,809648,196247,Salaried,Married,Post-Graduate,Rented,Home,0
CUST01541,32,2405250,4385430,8,389,3,45681,1961658,3273295,200437,Salaried,Single,Graduate,Rented,Medical,1
CUST01542,25,884743,4217125,20,345,5,17571,807808,2651679,73728,Self-Employed,Married,Post-Graduate,Owned,Business,1
CUST01543,46,1547691,1251864,11,501,5,9483,2419819,2907741,128974,Salaried,Married,Post-Graduate,Owned,Personal,1
CUST01544,31,557237,4909178,25,764,3,16363,9897173,7529933,46436,Salaried,Married,Graduate,Rented,Education,1
CUST01545,47,1657901,2658759,13,831,3,17043,1223123,4326111,138158,Self-Employed,Divorced,Graduate,Owned,Business,1
CUST01546,51,1771778,1643467,25,361,4,5478,5850274,3040871,147648,Self-Employed,Married,High School,Mortgaged,Education,1
CUST01547,58,1818326,1156050,22,585,5,4378,1912703,6463699,151527,Salaried,Widowed,Graduate,Rented,Education,1
CUST01548,43,1486527,1855346,23,537,0,6722,4010435,6218706,123877,Business Owner,Single,Post-Graduate,Rented,Business,0
CUST01549,22,1804679,235901,27,746,1,728,5563258,1158529,150389,Salaried,Single,Graduate,Rented,Business,0
CUST01550,34,1454365,3468991,23,423,2,12568,293151,3693631,121197,Salaried,Single,Graduate,Owned,Car,1
CUST01551,58,2076556,3553735,10,590,3,29614,2487892,3296799,173046,Self-Employed,Married,Post-Graduate,Owned,Car,0
CUST01552,44,572029,3355500,16,809,1,17476,5909548,3596797,47669,Self-Employed,Single,Doctorate,Rented,Car,0
CUST01553,48,1286151,2767457,14,578,1,16472,243559,2791307,107179,Self-Employed,Single,High School,Rented,Home,1
CUST01554,41,1128528,1845582,2,768,0,76899,4999415,6591767,94044,Self-Employed,Widowed,Graduate,Rented,Business,0
CUST01555,28,1403392,3633440,18,673,0,16821,6075646,7967615,116949,Self-Employed,Single,High School,Rented,Business,0
CUST01556,60,483895,4363343,13,658,2,27970,2231638,214555,40324,Business Owner,Single,Doctorate,Rented,Personal,1
CUST01557,55,910993,483733,12,455,5,3359,1705557,6853170,75916,Self-Employed,Married,Graduate,Mortgaged,Medical,1
CUST01558,64,2392230,1945259,4,895,1,40526,4955430,6919091,199352,Salaried,Single,High School,Rented,Education,0
CUST01559,58,397355,4977854,15,449,1,27654,7214500,2924783,33112,Self-Employed,Single,Graduate,Mortgaged,Business,1
CUST01560,34,1642971,4316747,17,858,1,21160,226613,3881667,136914,Salaried,Single,Graduate,Owned,Business,1
CUST01561,32,1711904,4972025,4,893,5,103583,3444028,816560,142658,Self-Employed,Single,High School,Rented,Medical,1
CUST01562,32,1265111,957304,19,606,3,4198,9994828,2809017,105425,Salaried,Married,Post-Graduate,Rented,Business,0
CUST01563,61,228983,2351749,5,821,3,39195,3423336,1905946,19081,Salaried,Married,Post-Graduate,Rented,Home,1
CUST01564,45,230736,695255,5,729,1,11587,3387932,7254679,19228,Self-Employed,Married,High School,Owned,Business,0
CUST01565,41,797742,4336990,12,742,5,30117,7403035,856755,66478,Self-Employed,Married,Doctorate,Owned,Education,1
CUST01566,63,390908,2618147,12,341,1,18181,4854199,2718874,32575,Salaried,Married,High School,Owned,Car,1
CUST01567,47,371440,1255664,27,382,5,3875,3973762,3847295,30953,Salaried,Divorced,High School,Owned,Business,1
CUST01568,61,526284,497103,2,341,5,20712,7869303,7821578,43857,Business Owner,Married,Graduate,Rented,Business,1
CUST01569,64,598208,3700952,11,318,3,28037,404714,6538706,49850,Unemployed,Single,High School,Rented,Home,1
CUST01570,25,2120417,4068627,22,801,5,15411,7156505,7490851,176701,Salaried,Single,Graduate,Owned,Personal,0
CUST01571,37,1651017,4402167,8,405,5,45855,3868504,2481396,137584,Salaried,Single,Graduate,Rented,Business,1
CUST01572,53,221463,4858320,29,303,3,13960,8896734,2143385,18455,Salaried,Married,High School,Rented,Medical,1
CUST01573,56,1626920,4082598,22,862,4,15464,7276894,4570905,135576,Salaried,Married,Doctorate,Owned,Education,0
CUST01574,28,471265,3942266,28,467,3,11732,9419124,2724821,39272,Salaried,Single,Graduate,Owned,Home,1
CUST01575,35,1139479,4068281,28,789,3,12107,1374726,126489,94956,Business Owner,Single,Graduate,Rented,Education,0
CUST01576,45,239406,4993564,4,876,2,104032,1972860,6497340,19950,Salaried,Divorced,Graduate,Rented,Personal,1
CUST01577,56,361904,2341981,14,613,3,13940,9040998,758957,30158,Salaried,Married,Post-Graduate,Mortgaged,Business,1
CUST01578,26,461598,3804955,22,856,1,14412,3964958,1564880,38466,Salaried,Single,High School,Owned,Car,1
CUST01579,47,1168428,4108950,1,881,1,342412,8174099,7545898,97369,Salaried,Divorced,High School,Rented,Car,0
CUST01580,34,1238240,625590,14,386,1,3723,6899488,5855612,103186,Salaried,Married,Post-Graduate,Rented,Business,0
CUST01581,31,978950,3468988,20,387,0,14454,5047300,5139968,81579,Salaried,Married,High School,Mortgaged,Business,0
CUST01582,44,1607398,1727224,23,521,5,6258,545740,1033209,133949,Salaried,Married,Post-Graduate,Rented,Personal,1
CUST01583,39,1843079,705634,13,635,1,4523,831339,2006219,153589,Self-Employed,Married,Graduate,Owned,Education,0
CUST01584,49,1862522,893301,26,771,4,2863,7197754,1644844,155210,Salaried,Single,Post-Graduate,Mortgaged,Personal,0
CUST01585,35,1510712,615212,20,409,2,2563,1063639,5130650,125892,Self-Employed,Widowed,High School,Rented,Home,0
CUST01586,57,1432056,4493838,2,416,2,187243,148346,4004046,119338,Business Owner,Married,Doctorate,Mortgaged,Car,1
CUST01587,25,1305179,3871014,9,483,1,35842,2273344,2884344,108764,Salaried,Married,Graduate,Owned,Personal,0
CUST01588,59,709146,555637,28,462,4,1653,9149475,5967053,59095,Salaried,Married,High School,Rented,Education,0
CUST01589,23,1294407,3146047,1,864,3,262170,6302352,6223757,107867,Business Owner,Widowed,Post-Graduate,Rented,Car,0
CUST01590,53,173730,3319125,4,537,2,69148,7209877,5915429,14477,Salaried,Single,High School,Owned,Personal,1
CUST01591,36,2420797,2620911,10,820,3,21840,6556431,846237,201733,Salaried,Single,Graduate,Rented,Personal,0
CUST01592,38,1019719,3050241,29,333,4,8765,5698441,4871378,84976,Business Owner,Married,Graduate,Owned,Medical,1
CUST01593,22,1927291,4540945,21,361,3,18019,2638002,1680230,160607,Self-Employed,Single,High School,Owned,Personal,1
CUST01594,52,2398254,2618322,5,782,2,43638,4346119,2176901,199854,Unemployed,Married,Graduate,Owned,Personal,0
CUST01595,29,1317901,3314972,12,449,5,23020,5493586,7826542,109825,Salaried,Married,Graduate,Mortgaged,Personal,1
CUST01596,50,2175293,2876936,28,349,5,8562,9881445,3323022,181274,Salaried,Single,Graduate,Mortgaged,Home,1
CUST01597,53,1276173,2010926,7,656,5,23939,9002132,6300755,106347,Salaried,Single,Graduate,Rented,Education,0
CUST01598,58,460879,4459732,17,388,0,21861,7391466,1969714,38406,Salaried,Married,Post-Graduate,Rented,Education,1
CUST01599,52,212225,2098962,14,336,5,12493,8151515,7778833,17685,Salaried,Single,Graduate,Owned,Personal,1
CUST01600,34,468712,4009758,23,543,1,14528,8092200,2216139,39059,Salaried,Single,Graduate,Rented,Car,1
CUST01601,53,2364896,3045959,22,630,3,11537,6710574,1455751,197074,Salaried,Married,Graduate,Mortgaged,Medical,0
CUST01602,57,1266504,3440534,25,616,3,11468,8271311,2585792,105542,Salaried,Single,Graduate,Mortgaged,Personal,0
CUST01603,35,900058,3813362,4,650,1,79445,825571,1387500,75004,Salaried,Married,High School,Rented,Car,1
CUST01604,27,1198243,3692892,14,314,0,21981,316561,4790781,99853,Salaried,Widowed,Graduate,Owned,Education,1
CUST01605,60,751456,2843548,21,474,5,11283,4498341,1152178,62621,Self-Employed,Married,High School,Mortgaged,Medical,1
CUST01606,28,2195799,3096650,13,506,5,19850,641375,1660759,182983,Salaried,Married,Post-Graduate,Mortgaged,Home,1
CUST01607,47,2498610,2568366,20,475,1,10701,3460140,5617152,208217,Self-Employed,Married,High School,Mortgaged,Education,0
CUST01608,32,349552,1728701,19,635,3,7582,2063813,340556,29129,Salaried,Widowed,High School,Rented,Car,0
CUST01609,27,1838920,3648158,11,437,0,27637,9581053,3523773,153243,Salaried,Divorced,Graduate,Owned,Car,0
CUST01610,55,938660,4400460,3,679,3,122235,6586654,5539637,78221,Unemployed,Married,Graduate,Mortgaged,Personal,1
CUST01611,28,261304,3541059,29,861,1,10175,515501,3563782,21775,Unemployed,Single,Post-Graduate,Rented,Car,1
CUST01612,50,2317194,3872238,24,696,4,13445,6277097,174451,193099,Salaried,Single,Post-Graduate,Owned,Personal,0
CUST01613,51,295430,4160216,26,533,3,13334,7351416,1264127,24619,Salaried,Single,Doctorate,Owned,Education,1
CUST01614,24,633870,1868437,9,560,2,17300,3319119,7766278,52822,Business Owner,Single,Graduate,Rented,Home,1
CUST01615,29,209928,359631,10,651,4,2996,8839270,6176987,17494,Salaried,Single,High School,Mortgaged,Business,0
CUST01616,56,1257515,1720979,10,734,2,14341,9732687,2802284,104792,Salaried,Divorced,Post-Graduate,Mortgaged,Personal,0
CUST01617,43,1559104,3787013,1,480,0,315584,9808652,6989515,129925,Salaried,Single,Post-Graduate,Mortgaged,Car,0
CUST01618,27,903581,4087818,5,323,3,68130,1021755,52650,75298,Salaried,Single,High School,Rented,Personal,1
CUST01619,64,318176,2593114,9,721,4,24010,4545350,378730,26514,Self-Employed,Divorced,High School,Mortgaged,Business,1
CUST01620,33,422964,3904019,29,696,2,11218,7789529,7076682,35247,Self-Employed,Widowed,Graduate,Owned,Home,1
CUST01621,22,2343462,419730,6,360,1,5829,4483710,5393743,195288,Salaried,Single,Graduate,Owned,Business,0
CUST01622,61,2043904,3238425,15,675,0,17991,4860683,4798436,170325,Salaried,Single,Graduate,Owned,Home,0
CUST01623,22,2351730,3411099,16,342,1,17766,3350491,2756107,195977,Salaried,Married,Graduate,Mortgaged,Business,0
CUST01624,45,1397388,2563808,11,685,4,19422,4246458,6539138,116449,Self-Employed,Widowed,Doctorate,Mortgaged,Education,1
CUST01625,64,1433227,3596873,27,746,1,11101,6976062,4865374,119435,Business Owner,Married,Graduate,Mortgaged,Car,0
CUST01626,46,1997092,2482763,3,309,5,68965,353093,3480197,166424,Salaried,Married,Post-Graduate,Mortgaged,Medical,1
CUST01627,47,1599101,2641954,26,736,1,8467,8013758,3044336,133258,Self-Employed,Married,High School,Rented,Home,0
CUST01628,38,1175635,3039633,22,372,2,11513,7305216,2833455,97969,Salaried,Married,Graduate,Mortgaged,Home,0
CUST01629,27,835951,3979304,9,459,4,36845,1472644,4602520,69662,Self-Employed,Single,Post-Graduate,Rented,Education,1
CUST01630,46,1290942,1281091,23,722,3,4641,7738597,5241515,107578,Salaried,Married,High School,Mortgaged,Business,0
CUST01631,60,300335,1536228,13,513,0,9847,5261877,6438276,25027,Salaried,Divorced,Graduate,Mortgaged,Car,1
CUST01632,25,602253,2123274,29,886,0,6101,3257679,3248006,50187,Salaried,Married,Graduate,Rented,Personal,0
CUST01633,59,1883032,1049440,2,874,1,43726,4608831,2030943,156919,Business Owner,Single,Graduate,Owned,Education,0
CUST01634,39,2189926,1704407,1,892,5,142033,5217932,4449668,182493,Salaried,Married,Post-Graduate,Owned,Medical,0
CUST01635,45,389197,1786133,16,362,0,9302,2184301,4667354,32433,Salaried,Married,Post-Graduate,Mortgaged,Business,0
CUST01636,29,377731,1605473,28,405,0,4778,6103777,2222583,31477,Business Owner,Single,Post-Graduate,Rented,Business,0
CUST01637,48,351060,2079750,2,409,4,86656,6329327,586377,29255,Self-Employed,Single,Graduate,Rented,Car,1
CUST01638,29,2010208,2548673,23,651,3,9234,3739687,2661163,167517,Salaried,Single,Post-Graduate,Mortgaged,Car,0
CUST01639,33,881374,3494871,28,558,5,10401,4659239,564585,73447,Salaried,Widowed,Graduate,Rented,Business,1
CUST01640,53,917896,1549552,15,747,1,8608,6194261,657526,76491,Business Owner,Single,High School,Rented,Personal,0
CUST01641,24,179294,4235323,26,469,3,13574,5085444,7727408,14941,Salaried,Married,Post-Graduate,Mortgaged,Car,1
CUST01642,41,2435609,2423165,22,419,0,9178,4397857,6250975,202967,Salaried,Married,High School,Rented,Education,0
CUST01643,47,1169983,3618545,7,689,3,43077,9566346,283543,97498,Salaried,Divorced,High School,Rented,Car,0
CUST01644,27,2023999,618293,25,670,0,2060,8792891,2790806,168666,Salaried,Widowed,Post-Graduate,Rented,Home,0
CUST01645,34,1813050,911238,21,714,5,3616,3858268,2037022,151087,Self-Employed,Widowed,High School,Rented,Education,0
CUST01646,36,483171,2295142,1,487,2,191261,7213280,7799993,40264,Business Owner,Divorced,High School,Rented,Medical,1
CUST01647,50,2033169,1862774,17,615,1,9131,8120749,3501016,169430,Salaried,Married,High School,Owned,Personal,0
CUST01648,63,1443213,2505804,19,857,5,10990,1193949,2078070,120267,Unemployed,Single,Post-Graduate,Mortgaged,Home,1
CUST01649,57,1570122,834147,24,666,0,2896,5958784,5078060,130843,Self-Employed,Single,High School,Rented,Home,0
CUST01650,30,620742,2394361,23,859,4,8675,8016071,3800421,51728,Self-Employed,Married,Graduate,Mortgaged,Business,0
CUST01651,22,2140154,3449284,14,560,3,20531,668204,1498428,178346,Salaried,Single,Graduate,Rented,Medical,0
CUST01652,24,2339417,3655852,9,326,4,33850,3441305,2444257,194951,Salaried,Married,Graduate,Owned,Medical,1
CUST01653,47,1105280,1278450,6,756,1,17756,7998248,1018860,92106,Self-Employed,Single,Graduate,Rented,Business,0
CUST01654,28,367321,1754929,3,576,5,48748,9362127,5551402,30610,Self-Employed,Married,Post-Graduate,Rented,Personal,1
CUST01655,31,2144614,2650665,19,325,2,11625,9924816,7765369,178717,Salaried,Single,Post-Graduate,Rented,Education,0
CUST01656,58,2235372,2613989,28,383,2,7779,6073375,6466927,186281,Salaried,Single,Post-Graduate,Rented,Personal,0
CUST01657,59,1340212,3969557,3,487,2,110265,521700,3002828,111684,Salaried,Married,Post-Graduate,Rented,Personal,1
CUST01658,58,1510999,1981935,21,414,1,7864,373021,3896085,125916,Salaried,Married,Graduate,Mortgaged,Business,1
CUST01659,32,674134,3371149,17,710,1,16525,8130324,486747,56177,Salaried,Divorced,High School,Owned,Personal,0
CUST01660,48,308562,4424583,5,666,0,73743,7370190,2935420,25713,Salaried,Married,Graduate,Mortgaged,Home,1
CUST01661,48,2368742,1526951,7,497,2,18177,2019033,256649,197395,Salaried,Married,Graduate,Rented,Personal,0
CUST01662,29,1284950,4123712,9,350,2,38182,1394270,5958010,107079,Business Owner,Single,Graduate,Rented,Medical,1
CUST01663,45,796181,1697690,20,347,2,7073,1542917,7273820,66348,Business Owner,Single,High School,Owned,Business,1
CUST01664,44,1779096,1705243,9,867,5,15789,8784948,1531640,148258,Salaried,Married,Post-Graduate,Owned,Car,0
CUST01665,39,211573,3284153,25,507,0,10947,7670176,5391857,17631,Salaried,Single,Graduate,Rented,Business,1
CUST01666,54,337859,3127841,11,364,5,23695,9488470,4795730,28154,Salaried,Married,Graduate,Rented,Home,1
CUST01667,51,720284,2769865,4,726,5,57705,1224701,3342729,60023,Salaried,Divorced,Doctorate,Mortgaged,Medical,1
CUST01668,44,1209025,1194571,3,821,0,33182,6983032,5868995,100752,Business Owner,Single,Graduate,Rented,Car,0
CUST01669,53,1011715,527147,12,373,4,3660,9244526,5437976,84309,Salaried,Married,High School,Rented,Home,0
CUST01670,54,590265,4549278,12,866,1,31592,5375440,2154156,49188,Business Owner,Married,Graduate,Rented,Car,0
CUST01671,46,975671,4376258,22,734,0,16576,7763011,6387955,81305,Salaried,Single,Graduate,Mortgaged,Personal,0
CUST01672,33,934692,4439021,14,451,5,26422,6060423,5245594,77891,Unemployed,Married,Graduate,Mortgaged,Car,1
CUST01673,54,1382968,2587435,5,765,0,43123,169404,2499990,115247,Self-Employed,Married,Doctorate,Owned,Personal,1
CUST01674,52,1472442,4428464,7,551,1,52719,4345666,5881809,122703,Self-Employed,Widowed,Post-Graduate,Rented,Medical,0
CUST01675,64,2225348,2393137,17,681,0,11731,2687483,5125128,185445,Unemployed,Single,Post-Graduate,Mortgaged,Business,0
CUST01676,28,2045929,423732,10,376,0,3531,927469,939333,170494,Salaried,Married,Post-Graduate,Owned,Personal,0
CUST01677,40,836994,1032274,20,446,0,4301,5996478,1330935,69749,Salaried,Single,Graduate,Owned,Personal,0
CUST01678,61,2271269,1399381,27,764,5,4319,9295550,2591259,189272,Salaried,Single,Post-Graduate,Mortgaged,Business,0
CUST01679,44,1373810,1916119,11,783,0,14516,633582,354781,114484,Business Owner,Married,Graduate,Rented,Home,0
CUST01680,62,591042,4698316,17,306,4,23030,3358946,3250448,49253,Business Owner,Married,High School,Mortgaged,Medical,1
CUST01681,22,949326,1697483,25,428,0,5658,6729434,3692386,79110,Salaried,Married,Doctorate,Rented,Business,0
CUST01682,23,1893141,3082454,7,664,5,36695,3197192,6207659,157761,Self-Employed,Divorced,Graduate,Rented,Medical,1
CUST01683,56,2081166,1390141,15,843,5,7723,1253434,1371941,173430,Salaried,Single,High School,Rented,Business,0
CUST01684,37,1029192,3234204,9,704,3,29946,1994115,4540041,85766,Salaried,Married,Post-Graduate,Rented,Business,1
CUST01685,44,520363,2858662,19,723,4,12537,343990,5316909,43363,Self-Employed,Single,Graduate,Mortgaged,Personal,1
CUST01686,40,600934,794624,22,533,1,3009,9924841,3596491,50077,Salaried,Married,High School,Rented,Medical,0
CUST01687,39,393249,2338263,5,332,4,38971,4965804,7258698,32770,Salaried,Single,Graduate,Mortgaged,Education,1
CUST01688,62,1792033,571708,6,759,1,7940,9431387,2550179,149336,Self-Employed,Single,Graduate,Rented,Home,0
CUST01689,26,1332038,4451528,1,779,3,370960,6888101,3263377,111003,Salaried,Married,Graduate,Mortgaged,Home,0
CUST01690,55,1210279,3535448,1,565,5,294620,3559380,32490,100856,Salaried,Married,High School,Rented,Car,1
CUST01691,60,1728935,4709652,2,603,4,196235,9429832,3286012,144077,Salaried,Married,Graduate,Owned,Medical,1
CUST01692,50,2097365,4384325,21,441,1,17398,2674053,161760,174780,Salaried,Widowed,Graduate,Rented,Education,0
CUST01693,38,2019484,1136393,27,571,4,3507,1888319,7870917,168290,Self-Employed,Married,Graduate,Owned,Medical,1
CUST01694,28,472290,3550772,12,445,5,24658,8073158,1923569,39357,Business Owner,Married,Graduate,Owned,Car,1
CUST01695,51,1535618,545521,26,552,5,1748,5578044,6497199,127968,Salaried,Widowed,High School,Mortgaged,Medical,1
CUST01696,42,2223907,4804969,22,380,4,18200,4283839,933524,185325,Business Owner,Married,Graduate,Mortgaged,Business,1
CUST01697,28,1968546,3937420,24,663,4,13671,5923011,2193813,164045,Self-Employed,Single,Graduate,Owned,Car,0
CUST01698,37,924119,3418382,22,448,4,12948,9681101,956692,77009,Business Owner,Married,Graduate,Owned,Personal,1
CUST01699,63,1072868,4974563,6,734,4,69091,2873680,2949772,89405,Self-Employed,Married,Post-Graduate,Owned,Personal,1
CUST01700,33,2241960,4242194,16,610,0,22094,9022045,4821916,186830,Salaried,Married,Graduate,Mortgaged,Business,0
CUST01701,29,227239,4324820,16,837,4,22525,9117216,3358762,18936,Self-Employed,Married,High School,Rented,Education,1
CUST01702,51,1384736,545628,19,432,1,2393,7618568,4843642,115394,Salaried,Single,High School,Rented,Education,0
CUST01703,30,422833,167302,24,463,3,580,1656497,6450572,35236,Salaried,Married,Graduate,Rented,Medical,1
CUST01704,61,2252282,4807491,4,445,2,100156,990250,358176,187690,Salaried,Single,Graduate,Mortgaged,Business,1
CUST01705,58,240998,1293754,20,678,1,5390,1291742,3394404,20083,Salaried,Divorced,Post-Graduate,Owned,Home,1
CUST01706,64,204969,2160682,25,364,1,7202,7051064,4751482,17080,Salaried,Married,Post-Graduate,Owned,Home,1
CUST01707,61,923017,264544,4,711,0,5511,4059934,4187593,76918,Business Owner,Widowed,High School,Rented,Business,0
CUST01708,32,620390,3134166,13,791,2,20090,9873818,1166548,51699,Salaried,Single,Graduate,Mortgaged,Education,1
CUST01709,31,1314404,4112857,26,704,2,13182,162168,1653301,109533,Salaried,Married,Doctorate,Rented,Personal,1
CUST01710,36,853987,4216642,1,380,2,351386,3795596,3017805,71165,Unemployed,Single,Graduate,Mortgaged,Business,1
CUST01711,42,987346,2927964,5,595,0,48799,2714877,5210557,82278,Salaried,Married,Graduate,Mortgaged,Education,0
CUST01712,59,1477567,3323565,24,620,3,11540,8827533,7917470,123130,Salaried,Married,Graduate,Owned,Education,0
CUST01713,53,1467408,2592906,5,534,1,43215,1299744,2947434,122284,Business Owner,Married,Graduate,Rented,Business,0
CUST01714,49,2347088,2258418,21,579,5,8961,4140604,4176042,195590,Unemployed,Married,Post-Graduate,Mortgaged,Medical,1
CUST01715,59,1279431,2794526,27,757,0,8625,8680087,2451867,106619,Self-Employed,Widowed,High School,Owned,Medical,0
CUST01716,49,1475944,4682678,15,800,0,26014,9716107,273504,122995,Salaried,Single,Graduate,Rented,Education,0
CUST01717,38,1743165,1299633,15,480,1,7220,9171765,3186976,145263,Salaried,Married,Graduate,Owned,Medical,0
CUST01718,39,559446,2377449,13,497,2,15240,6570554,2781265,46620,Business Owner,Married,Post-Graduate,Mortgaged,Medical,1
CUST01719,44,1717361,3028109,11,424,5,22940,1713176,1204191,143113,Business Owner,Single,High School,Owned,Business,1
CUST01720,25,2175491,2872219,12,541,3,19945,1055354,5367185,181290,Salaried,Married,Graduate,Rented,Personal,1
CUST01721,53,897450,201801,17,627,2,989,4169545,2067939,74787,Business Owner,Married,High School,Rented,Business,0
CUST01722,50,569099,1472310,26,728,5,4718,4842552,1796783,47424,Self-Employed,Married,Graduate,Rented,Medical,1
CUST01723,53,963603,3247758,29,460,1,9332,5189064,3113921,80300,Salaried,Married,Graduate,Owned,Medical,0
CUST01724,44,796341,3485776,26,429,5,11172,592314,7715593,66361,Salaried,Married,Graduate,Owned,Personal,1
CUST01725,55,1525097,3685447,4,319,2,76780,6786134,5091092,127091,Salaried,Widowed,Doctorate,Mortgaged,Education,0
CUST01726,62,2179779,4957278,9,356,1,45900,4011249,3402349,181648,Unemployed,Single,Post-Graduate,Mortgaged,Personal,0
CUST01727,46,1551616,3381480,22,330,1,12808,1176293,6565296,129301,Salaried,Married,High School,Rented,Business,1
CUST01728,41,444951,2919353,16,424,0,15204,9162274,168698,37079,Self-Employed,Married,Doctorate,Owned,Personal,1
CUST01729,26,889544,1693981,10,717,4,14116,3633149,2694486,74128,Salaried,Single,Graduate,Rented,Medical,0
CUST01730,55,1769890,1883577,10,764,3,15696,2398801,4324529,147490,Self-Employed,Married,Post-Graduate,Rented,Personal,0
CUST01731,60,926247,4140001,4,883,3,86250,4974653,3909376,77187,Salaried,Married,Post-Graduate,Rented,Personal,1
CUST01732,52,1528018,2370084,10,627,3,19750,8264297,5409516,127334,Unemployed,Single,Post-Graduate,Owned,Medical,0
CUST01733,59,1781005,3591942,13,572,0,23025,1089238,5614005,148417,Salaried,Married,Graduate,Owned,Home,0
CUST01734,59,923544,664416,13,839,5,4259,6898631,3647929,76962,Self-Employed,Married,Post-Graduate,Owned,Home,0
CUST01735,56,1671415,685071,16,388,3,3568,6681634,7436891,139284,Self-Employed,Single,Graduate,Rented,Home,0
CUST01736,43,1085573,1116600,8,678,4,11631,8871148,7425366,90464,Salaried,Single,Graduate,Rented,Medical,0
CUST01737,26,467369,1015963,6,790,0,14110,9660287,3801396,38947,Unemployed,Married,Post-Graduate,Rented,Business,0
CUST01738,22,1024627,3054602,26,601,4,9790,7483790,7215457,85385,Salaried,Married,Graduate,Rented,Education,1
CUST01739,30,1186448,3203686,12,456,4,22247,6576120,5126902,98870,Business Owner,Married,Graduate,Rented,Home,1
CUST01740,40,155609,2811609,8,672,2,29287,3601008,1111680,12967,Salaried,Married,Graduate,Rented,Home,1
CUST01741,53,2247859,1482609,19,897,5,6502,9000139,956619,187321,Self-Employed,Single,High School,Rented,Education,0
CUST01742,41,1390541,2904521,16,441,3,15127,9436279,639585,115878,Business Owner,Married,Post-Graduate,Owned,Personal,1
CUST01743,22,235318,641193,17,637,5,3143,9911201,1694336,19609,Business Owner,Single,Graduate,Owned,Car,1
CUST01744,31,2189781,2390535,7,330,4,28458,9551048,2498471,182481,Salaried,Divorced,Graduate,Rented,Personal,1
CUST01745,64,2159635,817096,21,439,1,3242,6454250,553013,179969,Salaried,Married,Post-Graduate,Rented,Home,0
CUST01746,64,178314,429905,6,760,5,5970,9567329,4865061,14859,Business Owner,Single,Post-Graduate,Rented,Medical,0
CUST01747,38,533468,869805,25,597,4,2899,7844412,3289791,44455,Salaried,Married,Post-Graduate,Rented,Car,0
CUST01748,56,1004916,600119,13,419,1,3846,2477915,4812762,83743,Unemployed,Divorced,High School,Owned,Business,0
CUST01749,52,1342034,2415064,12,501,4,16771,416653,4024333,111836,Salaried,Divorced,Graduate,Owned,Medical,1
CUST01750,62,1855543,2751819,12,372,2,19109,9808687,2173144,154628,Salaried,Married,Post-Graduate,Rented,Education,1
CUST01751,60,1147190,3056557,13,767,5,19593,4330372,4919486,95599,Self-Employed,Single,Post-Graduate,Rented,Business,1
CUST01752,49,1587536,2226591,20,865,1,9277,8747421,7608804,132294,Salaried,Married,Graduate,Rented,Business,0
CUST01753,38,173803,923191,15,363,1,5128,2953826,2534043,14483,Salaried,Married,Graduate,Owned,Car,1
CUST01754,48,1697567,153403,4,442,2,3195,3670189,2458653,141463,Salaried,Married,Graduate,Mortgaged,Personal,0
CUST01755,35,2301182,3576858,17,814,2,17533,8259434,4128864,191765,Unemployed,Single,Graduate,Rented,Personal,0
CUST01756,36,1386589,4914609,8,827,3,51193,5301311,6433595,115549,Self-Employed,Divorced,Graduate,Rented,Education,0
CUST01757,48,1219074,1441012,4,760,1,30021,6808022,4251746,101589,Unemployed,Married,High School,Rented,Business,0
CUST01758,46,848228,1063283,25,729,4,3544,3269816,6655841,70685,Salaried,Single,High School,Rented,Medical,0
CUST01759,46,2392530,1592212,10,816,0,13268,6182700,592618,199377,Salaried,Single,Graduate,Mortgaged,Medical,0
CUST01760,38,228027,1111222,18,524,1,5144,4920557,787480,19002,Salaried,Single,Graduate,Owned,Car,1
CUST01761,39,823848,1156318,5,836,3,19271,9322431,3250553,68654,Salaried,Married,Graduate,Owned,Business,0
CUST01762,22,475963,2497951,10,831,1,20816,4971764,1860423,39663,Salaried,Single,Post-Graduate,Owned,Business,0
CUST01763,47,2185748,3936770,12,437,2,27338,979791,185766,182145,Salaried,Married,Graduate,Mortgaged,Business,0
CUST01764,46,1284122,3575859,4,343,3,74497,7392569,1721532,107010,Salaried,Single,Post-Graduate,Mortgaged,Education,1
CUST01765,62,2317615,4801078,29,612,1,13796,9543028,2168805,193134,Self-Employed,Single,Post-Graduate,Rented,Business,0
CUST01766,43,1713121,1818918,10,754,5,15157,8839929,7357210,142760,Salaried,Single,Post-Graduate,Rented,Home,0
CUST01767,42,1458556,2487874,17,809,5,12195,1097570,6258357,121546,Salaried,Married,Post-Graduate,Owned,Car,1
CUST01768,24,1366060,1932530,17,385,5,9473,9985739,2808839,113838,Salaried,Married,Post-Graduate,Mortgaged,Personal,1
CUST01769,30,626292,258051,13,526,2,1654,3535473,7664294,52191,Salaried,Married,Graduate,Owned,Medical,0
CUST01770,36,1470813,1973048,17,760,2,9671,8356256,6691770,122567,Self-Employed,Married,Graduate,Owned,Home,0
CUST01771,38,1760331,1339818,17,336,5,6567,6339709,2005225,146694,Business Owner,Married,Post-Graduate,Mortgaged,Car,1
CUST01772,37,2418557,2419679,3,733,4,67213,9733083,3824144,201546,Business Owner,Married,Graduate,Owned,Home,0
CUST01773,38,1440098,832348,20,474,4,3468,3480614,7373571,120008,Salaried,Single,Post-Graduate,Mortgaged,Home,1
CUST01774,55,2356265,3721183,4,313,1,77524,6117765,3657752,196355,Salaried,Married,High School,Mortgaged,Home,0
CUST01775,27,2369644,4221673,13,445,5,27062,6857109,2967239,197470,Business Owner,Single,Graduate,Mortgaged,Business,1
CUST01776,36,1377999,4806016,11,745,3,36409,1628917,7227370,114833,Unemployed,Married,High School,Rented,Business,1
CUST01777,29,1182289,470027,13,822,4,3012,7776644,5283547,98524,Salaried,Married,Post-Graduate,Rented,Personal,0
CUST01778,35,485352,632284,3,348,4,17563,1519561,3527211,40446,Salaried,Married,Graduate,Rented,Home,1
CUST01779,51,781007,4834057,21,578,0,19182,8302207,6957817,65083,Self-Employed,Married,Graduate,Mortgaged,Medical,1
CUST01780,24,2215869,4248680,13,420,0,27235,1350223,5958815,184655,Unemployed,Married,Graduate,Rented,Personal,0
CUST01781,36,474974,2963143,2,710,0,123464,1875502,2782469,39581,Salaried,Single,Post-Graduate,Mortgaged,Medical,0
CUST01782,23,1083086,1641597,1,768,3,136799,4998757,3395020,90257,Salaried,Widowed,Post-Graduate,Mortgaged,Education,0
CUST01783,63,1791788,2612811,16,877,5,13608,1902559,379183,149315,Business Owner,Single,High School,Rented,Home,0
CUST01784,53,715461,2701476,20,512,0,11256,859308,814957,59621,Self-Employed,Single,High School,Mortgaged,Business,0
CUST01785,32,2439157,4244385,16,479,0,22106,617908,7635046,203263,Salaried,Single,Post-Graduate,Owned,Business,1
CUST01786,30,1676287,2670519,21,485,2,10597,2934166,424758,139690,Salaried,Widowed,Graduate,Mortgaged,Business,0
CUST01787,26,216607,186360,22,756,2,705,4959433,6694079,18050,Self-Employed,Divorced,Graduate,Mortgaged,Personal,0
CUST01788,42,730854,3512969,26,567,0,11259,535907,1665921,60904,Self-Employed,Single,Post-Graduate,Owned,Business,0
CUST01789,54,1890046,3896906,29,313,3,11198,1461582,4332438,157503,Self-Employed,Single,Post-Graduate,Rented,Home,1
CUST01790,47,2178500,1525458,26,868,5,4889,6155207,5778144,181541,Salaried,Married,Graduate,Rented,Education,0
CUST01791,59,2328286,627190,24,362,1,2177,3254110,7929429,194023,Salaried,Single,Graduate,Mortgaged,Car,0
CUST01792,36,2150249,753931,13,856,0,4832,7602060,2989197,179187,Self-Employed,Single,High School,Owned,Education,0
CUST01793,33,325736,4211851,15,397,1,23399,8420299,7400640,27144,Salaried,Married,Doctorate,Rented,Home,1
CUST01794,42,1864764,2265337,18,622,1,10487,400846,3632860,155397,Salaried,Married,Post-Graduate,Rented,Medical,1
CUST01795,30,408899,2669422,5,487,2,44490,9491723,6937062,34074,Salaried,Married,Graduate,Rented,Car,1
CUST01796,63,329894,4805067,20,712,0,20021,6867963,815011,27491,Salaried,Married,Doctorate,Mortgaged,Home,1
CUST01797,29,1776099,352590,18,541,2,1632,8238551,2144417,148008,Self-Employed,Married,Graduate,Rented,Car,0
CUST01798,42,1273689,1069400,16,520,0,5569,4832435,4984300,106140,Salaried,Married,Post-Graduate,Rented,Home,0
CUST01799,44,1672713,4174562,25,586,4,13915,106418,5648885,139392,Self-Employed,Single,Post-Graduate,Mortgaged,Medical,1
CUST01800,24,2150989,2723700,20,882,2,11348,8863852,6427585,179249,Self-Employed,Single,Post-Graduate,Owned,Business,0
CUST01801,42,311744,185204,28,447,0,551,5723439,2863383,25978,Salaried,Divorced,Post-Graduate,Owned,Home,0
CUST01802,41,1389697,3529289,29,431,0,10141,467500,4997465,115808,Business Owner,Single,High School,Owned,Home,1
CUST01803,33,2110893,734934,24,339,2,2551,1749935,4966064,175907,Salaried,Married,High School,Mortgaged,Business,1
CUST01804,27,1184688,3921614,9,743,3,36311,2139802,7876912,98724,Business Owner,Single,High School,Mortgaged,Education,1
CUST01805,23,1380046,3999231,6,706,1,55544,3819894,937567,115003,Salaried,Single,Post-Graduate,Rented,Home,0
CUST01806,22,1319955,4130816,9,665,1,38248,4479552,130731,109996,Unemployed,Married,Graduate,Rented,Car,0
CUST01807,42,2281913,2351112,21,314,3,9329,4336397,4599669,190159,Salaried,Single,Graduate,Rented,Medical,0
CUST01808,25,267249,1375727,26,774,2,4409,8694771,125358,22270,Self-Employed,Married,High School,Rented,Home,0
CUST01809,63,2213278,4412874,26,785,0,14143,9435113,1566829,184439,Salaried,Married,Graduate,Rented,Education,0
CUST01810,32,2068500,2815895,20,867,2,11732,6819558,4000044,172375,Salaried,Married,Graduate,Owned,Business,0
CUST01811,50,2059393,3195374,20,857,1,13314,6374013,2142410,171616,Salaried,Married,Graduate,Owned,Education,0
CUST01812,50,1118874,725771,28,457,5,2160,8653951,2131264,93239,Salaried,Single,Graduate,Mortgaged,Home,1
CUST01813,43,1362362,3136467,20,726,4,13068,2749785,2770119,113530,Salaried,Married,High School,Rented,Medical,0
CUST01814,59,1017111,2921460,5,541,1,48691,5625733,5492083,84759,Salaried,Divorced,High School,Owned,Education,0
CUST01815,26,741520,1496563,15,657,1,8314,6463668,2926738,61793,Self-Employed,Single,Doctorate,Mortgaged,Education,0
CUST01816,32,2207271,3845926,11,499,0,29135,2926651,6345681,183939,Salaried,Married,Graduate,Rented,Car,0
CUST01817,32,1339042,711718,19,694,4,3121,9523468,1272186,111586,Salaried,Married,Graduate,Rented,Medical,0
CUST01818,27,1849863,3610931,19,871,5,15837,2431631,819487,154155,Unemployed,Married,Post-Graduate,Owned,Education,1
CUST01819,34,386906,4807803,9,691,1,44516,685675,1331997,32242,Self-Employed,Single,Graduate,Mortgaged,Education,1
CUST01820,35,2003976,2857920,9,852,3,26462,3301483,7338705,166998,Salaried,Single,Graduate,Owned,Medical,0
CUST01821,54,1698288,568748,3,859,1,15798,8178277,2219572,141524,Salaried,Single,Graduate,Mortgaged,Education,0
CUST01822,34,2494384,2788876,9,371,5,25822,3808204,239383,207865,Salaried,Single,High School,Rented,Personal,1
CUST01823,59,464846,2668602,25,878,1,8895,2247285,2522472,38737,Self-Employed,Married,Graduate,Owned,Car,0
CUST01824,55,1419094,2783323,19,790,0,12207,8735091,5507231,118257,Business Owner,Divorced,Post-Graduate,Owned,Personal,0
CUST01825,60,1351256,1399214,28,556,5,4164,1615768,2895978,112604,Self-Employed,Married,Graduate,Mortgaged,Education,1
CUST01826,26,1415239,3149127,27,660,5,9719,1671726,3076006,117936,Unemployed,Married,Graduate,Owned,Personal,1
CUST01827,64,277797,1357496,25,670,2,4524,8998782,691429,23149,Self-Employed,Single,Post-Graduate,Owned,Education,0
CUST01828,48,1261837,2811437,6,771,5,39047,3281140,5339513,105153,Unemployed,Married,High School,Rented,Home,0
CUST01829,64,853854,2993201,10,781,1,24943,118309,1764309,71154,Self-Employed,Married,Graduate,Owned,Business,1
CUST01830,37,1600780,3247074,2,361,1,135294,4391845,781090,133398,Self-Employed,Married,Post-Graduate,Rented,Education,0
CUST01831,62,695389,3999773,3,300,3,111104,7436748,5718648,57949,Self-Employed,Married,Graduate,Rented,Medical,1
CUST01832,47,1172372,4418550,7,447,3,52601,7594347,7496642,97697,Self-Employed,Married,High School,Owned,Business,1
CUST01833,25,1607074,3897038,9,616,2,36083,963561,4884265,133922,Salaried,Single,Graduate,Rented,Education,1
CUST01834,39,300506,3989553,1,809,4,332462,2885052,7499266,25042,Salaried,Widowed,Post-Graduate,Owned,Medical,1
CUST01835,27,1998948,4350568,25,691,4,14501,6218153,3217386,166579,Salaried,Single,Post-Graduate,Mortgaged,Education,0
CUST01836,62,1831976,1250257,16,381,0,6511,6636259,4155206,152664,Salaried,Single,Post-Graduate,Owned,Home,0
CUST01837,35,284661,1499868,20,730,5,6249,6246879,2857553,23721,Business Owner,Married,High School,Rented,Business,1
CUST01838,31,302129,2688620,19,580,0,11792,8641482,4076676,25177,Self-Employed,Single,Graduate,Rented,Business,0
CUST01839,45,2148166,2355469,29,521,3,6768,872458,7143085,179013,Salaried,Single,Graduate,Mortgaged,Personal,1
CUST01840,40,815827,3525518,5,762,2,58758,8243804,5078465,67985,Salaried,Divorced,Post-Graduate,Rented,Medical,1
CUST01841,26,2172804,96206,10,477,2,801,9404579,213728,181067,Salaried,Single,High School,Owned,Medical,0
CUST01842,57,1323243,737966,9,671,0,6833,6883126,4640551,110270,Business Owner,Single,High School,Rented,Medical,0
CUST01843,58,954332,3746945,16,409,2,19515,4352112,3017919,79527,Business Owner,Single,High School,Rented,Home,1
CUST01844,53,792866,4118733,16,528,0,21451,3867421,4348372,66072,Salaried,Single,Graduate,Mortgaged,Medical,1
CUST01845,48,1698659,1546598,23,634,5,5603,4414052,4462000,141554,Salaried,Widowed,Post-Graduate,Owned,Car,0
CUST01846,39,407858,1589147,17,674,0,7789,1747416,4713529,33988,Unemployed,Married,Doctorate,Mortgaged,Business,0
CUST01847,45,1096140,2829392,7,851,2,33683,2297924,6929876,91345,Self-Employed,Divorced,High School,Owned,Business,0
CUST01848,44,962762,2411732,17,474,1,11822,6393260,6869041,80230,Business Owner,Divorced,Graduate,Rented,Home,0
CUST01849,29,512348,888036,28,837,1,2642,5546860,7772074,42695,Salaried,Married,Graduate,Rented,Personal,0
CUST01850,25,979132,2527277,17,789,2,12388,5020001,4888534,81594,Salaried,Married,Graduate,Owned,Education,0
CUST01851,32,1392356,4106027,18,515,5,19009,4800654,2282235,116029,Self-Employed,Married,High School,Mortgaged,Car,1
CUST01852,41,1742273,3661242,6,384,2,50850,871628,1566674,145189,Salaried,Married,Graduate,Rented,Business,0
CUST01853,28,352945,4095497,1,454,5,341291,8689798,6794649,29412,Business Owner,Married,Graduate,Owned,Education,1
CUST01854,26,2200135,3236908,7,694,4,38534,9560062,7311296,183344,Self-Employed,Married,Post-Graduate,Owned,Personal,0
CUST01855,58,2214409,4393391,1,773,2,366115,2528021,298021,184534,Salaried,Married,Graduate,Mortgaged,Car,0
CUST01856,38,1776146,1286615,14,667,5,7658,3212753,1727684,148012,Salaried,Married,Graduate,Mortgaged,Medical,0
CUST01857,47,2322080,277388,26,734,2,889,6340697,5435083,193506,Self-Employed,Single,Graduate,Owned,Car,0
CUST01858,44,1155673,614496,13,361,3,3939,121193,1321293,96306,Unemployed,Married,Graduate,Owned,Education,1
CUST01859,53,2080790,4962670,19,603,4,21766,1110941,400343,173399,Salaried,Married,Graduate,Rented,Medical,0
CUST01860,53,1859078,3220567,25,824,3,10735,9026734,7976462,154923,Self-Employed,Married,High School,Rented,Car,0
CUST01861,34,1471941,1276508,23,533,4,4625,1808117,769448,122661,Salaried,Married,High School,Rented,Medical,1
CUST01862,58,571837,4277783,19,839,0,18762,5812803,1707333,47653,Business Owner,Married,Graduate,Rented,Business,0
CUST01863,37,1460356,1581696,23,374,2,5730,8835223,7911628,121696,Self-Employed,Married,Doctorate,Rented,Medical,1
CUST01864,57,2268171,3006529,9,887,3,27838,7357300,800746,189014,Salaried,Single,Doctorate,Owned,Education,0
CUST01865,39,2463827,1284211,13,771,1,8232,2792354,6398575,205318,Self-Employed,Married,Post-Graduate,Rented,Car,0
CUST01866,26,1202956,519703,12,675,5,3609,1611395,4496057,100246,Self-Employed,Single,Graduate,Owned,Personal,1
CUST01867,54,732568,1374286,24,670,1,4771,7207079,4319219,61047,Self-Employed,Single,Post-Graduate,Owned,Education,0
CUST01868,23,1906643,1179454,12,861,1,8190,4105596,6617549,158886,Salaried,Single,Graduate,Mortgaged,Car,0
CUST01869,55,328478,2785673,28,526,1,8290,9679054,170725,27373,Self-Employed,Married,Graduate,Owned,Education,1
CUST01870,23,505068,152428,6,398,4,2117,6486106,486005,42089,Business Owner,Married,Graduate,Owned,Business,1
CUST01871,30,1470561,1237062,5,851,0,20617,209193,1564304,122546,Salaried,Single,Doctorate,Mortgaged,Car,0
CUST01872,47,2476977,2860465,21,361,0,11351,2584550,3920833,206414,Salaried,Divorced,Post-Graduate,Mortgaged,Car,0
CUST01873,62,922646,1999167,23,695,4,7243,7470099,7697810,76887,Business Owner,Married,Graduate,Mortgaged,Education,0
CUST01874,39,1191811,3197893,20,459,1,13324,7044839,548018,99317,Self-Employed,Married,Graduate,Owned,Business,0
CUST01875,27,907496,3295252,9,857,0,30511,7444469,3361209,75624,Salaried,Married,Post-Graduate,Rented,Education,0
CUST01876,32,1185185,4828608,1,884,1,402384,2412787,3429528,98765,Business Owner,Married,Post-Graduate,Rented,Car,0
CUST01877,60,166650,4188329,10,584,2,34902,2568020,1571959,13887,Salaried,Married,Graduate,Mortgaged,Car,1
CUST01878,53,1547598,1179704,14,619,0,7022,2170365,2751681,128966,Business Owner,Single,Graduate,Owned,Business,0
CUST01879,26,1551162,3479070,12,572,5,24160,6988246,1607896,129263,Salaried,Single,Graduate,Rented,Education,1
CUST01880,38,891573,3154825,27,555,0,9737,215084,1097035,74297,Salaried,Married,Graduate,Owned,Education,1
CUST01881,33,770479,2991898,26,862,2,9589,8161099,4169815,64206,Unemployed,Divorced,Graduate,Rented,Education,0
CUST01882,29,1939771,781256,23,472,1,2830,2890876,7448168,161647,Self-Employed,Married,High School,Rented,Business,0
CUST01883,58,591467,1907122,1,875,1,158926,4931431,3233013,49288,Salaried,Married,Graduate,Rented,Medical,0
CUST01884,48,260607,4089772,4,690,0,85203,2542694,5079095,21717,Unemployed,Single,Graduate,Rented,Personal,1
CUST01885,29,245015,4466213,13,876,5,28629,4310133,5361164,20417,Unemployed,Married,Post-Graduate,Mortgaged,Car,1
CUST01886,49,2222121,234510,19,667,5,1028,7667129,6744450,185176,Business Owner,Married,Graduate,Mortgaged,Home,0
CUST01887,39,1006249,2383767,20,791,0,9932,2064640,6597621,83854,Salaried,Married,Graduate,Rented,Home,0
CUST01888,24,389305,1357748,9,593,1,12571,5740128,7247556,32442,Salaried,Married,Graduate,Owned,Car,0
CUST01889,41,2215576,881372,4,577,5,18361,666942,6515916,184631,Self-Employed,Single,Post-Graduate,Mortgaged,Medical,1
CUST01890,29,499263,332441,10,454,2,2770,1860462,7441482,41605,Business Owner,Single,Graduate,Owned,Medical,0
CUST01891,32,941176,2713344,23,426,0,9830,6876015,7728543,78431,Salaried,Single,Graduate,Owned,Medical,0
CUST01892,59,198615,3353773,29,322,0,9637,5724461,5984916,16551,Salaried,Married,High School,Rented,Medical,1
CUST01893,52,1745824,2679735,28,530,2,7975,6153408,3945411,145485,Salaried,Married,High School,Rented,Personal,0
CUST01894,27,1793357,1873436,18,892,3,8673,2331891,2455586,149446,Salaried,Single,Post-Graduate,Owned,Education,0
CUST01895,58,1927885,3867975,3,862,3,107443,2141402,4571013,160657,Self-Employed,Divorced,Graduate,Owned,Medical,0
CUST01896,46,768152,3277639,29,714,0,9418,4312472,6631460,64012,Salaried,Married,Graduate,Owned,Car,0
CUST01897,59,921036,4546716,5,518,2,75778,1377115,6028425,76753,Self-Employed,Married,High School,Rented,Home,1
CUST01898,54,2354581,1767803,8,612,1,18414,8893259,4161463,196215,Self-Employed,Widowed,Graduate,Rented,Medical,0
CUST01899,36,2080855,1232890,29,754,3,3542,2752580,608959,173404,Salaried,Divorced,Post-Graduate,Rented,Education,0
CUST01900,44,237318,2305916,15,301,1,12810,7220636,2173231,19776,Business Owner,Single,Post-Graduate,Rented,Personal,1
CUST01901,44,1775917,2559007,6,853,1,35541,1652388,4617628,147993,Salaried,Widowed,Post-Graduate,Mortgaged,Business,0
CUST01902,52,2059938,2316906,15,822,4,12871,6545890,3086190,171661,Salaried,Married,Graduate,Rented,Medical,0
CUST01903,32,1464219,4170413,3,882,3,115844,2118215,3649209,122018,Salaried,Single,Graduate,Rented,Medical,0
CUST01904,36,1653781,275624,10,356,2,2296,2886686,2409788,137815,Salaried,Single,Doctorate,Rented,Education,0
CUST01905,32,152332,2662451,28,868,0,7923,4179151,608630,12694,Salaried,Married,Graduate,Rented,Car,1
CUST01906,34,220623,2179621,9,668,0,20181,1333358,3729632,18385,Unemployed,Widowed,Post-Graduate,Mortgaged,Education,1
CUST01907,28,232463,1093777,26,633,4,3505,1333894,3559685,19371,Salaried,Married,Graduate,Owned,Business,1
CUST01908,23,523595,3223268,16,407,5,16787,7554194,6250681,43632,Salaried,Married,High School,Mortgaged,Education,1
CUST01909,62,2478534,4016596,20,595,3,16735,3521650,897071,206544,Business Owner,Single,Doctorate,Rented,Business,0
CUST01910,25,1640730,2752958,21,517,0,10924,5722114,3878938,136727,Unemployed,Married,Graduate,Mortgaged,Home,0
CUST01911,60,1988367,470510,16,892,2,2450,6500402,6830621,165697,Salaried,Single,Graduate,Rented,Car,0
CUST01912,22,844624,422654,1,503,1,35221,6265325,2142868,70385,Salaried,Married,Graduate,Rented,Business,0
CUST01913,55,2353278,2137071,27,430,0,6595,6311817,2530265,196106,Salaried,Married,Graduate,Owned,Personal,0
CUST01914,36,617449,3356877,14,867,0,19981,9753621,699224,51454,Salaried,Single,Graduate,Rented,Education,0
CUST01915,44,2270412,1601871,20,412,2,6674,6344627,4596429,189201,Salaried,Divorced,Graduate,Rented,Car,0
CUST01916,34,222366,1578870,17,842,2,7739,3548377,6846048,18530,Self-Employed,Widowed,Doctorate,Mortgaged,Education,1
CUST01917,43,198041,4307544,20,877,3,17948,2917993,3851878,16503,Salaried,Married,High School,Mortgaged,Business,1
CUST01918,41,335408,121452,11,484,4,920,8027400,3338948,27950,Salaried,Married,Graduate,Rented,Education,0
CUST01919,44,2010841,444685,25,713,1,1482,4274863,5992474,167570,Self-Employed,Married,High School,Mortgaged,Education,0
CUST01920,38,755118,820198,7,778,1,9764,5633672,3535380,62926,Salaried,Single,Post-Graduate,Mortgaged,Education,0
CUST01921,45,1210192,4918772,19,621,4,21573,8167969,3189305,100849,Salaried,Single,Graduate,Mortgaged,Business,1
CUST01922,57,1257585,2512920,17,718,1,12318,2429073,6109772,104798,Business Owner,Married,Graduate,Rented,Medical,0
CUST01923,40,2005461,833525,15,379,0,4630,2301784,2272293,167121,Salaried,Married,Post-Graduate,Owned,Personal,0
CUST01924,37,969524,1586488,1,609,5,132207,623594,6797811,80793,Salaried,Married,Post-Graduate,Mortgaged,Medical,1
CUST01925,27,165782,4848624,12,607,1,33671,816506,2145118,13815,Salaried,Married,Doctorate,Rented,Education,1
CUST01926,37,1058220,3487195,2,639,0,145299,6198507,4089159,88185,Self-Employed,Married,Post-Graduate,Rented,Medical,0
CUST01927,27,827268,1157282,15,866,4,6429,5085179,2001958,68939,Self-Employed,Single,Graduate,Rented,Personal,0
CUST01928,29,1867567,1241234,20,794,3,5171,3046399,5058942,155630,Salaried,Single,Post-Graduate,Owned,Home,0
CUST01929,62,1915610,421030,16,661,0,2192,2193979,3473600,159634,Salaried,Single,High School,Owned,Education,0
CUST01930,25,366100,3875341,22,542,5,14679,6985235,1913253,30508,Salaried,Married,High School,Owned,Business,1
CUST01931,42,2013598,730148,11,542,1,5531,944857,5951932,167799,Salaried,Married,Graduate,Rented,Car,0
CUST01932,57,315655,1468062,9,312,4,13593,7037198,7480543,26304,Business Owner,Married,Graduate,Rented,Business,1
CUST01933,62,1606329,1774444,13,630,3,11374,9058240,224250,133860,Unemployed,Married,Graduate,Rented,Medical,0
CUST01934,28,1064816,3123275,7,451,4,37181,4609058,4543370,88734,Salaried,Married,Graduate,Owned,Business,1
CUST01935,29,857952,3051279,24,831,4,10594,4998166,5748119,71496,Salaried,Single,Graduate,Owned,Medical,1
CUST01936,38,1285487,4006121,24,764,4,13910,5410331,5756839,107123,Self-Employed,Married,Doctorate,Rented,Home,1
CUST01937,45,879352,1521488,13,847,0,9753,1042779,1764499,73279,Salaried,Divorced,High School,Owned,Car,0
CUST01938,63,2015579,1958502,23,897,5,7096,6302813,913704,167964,Salaried,Single,Graduate,Mortgaged,Education,0
CUST01939,30,2421895,1973711,1,540,0,164475,3715862,4108533,201824,Unemployed,Married,High School,Rented,Education,0
CUST01940,29,2067128,281684,5,557,1,4694,4739188,5095367,172260,Salaried,Single,High School,Rented,Business,0
CUST01941,32,1182148,3700986,9,664,2,34268,327380,2315930,98512,Salaried,Single,Doctorate,Rented,Business,1
CUST01942,59,1332720,2700455,12,558,1,18753,8785968,2951598,111060,Salaried,Married,High School,Rented,Medical,0
CUST01943,23,1200745,2404617,7,467,3,28626,3400428,4256598,100062,Self-Employed,Married,Graduate,Owned,Business,0
CUST01944,38,2014820,4977274,15,724,0,27651,851752,3600503,167901,Self-Employed,Married,Graduate,Rented,Home,0
CUST01945,27,1447981,935288,24,570,2,3247,7842313,3868114,120665,Salaried,Divorced,Graduate,Owned,Medical,0
CUST01946,28,1250093,4846509,14,865,2,28848,9800199,5457296,104174,Self-Employed,Married,Graduate,Rented,Business,0
CUST01947,61,1112330,3417842,14,431,3,20344,5247619,7874380,92694,Salaried,Married,Doctorate,Rented,Business,1
CUST01948,22,1031356,1144059,2,566,3,47669,431164,6370620,85946,Unemployed,Single,Post-Graduate,Rented,Business,1
CUST01949,35,1448778,3408672,9,618,4,31561,9918297,65658,120731,Salaried,Married,Graduate,Rented,Medical,0
CUST01950,61,1769138,3790697,24,844,0,13162,2160153,2794921,147428,Salaried,Married,Post-Graduate,Mortgaged,Medical,0
CUST01951,48,1165988,1844254,24,646,5,6403,2479964,77791,97165,Self-Employed,Married,Post-Graduate,Rented,Home,0
CUST01952,25,2045654,1757511,4,341,2,36614,7112247,6985894,170471,Salaried,Married,Graduate,Owned,Education,0
CUST01953,41,2092780,4184171,1,502,2,348680,3385782,5155379,174398,Self-Employed,Married,Post-Graduate,Rented,Business,0
CUST01954,63,1158334,843348,25,831,3,2811,941106,1751922,96527,Salaried,Single,Graduate,Rented,Personal,0
CUST01955,39,2286269,116033,6,463,0,1611,6858816,6712996,190522,Salaried,Single,Post-Graduate,Rented,Car,0
CUST01956,44,556647,3346277,17,504,4,16403,2695510,4503185,46387,Salaried,Married,High School,Rented,Medical,1
CUST01957,44,2340459,4537386,24,390,1,15754,8630007,411488,195038,Salaried,Married,Post-Graduate,Rented,Home,0
CUST01958,50,841135,2529300,23,731,5,9164,1624369,1210123,70094,Salaried,Married,Post-Graduate,Rented,Education,1
CUST01959,30,1476096,718134,16,383,0,3740,9071489,6474686,123008,Salaried,Widowed,Post-Graduate,Rented,Medical,0
CUST01960,58,816423,2719191,11,520,5,20599,7263358,2313998,68035,Salaried,Married,High School,Mortgaged,Medical,1
CUST01961,64,1189049,1296823,23,726,2,4698,2470490,4196270,99087,Business Owner,Single,High School,Rented,Personal,0
CUST01962,28,949144,4145593,21,837,3,16450,5831440,7163291,79095,Self-Employed,Married,Post-Graduate,Rented,Car,1
CUST01963,57,1807314,3079924,25,432,5,10266,9390057,2313005,150609,Salaried,Married,Graduate,Owned,Education,1
CUST01964,57,340795,1715891,15,499,0,9532,738338,92454,28399,Salaried,Married,Doctorate,Owned,Car,0
CUST01965,53,2120060,3141553,28,370,2,9349,8216690,671050,176671,Salaried,Married,Graduate,Owned,Business,0
CUST01966,37,2274036,3352119,23,562,5,12145,4655328,7324889,189503,Salaried,Married,Graduate,Owned,Business,1
CUST01967,42,1473008,3409764,2,899,0,142073,9496663,4799300,122750,Salaried,Single,Post-Graduate,Owned,Medical,0
CUST01968,58,1436095,1862647,9,482,0,17246,2164178,2627216,119674,Salaried,Single,Post-Graduate,Rented,Education,0
CUST01969,28,1794955,2874617,24,455,3,9981,7222729,629313,149579,Unemployed,Single,Graduate,Rented,Home,0
CUST01970,57,617824,261483,4,539,0,5447,9680216,5566363,51485,Self-Employed,Married,Post-Graduate,Owned,Home,0
CUST01971,61,1911863,2047564,21,837,5,8125,3503912,317197,159321,Salaried,Divorced,Graduate,Rented,Education,0
CUST01972,51,663881,1921174,10,628,5,16009,1168387,733746,55323,Salaried,Single,Graduate,Mortgaged,Medical,1
CUST01973,36,1739525,2696636,7,665,1,32102,3981553,4751774,144960,Salaried,Single,High School,Rented,Education,0
CUST01974,46,868108,4752670,16,768,1,24753,6020746,5130171,72342,Salaried,Married,Graduate,Mortgaged,Medical,0
CUST01975,24,1903413,4770008,28,729,4,14196,6337820,4558333,158617,Salaried,Divorced,Post-Graduate,Mortgaged,Car,0
CUST01976,62,2008984,2442149,27,659,3,7537,4870287,7275690,167415,Salaried,Married,Graduate,Mortgaged,Medical,0
CUST01977,36,640316,3248405,12,636,4,22558,9333294,2153271,53359,Salaried,Married,Post-Graduate,Rented,Home,1
CUST01978,24,1600971,585740,1,619,5,48811,5823036,4441615,133414,Salaried,Married,Graduate,Mortgaged,Education,0
CUST01979,56,1321180,2437198,26,408,2,7811,6443048,2448391,110098,Self-Employed,Married,Post-Graduate,Rented,Home,1
CUST01980,50,840994,3454742,27,548,1,10662,9569279,2896971,70082,Salaried,Married,Graduate,Rented,Personal,0
CUST01981,48,1532431,3429838,18,808,3,15878,9398831,1205319,127702,Unemployed,Single,Graduate,Owned,Car,0
CUST01982,24,2482759,4818727,19,323,3,21134,3478690,6348620,206896,Salaried,Divorced,Graduate,Owned,Home,1
CUST01983,54,155823,2357896,16,796,2,12280,2932525,5629700,12985,Salaried,Married,Doctorate,Mortgaged,Car,1
CUST01984,49,2398658,4544328,1,639,1,378694,7512787,5701803,199888,Salaried,Married,Doctorate,Rented,Home,0
CUST01985,56,2161511,4894644,5,509,1,81577,5299100,1137639,180125,Salaried,Single,Graduate,Owned,Education,0
CUST01986,57,1394028,2881206,5,368,3,48020,4529918,941540,116169,Salaried,Divorced,Graduate,Owned,Car,1
CUST01987,31,1583557,502818,27,758,2,1551,7013441,6256735,131963,Salaried,Married,High School,Rented,Business,0
CUST01988,31,1017599,1912589,2,300,2,79691,6641539,5325612,84799,Salaried,Married,Graduate,Mortgaged,Personal,1
CUST01989,61,453470,3835348,17,625,0,18800,9146291,238142,37789,Salaried,Married,Graduate,Mortgaged,Education,1
CUST01990,44,1492968,2924354,11,397,5,22154,3720009,5317246,124414,Salaried,Single,Post-Graduate,Owned,Personal,1
CUST01991,40,2068439,4684776,1,845,4,390398,7565544,7840366,172369,Self-Employed,Single,Graduate,Owned,Home,0
CUST01992,34,693105,4088858,27,409,5,12619,2348509,6015369,57758,Self-Employed,Single,High School,Owned,Home,1
CUST01993,49,1835083,362978,1,781,4,30248,9376502,2221474,152923,Self-Employed,Single,Doctorate,Rented,Home,0
CUST01994,54,1907922,4313124,25,644,3,14377,927801,2530454,158993,Unemployed,Married,Post-Graduate,Rented,Business,1
CUST01995,22,1932003,1818991,23,324,1,6590,7527445,6016860,161000,Salaried,Married,High School,Rented,Medical,0
CUST01996,45,949000,4103277,24,732,3,14247,1107337,3210223,79083,Business Owner,Married,Post-Graduate,Rented,Business,1
CUST01997,64,1071299,2563526,5,827,3,42725,8813573,5893690,89274,Salaried,Married,Graduate,Owned,Medical,1
CUST01998,34,1128098,2304608,26,432,5,7386,9598360,7680304,94008,Salaried,Single,Graduate,Owned,Home,1
CUST01999,34,2157375,408612,18,881,1,1891,8197746,3243865,179781,Self-Employed,Married,High School,Rented,Home,0
CUST02000,59,2266057,638347,12,779,0,4432,7905720,4587655,188838,Salaried,Married,Graduate,Rented,Medical,0
CUST02001,24,1122964,2996718,20,745,0,12486,4833838,3918081,93580,Salaried,Married,High School,Rented,Personal,0
CUST02002,39,2429446,2867408,10,501,1,23895,2525096,4068039,202453,Salaried,Single,Post-Graduate,Mortgaged,Personal,0
CUST02003,41,1490696,2796813,9,371,3,25896,9858133,605405,124224,Salaried,Divorced,Graduate,Owned,Car,1
CUST02004,56,1054885,824322,9,557,0,7632,5338557,7894797,87907,Salaried,Married,Graduate,Mortgaged,Personal,0
CUST02005,27,151509,2574202,17,784,0,12618,8183566,4326128,12625,Self-Employed,Divorced,Doctorate,Owned,Business,1
CUST02006,40,1586028,351743,18,651,2,1628,7170903,1836461,132169,Salaried,Married,Doctorate,Rented,Education,0
CUST02007,28,1665451,763461,7,688,4,9088,7041475,4591393,138787,Salaried,Married,Post-Graduate,Owned,Medical,0
CUST02008,55,2425698,2518405,8,768,2,26233,3590125,3183495,202141,Salaried,Divorced,Post-Graduate,Owned,Medical,0
CUST02009,49,1837713,3103936,28,503,1,9237,4325524,6575321,153142,Business Owner,Divorced,Doctorate,Owned,Business,0
CUST02010,43,219734,3294098,15,322,1,18300,4455881,6079068,18311,Unemployed,Married,Post-Graduate,Owned,Car,1
CUST02011,38,1482707,4910650,25,830,4,16368,6064515,3057207,123558,Self-Employed,Divorced,Graduate,Rented,Business,1
CUST02012,28,1895529,4278029,10,668,2,35650,7211981,5704804,157960,Salaried,Divorced,High School,Mortgaged,Personal,0
CUST02013,61,1316913,1929899,9,639,2,17869,2068119,264663,109742,Salaried,Married,Graduate,Rented,Medical,0
CUST02014,49,1158975,3925035,9,643,4,36342,2351797,7733605,96581,Salaried,Single,Graduate,Mortgaged,Car,1
CUST02015,35,2053350,523445,16,811,2,2726,579127,4087209,171112,Self-Employed,Married,Graduate,Rented,Home,0
CUST02016,39,1586723,4293340,23,761,2,15555,5310809,5234402,132226,Salaried,Married,Graduate,Mortgaged,Home,0
CUST02017,53,1751225,1963887,15,702,4,10910,6721131,5160811,145935,Self-Employed,Married,High School,Owned,Education,0
CUST02018,52,1240644,3812340,9,769,1,35299,2179872,2504759,103387,Salaried,Married,Graduate,Mortgaged,Personal,0
CUST02019,41,803473,4854629,28,473,3,14448,7147025,5519185,66956,Business Owner,Married,Graduate,Rented,Car,1
CUST02020,35,1369864,3531035,17,727,3,17308,130468,3181215,114155,Salaried,Widowed,Graduate,Rented,Car,1
CUST02021,50,2403822,4605207,12,885,1,31980,8678195,5445163,200318,Salaried,Married,Graduate,Rented,Medical,0
CUST02022,50,1566274,100180,1,440,0,8348,6933610,717703,130522,Salaried,Single,Graduate,Owned,Medical,0
CUST02023,47,1812077,894242,17,642,5,4383,6864348,1168033,151006,Self-Employed,Married,Graduate,Owned,Personal,0
CUST02024,25,441712,3149206,19,708,1,13812,7101922,7389762,36809,Business Owner,Married,Graduate,Rented,Personal,0
CUST02025,42,2471656,2725911,27,610,2,8413,3650509,5887045,205971,Salaried,Single,Post-Graduate,Mortgaged,Business,0
CUST02026,48,725051,646384,7,881,3,7695,9957654,1029344,60420,Unemployed,Married,Post-Graduate,Mortgaged,Car,0
CUST02027,62,2432464,3605923,5,542,0,60098,7491052,1710006,202705,Salaried,Widowed,High School,Owned,Business,0
CUST02028,44,1197539,340402,29,430,0,978,1892052,4365629,99794,Salaried,Single,Post-Graduate,Owned,Business,0
CUST02029,36,2309437,4954300,16,381,2,25803,9231783,46957,192453,Salaried,Married,Post-Graduate,Rented,Education,0
CUST02030,45,2245758,824240,1,809,5,68686,7421845,3211160,187146,Salaried,Married,Doctorate,Rented,Education,0
CUST02031,29,1925123,2255074,4,711,3,46980,3177745,2612534,160426,Business Owner,Married,Post-Graduate,Owned,Car,0
CUST02032,25,2303558,4125296,14,646,3,24555,9484877,1073788,191963,Salaried,Married,Graduate,Rented,Medical,0
CUST02033,51,1582159,2594499,18,558,3,12011,2558809,2398765,131846,Salaried,Married,High School,Rented,Car,0
CUST02034,64,2144620,3732054,8,545,5,38875,6481345,2343938,178718,Salaried,Married,High School,Owned,Car,0
CUST02035,58,554601,3533053,11,860,5,26765,6734256,536969,46216,Self-Employed,Widowed,High School,Owned,Medical,1
CUST02036,47,315167,4746423,22,708,0,17978,9635091,5068552,26263,Unemployed,Single,Graduate,Owned,Car,1
CUST02037,23,1426875,2346553,29,879,3,6742,5743999,2179227,118906,Business Owner,Married,Doctorate,Rented,Home,0
CUST02038,64,2053141,4895932,15,780,3,27199,9944965,250011,171095,Salaried,Married,High School,Owned,Business,0
CUST02039,41,1948634,2607977,13,760,1,16717,2914821,176830,162386,Salaried,Single,Graduate,Rented,Home,0
CUST02040,34,1390554,4471755,11,632,5,33876,8036081,7727916,115879,Salaried,Married,Doctorate,Mortgaged,Business,1
CUST02041,60,1374014,3676570,4,445,1,76595,2529277,946217,114501,Unemployed,Married,High School,Owned,Medical,0
CUST02042,54,1583135,707983,2,692,5,29499,9992930,7272764,131927,Salaried,Single,High School,Owned,Education,0
CUST02043,54,2190361,3235976,25,729,0,10786,7660813,1333039,182530,Unemployed,Single,Graduate,Owned,Personal,0
CUST02044,33,2128269,4397994,2,613,3,183249,6295662,676811,177355,Business Owner,Single,Graduate,Mortgaged,Car,0
CUST02045,64,407691,685458,24,312,4,2380,757093,4364099,33974,Self-Employed,Married,Graduate,Rented,Education,1
CUST02046,41,1549991,4201253,8,876,3,43763,5020851,6946828,129165,Self-Employed,Married,Graduate,Mortgaged,Medical,0
CUST02047,44,1045209,571925,21,795,0,2269,1525878,572712,87100,Salaried,Married,Graduate,Mortgaged,Business,0
CUST02048,54,2028618,4361875,28,511,0,12981,9184598,2628569,169051,Salaried,Married,High School,Mortgaged,Car,0
CUST02049,50,1339016,3955097,22,596,3,14981,3853365,6021727,111584,Salaried,Married,Post-Graduate,Mortgaged,Personal,1
CUST02050,29,2479656,800843,22,374,5,3033,8326462,540035,206638,Salaried,Divorced,Graduate,Owned,Business,1
CUST02051,35,1165964,3645993,8,862,3,37979,9070371,1356475,97163,Self-Employed,Divorced,Graduate,Rented,Home,0
CUST02052,37,1745910,628119,18,438,0,2907,1190109,2448902,145492,Salaried,Single,High School,Mortgaged,Home,0
CUST02053,62,405178,2861762,19,526,4,12551,7616621,6453028,33764,Business Owner,Married,Post-Graduate,Rented,Personal,1
CUST02054,52,2341046,4622853,13,557,2,29633,3096954,6471099,195087,Business Owner,Married,Graduate,Mortgaged,Home,0
CUST02055,37,510791,1069520,2,457,0,44563,1176821,5675319,42565,Salaried,Married,Graduate,Mortgaged,Business,1
CUST02056,53,1039173,910441,27,680,2,2810,2680386,5326651,86597,Salaried,Single,Graduate,Rented,Home,0
CUST02057,53,2118400,2143257,6,897,1,29767,5544515,209117,176533,Salaried,Single,Graduate,Rented,Medical,0
CUST02058,38,2423435,1874677,29,813,5,5387,8567090,1908476,201952,Salaried,Widowed,Post-Graduate,Rented,Car,0
CUST02059,39,1288303,289933,28,618,5,862,6947383,7373594,107358,Self-Employed,Married,Doctorate,Rented,Business,0
CUST02060,60,1289094,2307125,1,378,0,192260,2409129,5753411,107424,Self-Employed,Married,High School,Owned,Business,0
CUST02061,46,264497,1334770,22,817,3,5055,3030393,1928291,22041,Self-Employed,Divorced,Graduate,Rented,Medical,1
CUST02062,28,2450352,665990,19,454,0,2921,3110043,5662568,204196,Salaried,Single,Graduate,Mortgaged,Personal,0
CUST02063,52,188754,1416375,7,846,2,16861,7386861,5794336,15729,Business Owner,Widowed,Post-Graduate,Mortgaged,Car,1
CUST02064,47,211302,152139,24,537,0,528,5236007,5942890,17608,Self-Employed,Married,High School,Owned,Home,0
CUST02065,43,1262667,4579451,4,611,4,95405,336686,7840823,105222,Unemployed,Married,Graduate,Mortgaged,Car,1
CUST02066,53,158537,4970747,8,562,0,51778,853582,4325253,13211,Business Owner,Single,Post-Graduate,Owned,Home,1
CUST02067,61,536290,1869735,28,573,5,5564,848675,478501,44690,Self-Employed,Single,Graduate,Rented,Medical,1
CUST02068,36,1625141,4389453,22,398,1,16626,9616173,6551565,135428,Salaried,Married,Post-Graduate,Mortgaged,Car,0
CUST02069,40,1807045,2333663,4,631,1,48617,5096250,119739,150587,Business Owner,Single,High School,Mortgaged,Education,0
CUST02070,30,850707,4566072,5,541,5,76101,4961521,5130897,70892,Salaried,Single,Post-Graduate,Rented,Personal,1
CUST02071,49,2019010,907000,8,808,5,9447,7634699,6371281,168250,Salaried,Single,Post-Graduate,Rented,Medical,0
CUST02072,39,1578131,1458587,3,586,0,40516,1985293,1003193,131510,Salaried,Married,Graduate,Rented,Personal,0
CUST02073,36,686497,3712139,6,878,0,51557,412444,6378725,57208,Salaried,Divorced,High School,Rented,Medical,1
CUST02074,51,1824241,1139502,17,477,5,5585,2781125,6482047,152020,Salaried,Single,Graduate,Owned,Home,1
CUST02075,39,1541615,4126518,1,496,5,343876,2164101,5231011,128467,Salaried,Single,Post-Graduate,Owned,Car,1
CUST02076,41,2058464,2158039,9,322,2,19981,8001029,2590144,171538,Business Owner,Married,High School,Mortgaged,Medical,0
CUST02077,40,512944,2049287,10,743,0,17077,8202121,1615618,42745,Self-Employed,Married,Doctorate,Owned,Medical,0
CUST02078,33,692508,2293930,29,344,0,6591,6376664,5640277,57709,Unemployed,Married,Post-Graduate,Rented,Personal,0
CUST02079,27,863419,3999432,29,471,1,11492,9108873,1255917,71951,Business Owner,Widowed,Doctorate,Rented,Business,0
CUST02080,57,952325,77717,25,846,4,259,4699797,5401053,79360,Salaried,Single,Graduate,Owned,Business,0
CUST02081,25,2238669,3765911,10,666,0,31382,2480016,1356654,186555,Self-Employed,Married,Graduate,Owned,Home,0
CUST02082,35,1871472,3907302,16,635,3,20350,3382853,2687300,155956,Self-Employed,Divorced,Graduate,Owned,Personal,0
CUST02083,50,1428630,4114688,15,782,4,22859,1502328,4052181,119052,Salaried,Married,Graduate,Owned,Business,1
CUST02084,27,1420066,4983501,25,762,0,16611,9016775,1293469,118338,Unemployed,Married,High School,Rented,Car,0
CUST02085,50,2231838,3922179,22,831,5,14856,6081438,6356225,185986,Unemployed,Divorced,High School,Rented,Home,1
CUST02086,53,1199967,2667019,27,699,5,8231,7748388,5559664,99997,Salaried,Single,Post-Graduate,Rented,Home,1
CUST02087,50,679332,2357276,16,569,1,12277,2887713,130615,56611,Business Owner,Single,High School,Mortgaged,Medical,0
CUST02088,35,471712,1971880,27,378,0,6086,7209309,6792186,39309,Salaried,Single,High School,Mortgaged,Business,0
CUST02089,22,925557,4144405,22,521,1,15698,3372083,5734716,77129,Unemployed,Married,Graduate,Rented,Medical,0
CUST02090,60,1685239,1994121,22,723,1,7553,4515404,6705850,140436,Self-Employed,Divorced,Post-Graduate,Rented,Home,0
CUST02091,36,1256737,2884577,20,452,1,12019,6553051,4813550,104728,Salaried,Single,Post-Graduate,Rented,Education,1
CUST02092,56,1141189,525581,10,702,5,4379,9813485,5012038,95099,Business Owner,Married,Graduate,Owned,Education,1
CUST02093,30,1278188,1620749,18,380,0,7503,5626165,3068410,106515,Salaried,Married,Graduate,Owned,Business,0
CUST02094,28,2440955,2203357,11,336,1,16692,7129695,1819258,203412,Salaried,Single,Graduate,Owned,Personal,0
CUST02095,55,2494472,2535557,19,518,4,11120,5987472,1883238,207872,Self-Employed,Married,Graduate,Rented,Car,1
CUST02096,62,529037,3596656,8,437,0,37465,4293884,2529679,44086,Self-Employed,Married,Graduate,Rented,Personal,0
CUST02097,59,418946,2187647,24,823,0,7595,9332426,2327562,34912,Salaried,Divorced,High School,Mortgaged,Medical,0
CUST02098,54,724124,794151,17,526,1,3892,9609465,6037021,60343,Self-Employed,Married,Post-Graduate,Owned,Personal,0
CUST02099,32,2152117,2747921,21,551,5,10904,3173266,4194703,179343,Salaried,Single,High School,Rented,Education,1
CUST02100,61,1229860,320709,7,542,5,3817,8967677,3286831,102488,Salaried,Married,Graduate,Owned,Medical,0
CUST02101,50,2179652,4252874,23,490,5,15408,4567103,5802096,181637,Self-Employed,Married,Graduate,Mortgaged,Car,1
CUST02102,29,1669865,3864301,24,850,5,13417,7425655,5859979,139155,Salaried,Single,Post-Graduate,Rented,Home,0
CUST02103,27,1450016,1164949,5,743,0,19415,5219185,7479338,120834,Salaried,Single,Graduate,Rented,Business,0
CUST02104,59,811559,1353027,11,395,2,10250,7693261,2475599,67629,Unemployed,Married,Doctorate,Rented,Medical,0
CUST02105,33,958487,186937,20,429,3,778,8728566,1946634,79873,Business Owner,Married,Post-Graduate,Owned,Medical,0
CUST02106,54,497136,1853825,26,348,0,5941,4293912,50545,41428,Self-Employed,Married,Post-Graduate,Mortgaged,Business,0
CUST02107,27,1370181,239215,22,453,5,906,7037138,1278707,114181,Self-Employed,Single,High School,Mortgaged,Medical,0
CUST02108,34,808878,4684924,14,693,3,27886,5122769,4827920,67406,Business Owner,Married,Graduate,Rented,Home,1
CUST02109,34,837299,714135,9,861,5,6612,8010740,6473747,69774,Business Owner,Married,Post-Graduate,Owned,Business,0
CUST02110,34,242935,3313900,27,588,1,10228,1996318,4807330,20244,Salaried,Single,Doctorate,Rented,Home,1
CUST02111,51,2027902,2873890,26,348,4,9211,7317743,7933920,168991,Salaried,Single,Post-Graduate,Rented,Medical,1
CUST02112,61,2357264,1222453,27,328,0,3773,5994422,5020437,196438,Salaried,Married,Doctorate,Mortgaged,Business,0
CUST02113,61,1320956,4050514,9,548,0,37504,4569031,7060781,110079,Salaried,Married,Graduate,Owned,Education,0
CUST02114,53,1409675,588929,13,458,3,3775,3762173,2145485,117472,Salaried,Single,Graduate,Mortgaged,Car,0
CUST02115,30,2325729,4439689,8,646,0,46246,7046510,2591326,193810,Self-Employed,Divorced,Graduate,Mortgaged,Business,0
CUST02116,63,1351984,3714703,28,370,1,11055,3539639,6488567,112665,Self-Employed,Single,Graduate,Owned,Education,0
CUST02117,45,1613324,3193810,26,438,4,10236,425744,5287376,134443,Business Owner,Married,High School,Rented,Business,1
CUST02118,45,1156024,4404314,6,633,2,61171,9487459,3899734,96335,Salaried,Single,Graduate,Owned,Car,0
CUST02119,52,1358650,2045559,8,468,2,21307,4533914,7645944,113220,Salaried,Married,High School,Owned,Car,0
CUST02120,55,1376380,1444106,17,518,1,7078,1731355,6099103,114698,Salaried,Married,High School,Rented,Personal,0
CUST02121,62,1821012,814847,13,433,4,5223,2334323,2363184,151751,Salaried,Married,Graduate,Owned,Education,0
CUST02122,47,1569840,4625630,14,330,5,27533,8316738,4888747,130820,Salaried,Widowed,Post-Graduate,Owned,Medical,1
CUST02123,48,1334242,2037020,11,507,4,15431,3383021,3168320,111186,Unemployed,Single,Graduate,Rented,Car,1
CUST02124,54,328227,4155486,20,497,2,17314,2886538,3328566,27352,Salaried,Single,Graduate,Mortgaged,Medical,1
CUST02125,32,2275589,1695454,27,839,2,5232,4924452,6440290,189632,Self-Employed,Single,Post-Graduate,Owned,Education,0
CUST02126,35,2237454,4777245,27,835,0,14744,383690,5437014,186454,Salaried,Married,Graduate,Owned,Education,1
CUST02127,48,583448,4356628,14,558,0,25932,5646487,98621,48620,Salaried,Married,Graduate,Owned,Medical,1
CUST02128,24,839282,1574795,25,472,1,5249,500584,4599818,69940,Business Owner,Single,Graduate,Owned,Car,1
CUST02129,35,2437369,2459260,21,550,2,9758,8372450,5176155,203114,Unemployed,Married,High School,Mortgaged,Car,0
CUST02130,52,904496,3980246,6,664,5,55281,4348857,4085689,75374,Salaried,Married,Graduate,Rented,Personal,1
CUST02131,63,2058647,1169669,24,531,5,4061,2260378,2399871,171553,Business Owner,Divorced,Post-Graduate,Rented,Car,1
CUST02132,44,1996508,167245,11,753,0,1267,4599162,5188484,166375,Salaried,Married,Graduate,Rented,Education,0
CUST02133,39,2172723,1479565,19,878,1,6489,1838168,7581429,181060,Business Owner,Widowed,Post-Graduate,Mortgaged,Education,0
CUST02134,40,187601,2973412,21,542,0,11799,3270486,687511,15633,Salaried,Married,Graduate,Rented,Personal,1
CUST02135,51,1284833,725527,28,370,0,2159,1394243,4823205,107069,Salaried,Widowed,Graduate,Mortgaged,Education,0
CUST02136,45,1478951,1700293,28,372,2,5060,6720918,7282088,123245,Self-Employed,Married,Post-Graduate,Rented,Personal,0
CUST02137,22,2117423,4596997,24,823,5,15961,9763712,3204021,176451,Business Owner,Single,Post-Graduate,Mortgaged,Car,1
CUST02138,45,677497,421632,15,549,1,2342,4904893,2680656,56458,Business Owner,Married,Graduate,Rented,Business,0
CUST02139,39,870919,299211,12,496,4,2077,1076116,1980882,72576,Salaried,Married,Graduate,Mortgaged,Business,1
CUST02140,52,572766,2148072,13,671,2,13769,833719,1797543,47730,Business Owner,Single,High School,Rented,Home,0
CUST02141,59,1940578,113588,28,873,3,338,8338387,3128827,161714,Salaried,Married,Post-Graduate,Rented,Home,0
CUST02142,63,2497350,187705,6,554,5,2607,3545904,6174370,208112,Salaried,Divorced,Graduate,Rented,Home,1
CUST02143,48,480057,955795,16,489,4,4978,3031292,1454163,40004,Salaried,Married,High School,Rented,Car,0
CUST02144,37,697821,556166,20,817,4,2317,1109431,1849775,58151,Salaried,Single,High School,Rented,Medical,0
CUST02145,41,871572,4063826,1,349,2,338652,6670993,7990364,72631,Salaried,Married,Doctorate,Owned,Car,1
CUST02146,29,2239220,657385,19,806,0,2883,722865,7966156,186601,Self-Employed,Married,High School,Mortgaged,Personal,0
CUST02147,62,1197471,2641160,8,612,5,27512,9051088,1815268,99789,Salaried,Single,Post-Graduate,Rented,Car,1
CUST02148,58,812547,3541166,9,312,5,32788,2162235,3363940,67712,Self-Employed,Single,Graduate,Owned,Home,1
CUST02149,58,907451,3147924,19,436,5,13806,783579,3228320,75620,Salaried,Single,Graduate,Rented,Home,1
CUST02150,36,1555580,3286649,1,707,2,273887,7035697,2372995,129631,Self-Employed,Married,Graduate,Rented,Business,0
CUST02151,35,1059490,1820771,5,751,1,30346,3606370,1222805,88290,Salaried,Single,Graduate,Owned,Personal,0
CUST02152,58,479963,4449789,14,417,1,26486,6990416,496520,39996,Salaried,Single,Graduate,Rented,Personal,1
CUST02153,45,2077246,389956,17,694,2,1911,493851,4910328,173103,Self-Employed,Married,Graduate,Rented,Car,1
CUST02154,52,1142248,581215,4,893,2,12108,8627752,334433,95187,Unemployed,Divorced,Graduate,Mortgaged,Education,0
CUST02155,43,753188,4287982,11,711,1,32484,3166560,4967754,62765,Unemployed,Married,Post-Graduate,Rented,Personal,0
CUST02156,41,1861819,388329,9,721,5,3595,7588550,761124,155151,Salaried,Married,Graduate,Owned,Medical,0
CUST02157,49,1901410,999876,16,416,3,5207,9363095,1235098,158450,Unemployed,Married,Graduate,Rented,Personal,0
CUST02158,56,514335,907206,9,682,1,8400,5401407,40262,42861,Self-Employed,Single,Graduate,Owned,Personal,0
CUST02159,36,323223,213643,1,725,3,17803,3407089,3182619,26935,Business Owner,Divorced,Graduate,Mortgaged,Personal,0
CUST02160,56,256723,629176,16,366,4,3276,3194859,2616719,21393,Salaried,Single,Graduate,Mortgaged,Education,1
CUST02161,32,1949486,2884885,25,486,3,9616,6894880,2658086,162457,Salaried,Single,Graduate,Mortgaged,Medical,0
CUST02162,39,1620492,3322931,17,829,5,16288,157533,2483635,135041,Salaried,Married,Post-Graduate,Rented,Car,1
CUST02163,61,2011254,462281,11,899,5,3502,1554206,7506382,167604,Business Owner,Single,Doctorate,Owned,Medical,1
CUST02164,63,1622055,4714806,14,403,2,28064,6506661,3440733,135171,Salaried,Single,High School,Rented,Education,1
CUST02165,61,1093992,524021,5,739,2,8733,354228,6473878,91166,Salaried,Married,High School,Owned,Personal,1
CUST02166,35,1535459,3450689,7,600,1,41079,2968160,1863383,127954,Self-Employed,Married,Doctorate,Owned,Education,0
CUST02167,58,1847822,4011866,13,654,4,25717,6512042,3865325,153985,Unemployed,Single,Graduate,Rented,Personal,0
CUST02168,62,1087285,2627870,18,606,5,12166,2575991,501929,90607,Self-Employed,Married,Graduate,Rented,Medical,1
CUST02169,64,2300575,2483467,15,820,3,13797,9314243,2068806,191714,Self-Employed,Married,Post-Graduate,Rented,Car,0
CUST02170,22,2264074,589832,28,567,1,1755,9750772,569300,188672,Salaried,Divorced,Graduate,Owned,Education,0
CUST02171,54,2031675,1245466,19,653,3,5462,432604,165623,169306,Business Owner,Single,Graduate,Owned,Education,0
CUST02172,64,2481826,4260390,1,701,4,355032,1824977,1457171,206818,Salaried,Divorced,Post-Graduate,Rented,Home,0
CUST02173,54,1067549,1775700,16,631,0,9248,9083535,1271687,88962,Salaried,Married,Graduate,Rented,Business,0
CUST02174,32,418149,220525,17,827,3,1081,421103,2532716,34845,Salaried,Married,Post-Graduate,Rented,Medical,0
CUST02175,54,1287901,3659742,2,442,3,152489,4917894,5948924,107325,Salaried,Single,Graduate,Rented,Home,1
CUST02176,26,1902840,3434091,12,868,3,23847,9498964,1183936,158570,Self-Employed,Married,Graduate,Rented,Home,0
CUST02177,42,1981490,378453,26,706,3,1212,5926622,4885367,165124,Self-Employed,Single,Post-Graduate,Mortgaged,Business,0
CUST02178,48,1063021,302811,11,876,5,2294,3129466,2920942,88585,Salaried,Married,Post-Graduate,Mortgaged,Business,0
CUST02179,41,837597,626579,14,524,0,3729,162949,3221968,69799,Salaried,Married,Post-Graduate,Owned,Medical,1
CUST02180,52,1196860,301977,7,587,3,3594,3994858,7377761,99738,Salaried,Single,High School,Rented,Medical,0
CUST02181,32,2039124,3100497,3,325,4,86124,5464791,3719046,169927,Salaried,Single,Post-Graduate,Mortgaged,Business,1
CUST02182,48,292401,706480,10,854,4,5887,901255,2092824,24366,Business Owner,Divorced,High School,Mortgaged,Personal,0
CUST02183,49,920967,3054510,23,789,2,11067,5329579,1904440,76747,Self-Employed,Married,Graduate,Owned,Home,1
CUST02184,49,690218,921889,29,477,5,2649,4100245,1347194,57518,Salaried,Married,Post-Graduate,Mortgaged,Education,1
CUST02185,34,2044077,4863687,20,331,1,20265,3325717,6416058,170339,Salaried,Widowed,Graduate,Mortgaged,Car,0
CUST02186,35,1253696,3643310,25,718,2,12144,9724990,5318210,104474,Business Owner,Single,Graduate,Mortgaged,Car,0
CUST02187,33,353981,1904019,19,703,4,8350,8947491,2141882,29498,Business Owner,Married,Post-Graduate,Owned,Business,1
CUST02188,41,765199,2172121,20,616,2,9050,6970795,3927048,63766,Unemployed,Married,Post-Graduate,Rented,Personal,0
CUST02189,47,254333,372134,13,394,2,2385,5949585,4043414,21194,Salaried,Single,High School,Rented,Business,0
CUST02190,37,1267556,321668,2,851,3,13402,4790865,378032,105629,Salaried,Single,High School,Rented,Home,0
CUST02191,39,2494537,2710810,12,559,3,18825,796415,7269454,207878,Salaried,Divorced,Graduate,Owned,Business,1
CUST02192,34,1482993,162651,26,734,5,521,3143969,6302458,123582,Self-Employed,Single,Graduate,Owned,Personal,0
CUST02193,31,2193224,3209816,16,815,3,16717,203266,4283335,182768,Salaried,Single,High School,Mortgaged,Personal,1
CUST02194,50,1895092,1943046,23,628,1,7040,3723835,5722743,157924,Self-Employed,Married,Graduate,Rented,Car,0
CUST02195,57,2224691,741033,2,356,0,30876,4788999,873149,185390,Salaried,Married,High School,Rented,Personal,0
CUST02196,34,880886,2701653,6,832,5,37522,6151158,7818386,73407,Self-Employed,Married,Graduate,Owned,Personal,1
CUST02197,59,2385507,2786666,9,700,2,25802,3614082,5122993,198792,Salaried,Single,Doctorate,Mortgaged,Medical,0
CUST02198,46,710809,3744185,11,836,1,28365,2619055,7506452,59234,Business Owner,Married,Post-Graduate,Mortgaged,Home,0
CUST02199,29,1180043,1028947,29,667,1,2956,7129105,6913828,98336,Salaried,Married,Graduate,Rented,Personal,0
CUST02200,37,1750993,2759510,14,844,0,16425,1604280,4673986,145916,Self-Employed,Married,High School,Rented,Home,0
CUST02201,22,824063,4231413,20,820,1,17630,1341624,2306766,68671,Salaried,Divorced,Post-Graduate,Owned,Home,0
CUST02202,23,771472,1386454,19,429,4,6080,6992663,5488170,64289,Self-Employed,Single,Graduate,Rented,Education,1
CUST02203,36,455558,4184049,13,403,3,26820,5900086,4098010,37963,Self-Employed,Married,Post-Graduate,Mortgaged,Home,1
CUST02204,41,159875,3630593,29,396,3,10432,8707750,3276054,13322,Salaried,Married,Graduate,Mortgaged,Medical,1
CUST02205,56,1327841,2176664,7,779,0,25912,7415441,5691097,110653,Salaried,Married,Post-Graduate,Owned,Education,0
CUST02206,27,2468881,4421795,2,444,4,184241,9025235,7107737,205740,Salaried,Married,Graduate,Rented,Car,1
CUST02207,58,667113,4835378,22,570,5,18315,6677433,1371041,55592,Salaried,Single,Post-Graduate,Rented,Car,1
CUST02208,32,1184375,4899880,19,772,5,21490,8430043,4422470,98697,Self-Employed,Married,Post-Graduate,Rented,Education,1
CUST02209,27,2348544,61945,8,557,2,645,1774712,6227553,195712,Salaried,Married,Graduate,Rented,Personal,0
CUST02210,52,1964932,689792,26,337,3,2210,5352936,2604410,163744,Salaried,Married,Doctorate,Rented,Medical,0
CUST02211,55,159407,263718,5,517,1,4395,9450855,2735245,13283,Salaried,Single,High School,Mortgaged,Personal,0
CUST02212,48,1326400,1870183,8,356,5,19481,7909426,75931,110533,Salaried,Single,High School,Owned,Personal,1
CUST02213,26,486512,4688062,5,531,5,78134,4090430,2584804,40542,Salaried,Single,Post-Graduate,Rented,Personal,1
CUST02214,26,730494,3021591,6,742,1,41966,9270921,4691598,60874,Self-Employed,Single,Graduate,Rented,Personal,0
CUST02215,38,729218,3102066,22,611,2,11750,3193863,7772134,60768,Salaried,Single,High School,Mortgaged,Education,0
CUST02216,41,1589321,469947,21,704,1,1864,331289,4203471,132443,Unemployed,Single,High School,Mortgaged,Car,1
CUST02217,64,617548,2604805,19,364,3,11424,7986072,2326427,51462,Self-Employed,Single,High School,Mortgaged,Personal,1
CUST02218,34,741885,1944144,25,750,1,6480,4179772,6495017,61823,Salaried,Single,High School,Rented,Home,0
CUST02219,30,680579,2423138,3,555,4,67309,439602,1501636,56714,Business Owner,Widowed,Graduate,Owned,Car,1
CUST02220,62,988681,1342801,18,472,5,6216,2120842,1496037,82390,Self-Employed,Married,High School,Rented,Home,1
CUST02221,28,1691711,1047760,4,691,5,21828,812488,4170137,140975,Self-Employed,Single,Graduate,Mortgaged,Education,1
CUST02222,23,1089922,4762648,28,380,1,14174,9968010,6523210,90826,Salaried,Married,Graduate,Owned,Business,1
CUST02223,40,919653,2814159,19,598,0,12342,8492276,1699649,76637,Self-Employed,Married,Post-Graduate,Owned,Business,0
CUST02224,39,1366365,2087349,23,553,4,7562,9302703,122268,113863,Salaried,Single,Doctorate,Owned,Home,0
CUST02225,48,1595307,415351,17,399,0,2036,1901987,5789170,132942,Salaried,Married,High School,Rented,Medical,0
CUST02226,59,186093,3825220,12,871,2,26564,8041640,4698507,15507,Salaried,Single,High School,Rented,Home,1
CUST02227,62,2242106,2389263,20,517,5,9955,5680974,5486674,186842,Salaried,Married,High School,Owned,Business,0
CUST02228,34,2303612,1964191,25,324,2,6547,3029210,3174819,191967,Self-Employed,Single,Graduate,Owned,Car,0
CUST02229,64,1566008,3351390,6,565,0,46547,6721877,947543,130500,Salaried,Married,Graduate,Rented,Home,0
CUST02230,49,1500315,702469,26,879,5,2251,9525812,2652164,125026,Salaried,Single,High School,Rented,Medical,0
CUST02231,24,1782152,2689328,22,701,4,10186,4659130,3758038,148512,Business Owner,Single,Post-Graduate,Owned,Medical,0
CUST02232,62,1186032,4322600,3,682,1,120072,389579,3466367,98836,Salaried,Married,Doctorate,Rented,Education,1
CUST02233,27,1008932,2346705,28,840,3,6984,8440013,7112421,84077,Salaried,Single,Graduate,Owned,Personal,0
CUST02234,47,978823,52063,6,350,3,723,1961593,1788731,81568,Salaried,Married,High School,Owned,Medical,0
CUST02235,56,525385,1188106,18,630,3,5500,1907449,2494678,43782,Unemployed,Single,Post-Graduate,Owned,Business,0
CUST02236,32,2126746,326907,4,492,5,6810,6207050,1467405,177228,Self-Employed,Married,Post-Graduate,Owned,Education,0
CUST02237,33,903372,2525943,6,705,4,35082,8009338,4565533,75281,Self-Employed,Married,High School,Owned,Medical,0
CUST02238,42,818342,1853702,19,811,1,8130,7950766,6440855,68195,Business Owner,Married,Graduate,Owned,Medical,0
CUST02239,60,2416064,705505,20,346,5,2939,8692747,7065439,201338,Self-Employed,Married,Graduate,Owned,Medical,1
CUST02240,31,1340760,3450146,20,394,5,14375,8847945,1822066,111730,Business Owner,Widowed,Graduate,Rented,Business,1
CUST02241,50,1611256,924212,10,872,0,7701,1370191,3438270,134271,Self-Employed,Single,Post-Graduate,Mortgaged,Business,0
CUST02242,41,726796,1741436,24,595,1,6046,3075035,5895775,60566,Business Owner,Married,Graduate,Owned,Education,0
CUST02243,26,802151,4939116,2,489,3,205796,7229258,366885,66845,Self-Employed,Married,Graduate,Rented,Car,1
CUST02244,52,1861596,378248,25,391,5,1260,3968965,5690884,155133,Salaried,Married,Graduate,Owned,Business,1
CUST02245,57,1209650,1276145,9,512,4,11816,7188277,1075045,100804,Salaried,Married,Graduate,Mortgaged,Education,0
CUST02246,46,497200,1623308,18,302,3,7515,4602791,267203,41433,Salaried,Widowed,Post-Graduate,Owned,Business,0
CUST02247,29,2113455,2568237,27,433,1,7926,4568894,904613,176121,Salaried,Married,Graduate,Owned,Business,0
CUST02248,28,1096489,1262655,8,409,0,13152,367040,7048579,91374,Unemployed,Single,Post-Graduate,Rented,Home,1
CUST02249,40,1720842,4851635,12,350,5,33691,6122438,5447152,143403,Self-Employed,Married,Post-Graduate,Owned,Home,1
CUST02250,43,951995,76828,25,881,3,256,8653295,6314841,79332,Self-Employed,Single,Post-Graduate,Owned,Personal,0
CUST02251,45,1467534,4742883,26,774,2,15201,8204866,5520884,122294,Self-Employed,Married,High School,Rented,Home,0
CUST02252,32,1972731,2697269,7,864,5,32110,3445689,6368537,164394,Business Owner,Married,Graduate,Rented,Personal,1
CUST02253,43,2230132,239503,15,444,0,1330,6799750,3972392,185844,Self-Employed,Single,Graduate,Owned,Home,0
CUST02254,34,637259,627397,10,473,1,5228,2072856,6473528,53104,Salaried,Single,High School,Owned,Business,0
CUST02255,51,1730232,560110,15,469,5,3111,6372112,452762,144186,Salaried,Divorced,High School,Mortgaged,Education,1
CUST02256,56,2299402,1473106,11,635,1,11159,4151050,4660425,191616,Salaried,Single,High School,Owned,Medical,0
CUST02257,50,1660414,1698660,1,409,5,141555,9274316,6040543,138367,Salaried,Single,Post-Graduate,Owned,Education,0
CUST02258,22,486261,3223889,27,441,5,9950,7134577,7947046,40521,Salaried,Single,Post-Graduate,Rented,Medical,1
CUST02259,64,595955,1590440,19,884,0,6975,825759,2872540,49662,Salaried,Married,Post-Graduate,Owned,Medical,0
CUST02260,23,626585,3639322,14,511,2,21662,8722064,1433217,52215,Salaried,Single,Doctorate,Mortgaged,Car,1
CUST02261,64,400013,1504292,4,768,4,31339,7269063,5761663,33334,Salaried,Married,Post-Graduate,Owned,Medical,1
CUST02262,23,1921271,1354105,3,437,2,37614,2232227,578687,160105,Business Owner,Single,Graduate,Owned,Medical,0
CUST02263,44,2418083,1413041,14,857,1,8410,2897253,6212808,201506,Salaried,Single,Graduate,Mortgaged,Car,0
CUST02264,26,1364666,1679508,19,716,0,7366,1808868,5633339,113722,Business Owner,Single,Post-Graduate,Mortgaged,Home,0
CUST02265,26,1557317,4196812,8,817,0,43716,3170926,5528486,129776,Salaried,Single,Post-Graduate,Rented,Education,0
CUST02266,51,1968195,1272200,22,609,1,4818,9443451,2351497,164016,Unemployed,Married,Post-Graduate,Owned,Personal,0
CUST02267,53,1126856,1402635,12,843,1,9740,9032024,961771,93904,Self-Employed,Single,Graduate,Rented,Medical,0
CUST02268,27,1260275,4786598,1,517,1,398883,5553840,4865865,105022,Business Owner,Married,Post-Graduate,Mortgaged,Car,0
CUST02269,63,1534198,3286031,16,587,5,17114,3685802,2902237,127849,Salaried,Married,Graduate,Rented,Education,1
CUST02270,35,865910,993072,6,336,3,13792,3721142,3133612,72159,Self-Employed,Single,Graduate,Mortgaged,Medical,1
CUST02271,35,295258,4347485,1,402,0,362290,9573799,1501843,24604,Salaried,Single,Graduate,Rented,Personal,1
CUST02272,34,1484266,956743,4,762,0,19932,2073262,2668193,123688,Salaried,Married,High School,Mortgaged,Medical,0
CUST02273,41,2081999,852470,9,496,0,7893,7599423,6655668,173499,Self-Employed,Married,Graduate,Owned,Medical,0
CUST02274,29,322086,2252924,15,361,1,12516,9952953,7145988,26840,Salaried,Married,Post-Graduate,Mortgaged,Car,1
CUST02275,40,659117,3471802,29,475,4,9976,8567356,2791817,54926,Salaried,Married,High School,Mortgaged,Car,1
CUST02276,31,768031,987066,7,511,0,11750,7219924,1136347,64002,Business Owner,Single,Post-Graduate,Mortgaged,Medical,0
CUST02277,24,2040683,3778996,2,730,2,157458,9008082,271055,170056,Salaried,Married,High School,Mortgaged,Medical,0
CUST02278,37,1335808,825706,6,354,2,11468,2257064,1511885,111317,Self-Employed,Married,High School,Mortgaged,Business,0
CUST02279,50,1405789,3919719,10,315,0,32664,9839008,77954,117149,Salaried,Single,Graduate,Rented,Car,0
CUST02280,54,1666368,524603,6,734,0,7286,1003468,5342726,138864,Salaried,Married,Graduate,Rented,Home,0
CUST02281,37,799944,2348945,10,385,1,19574,237007,5141689,66662,Salaried,Married,High School,Mortgaged,Car,1
CUST02282,35,1826832,3218847,29,551,0,9249,2072895,6260808,152236,Salaried,Married,High School,Rented,Education,0
CUST02283,55,220993,1364618,12,709,4,9476,6128404,2659936,18416,Business Owner,Married,Graduate,Rented,Home,1
CUST02284,51,417240,3079807,19,608,5,13507,2552651,6657715,34770,Business Owner,Single,Graduate,Rented,Car,1
CUST02285,57,2067208,3458814,20,374,3,14411,6371762,1357191,172267,Salaried,Married,Graduate,Mortgaged,Home,1
CUST02286,60,1696783,3268306,4,733,4,68089,1199747,1849197,141398,Salaried,Married,High School,Owned,Home,0
CUST02287,57,564681,2014631,8,328,4,20985,7001006,7327782,47056,Business Owner,Married,High School,Rented,Education,1
CUST02288,62,1181074,3877835,13,439,5,24857,2373548,7056907,98422,Salaried,Married,High School,Rented,Medical,1
CUST02289,39,271742,3671732,14,365,0,21855,5282334,4790381,22645,Salaried,Married,High School,Mortgaged,Education,1
CUST02290,38,1728845,1665472,1,607,5,138789,1256119,4876405,144070,Salaried,Married,Post-Graduate,Owned,Car,1
CUST02291,35,1926312,3680425,19,714,2,16142,9705381,5605151,160526,Self-Employed,Single,Graduate,Rented,Personal,0
CUST02292,32,804239,4596197,9,689,3,42557,3839543,6585747,67019,Salaried,Married,Graduate,Owned,Personal,1
CUST02293,54,972601,4092700,10,383,4,34105,6086682,1850368,81050,Salaried,Married,Post-Graduate,Rented,Education,1
CUST02294,52,706522,3679362,18,506,2,17034,4913333,548175,58876,Unemployed,Single,Graduate,Mortgaged,Home,0
CUST02295,56,1064934,3844259,28,387,1,11441,5993469,1480174,88744,Unemployed,Single,Post-Graduate,Rented,Car,0
CUST02296,29,789937,4033307,26,505,0,12927,4607321,2855154,65828,Self-Employed,Single,Post-Graduate,Rented,Home,0
CUST02297,43,730608,1481140,29,438,1,4256,824261,1885393,60884,Self-Employed,Married,Post-Graduate,Rented,Home,0
CUST02298,31,1160984,3618762,12,744,0,25130,8309179,4198911,96748,Unemployed,Single,Post-Graduate,Rented,Personal,0
CUST02299,60,2169069,1037153,4,750,2,21607,6460464,1104999,180755,Self-Employed,Married,High School,Mortgaged,Car,0
CUST02300,33,1942424,1824355,7,791,4,21718,2614554,4615656,161868,Self-Employed,Divorced,Graduate,Rented,Education,0
CUST02301,28,848724,4675910,10,420,2,38965,931907,5683710,70727,Salaried,Widowed,Graduate,Owned,Education,1
CUST02302,46,2365689,1451010,9,308,3,13435,8882228,792572,197140,Salaried,Single,Post-Graduate,Rented,Business,0
CUST02303,59,643952,4225930,7,321,1,50308,3392230,2296900,53662,Business Owner,Married,Graduate,Rented,Home,1
CUST02304,61,2290240,2141459,5,806,3,35690,9090415,4309265,190853,Self-Employed,Divorced,High School,Rented,Home,0
CUST02305,26,876736,1088825,6,843,5,15122,7682116,529862,73061,Salaried,Married,Doctorate,Rented,Personal,0
CUST02306,36,1419620,530300,20,427,1,2209,9602017,5323891,118301,Self-Employed,Single,Graduate,Mortgaged,Personal,0
CUST02307,28,627401,2763687,15,825,2,15353,6633002,6028677,52283,Business Owner,Married,Graduate,Mortgaged,Personal,1
CUST02308,35,1940758,2283838,2,617,5,95159,1891734,2892760,161729,Salaried,Married,High School,Owned,Medical,1
CUST02309,44,896489,2581152,17,410,3,12652,450791,72513,74707,Self-Employed,Married,Graduate,Rented,Business,1
CUST02310,34,2200541,263547,25,487,2,878,2532936,4005913,183378,Salaried,Widowed,High School,Rented,Personal,0
CUST02311,24,344900,1377212,13,459,0,8828,4448724,6951871,28741,Self-Employed,Widowed,High School,Mortgaged,Personal,0
CUST02312,43,1329703,69532,10,758,5,579,6275939,2340531,110808,Unemployed,Married,Doctorate,Owned,Medical,0
CUST02313,24,522545,1547321,8,413,3,16117,8969260,6794291,43545,Business Owner,Single,High School,Owned,Car,0
CUST02314,31,2239048,4660919,12,409,0,32367,1494827,6964002,186587,Business Owner,Married,High School,Rented,Car,1
CUST02315,22,1130074,803943,9,731,3,7443,6386065,2246386,94172,Self-Employed,Married,Post-Graduate,Rented,Education,0
CUST02316,25,1735014,3462217,27,481,5,10685,947651,4793652,144584,Salaried,Married,Graduate,Owned,Medical,1
CUST02317,40,2216747,78611,29,450,5,225,4866315,337384,184728,Self-Employed,Married,High School,Mortgaged,Business,1
CUST02318,58,1408746,2831142,10,784,1,23592,829602,4410191,117395,Salaried,Married,Graduate,Rented,Personal,0
CUST02319,55,284633,4608635,27,858,2,14224,3801478,7036073,23719,Self-Employed,Married,Post-Graduate,Owned,Personal,1
CUST02320,26,668696,1738455,25,633,5,5794,6100881,7554859,55724,Salaried,Divorced,Graduate,Owned,Medical,1
CUST02321,23,649785,1025948,3,796,4,28498,7415466,1596956,54148,Salaried,Married,Post-Graduate,Owned,Car,0
CUST02322,36,2298330,2874163,15,804,3,15967,8066313,5319452,191527,Salaried,Married,Post-Graduate,Owned,Home,0
CUST02323,50,2284612,1430782,20,653,1,5961,2662968,528094,190384,Salaried,Married,Graduate,Rented,Medical,0
CUST02324,54,1270855,4463300,13,797,4,28610,9138868,2238587,105904,Salaried,Married,Graduate,Owned,Home,0
CUST02325,57,2241534,4252540,14,305,3,25312,9341985,6681959,186794,Salaried,Married,Post-Graduate,Rented,Home,0
CUST02326,36,728136,3279281,15,321,3,18218,9678978,5134024,60678,Salaried,Single,High School,Rented,Education,1
CUST02327,29,1746709,3213247,20,830,5,13388,7940161,3136480,145559,Salaried,Married,Graduate,Rented,Medical,0
CUST02328,23,1071045,3032285,9,384,2,28076,7801055,7692987,89253,Business Owner,Married,High School,Mortgaged,Education,0
CUST02329,28,715112,3689695,18,736,3,17081,866858,6068365,59592,Salaried,Married,Graduate,Mortgaged,Home,1
CUST02330,24,737526,2328012,8,552,0,24250,5768387,188466,61460,Business Owner,Divorced,Doctorate,Rented,Home,0
CUST02331,59,1136554,4850236,26,772,4,15545,4132300,639416,94712,Salaried,Widowed,High School,Rented,Car,0
CUST02332,33,948196,1761200,3,699,3,48922,2663732,5012728,79016,Business Owner,Married,Graduate,Rented,Home,1
CUST02333,57,646369,94245,2,343,5,3926,773347,7013913,53864,Self-Employed,Divorced,High School,Rented,Car,1
CUST02334,45,935242,3507808,2,502,1,146158,2211912,1254679,77936,Unemployed,Married,Graduate,Mortgaged,Home,0
CUST02335,45,452182,3328025,11,725,5,25212,9160422,4306336,37681,Business Owner,Divorced,Post-Graduate,Rented,Business,1
CUST02336,41,2428725,4905855,18,852,3,22712,9095925,6531676,202393,Self-Employed,Divorced,Graduate,Owned,Home,0
CUST02337,57,1042996,2006862,29,782,1,5766,7453741,6898732,86916,Salaried,Married,Post-Graduate,Rented,Car,0
CUST02338,23,402348,2152550,14,835,0,12812,1105514,5125476,33529,Salaried,Single,Graduate,Mortgaged,Home,0
CUST02339,25,1503180,2831903,6,873,1,39331,6896796,7999279,125265,Salaried,Single,Post-Graduate,Rented,Car,0
CUST02340,40,2225332,1991415,11,836,1,15086,1355230,7495915,185444,Business Owner,Married,Post-Graduate,Rented,Medical,0
CUST02341,38,995841,3935045,4,648,3,81980,6858748,6672476,82986,Business Owner,Married,High School,Rented,Personal,0
CUST02342,45,2136318,2169161,14,501,5,12911,433400,5356622,178026,Salaried,Married,Post-Graduate,Rented,Business,1
CUST02343,53,1585437,3928932,22,604,5,14882,2923306,7883217,132119,Self-Employed,Married,High School,Owned,Personal,1
CUST02344,47,1887240,2156442,2,777,4,89851,1312868,137751,157270,Salaried,Married,Graduate,Rented,Education,0
CUST02345,33,846198,1164237,23,555,2,4218,9342037,715651,70516,Self-Employed,Single,High School,Owned,Business,0
CUST02346,36,236796,4953592,7,798,3,58971,5730778,4082830,19733,Self-Employed,Single,Graduate,Rented,Car,1
CUST02347,54,962748,2656098,20,720,1,11067,9235488,5368276,80229,Salaried,Married,Doctorate,Owned,Home,0
CUST02348,30,2322475,3548552,24,425,1,12321,300967,7229344,193539,Business Owner,Single,Post-Graduate,Mortgaged,Car,1
CUST02349,43,2008082,2976758,23,852,3,10785,7420939,5427283,167340,Salaried,Divorced,Graduate,Rented,Business,0
CUST02350,45,1992779,1827963,20,807,4,7616,4850607,1858424,166064,Self-Employed,Divorced,Doctorate,Owned,Medical,0
CUST02351,54,2214039,4862092,21,659,0,19294,4742409,7268829,184503,Self-Employed,Married,Graduate,Mortgaged,Personal,0
CUST02352,52,1027175,1888936,6,416,0,26235,8745297,663171,85597,Salaried,Married,High School,Rented,Business,0
CUST02353,41,906780,4965808,4,436,1,103454,566445,759486,75565,Salaried,Married,Post-Graduate,Rented,Personal,1
CUST02354,35,2324206,2182444,12,803,1,15155,9447318,5759102,193683,Salaried,Divorced,High School,Rented,Car,0
CUST02355,37,1493062,162112,18,310,0,750,380282,7706775,124421,Self-Employed,Married,Post-Graduate,Rented,Home,1
CUST02356,39,850203,231725,18,590,0,1072,3691604,4020068,70850,Business Owner,Widowed,High School,Rented,Home,0
CUST02357,31,803681,4869604,23,671,0,17643,1467529,1078519,66973,Salaried,Married,Graduate,Rented,Business,0
CUST02358,48,2211605,2662691,9,439,2,24654,5279085,380762,184300,Salaried,Single,Graduate,Rented,Car,0
CUST02359,30,275336,1968798,26,818,4,6310,5998070,7836519,22944,Salaried,Married,Graduate,Owned,Education,1
CUST02360,49,294979,4066335,14,613,0,24204,6456422,2239321,24581,Salaried,Married,Graduate,Mortgaged,Education,1
CUST02361,54,1883964,3104888,8,339,1,32342,8001183,5114576,156997,Salaried,Widowed,High School,Mortgaged,Home,0
CUST02362,63,153172,3319810,22,492,5,12575,7534605,2613989,12764,Self-Employed,Single,High School,Rented,Home,1
CUST02363,27,551858,3442972,4,538,1,71728,9489811,1716360,45988,Salaried,Married,Post-Graduate,Rented,Medical,0
CUST02364,54,2477987,1032183,12,433,5,7167,4551140,5342891,206498,Business Owner,Married,Graduate,Owned,Medical,1
CUST02365,25,1150424,486931,23,864,3,1764,1836084,5912979,95868,Salaried,Divorced,High School,Mortgaged,Car,0
CUST02366,36,1860008,3653769,23,516,4,13238,1641298,3772801,155000,Self-Employed,Married,High School,Owned,Home,1
CUST02367,29,1294556,157952,8,601,1,1645,2827726,4059371,107879,Salaried,Single,Graduate,Mortgaged,Personal,0
CUST02368,28,362842,3611320,5,621,1,60188,6068956,3897522,30236,Salaried,Divorced,Graduate,Mortgaged,Home,1
CUST02369,29,583508,693172,1,432,2,57764,635592,4730548,48625,Salaried,Married,Graduate,Rented,Car,1
CUST02370,23,1938582,1349569,3,640,0,37488,9552835,6452829,161548,Self-Employed,Divorced,High School,Mortgaged,Medical,0
CUST02371,57,372205,3553404,24,512,1,12338,9891566,5687958,31017,Unemployed,Married,Doctorate,Rented,Car,1
CUST02372,24,1547348,3133229,23,306,5,11352,1731605,2227336,128945,Salaried,Single,Graduate,Rented,Medical,1
CUST02373,39,967830,3918606,15,544,0,21770,7831059,1976093,80652,Salaried,Widowed,Graduate,Mortgaged,Business,0
CUST02374,52,1020198,3074197,17,650,3,15069,6003242,5380581,85016,Self-Employed,Married,Post-Graduate,Rented,Car,0
CUST02375,64,2387871,286853,10,370,4,2390,4859069,5162215,198989,Salaried,Widowed,Graduate,Owned,Personal,1
CUST02376,58,1573948,4206948,6,767,0,58429,7372774,2940458,131162,Business Owner,Single,High School,Rented,Medical,0
CUST02377,27,1595568,1117934,1,696,0,93161,5798097,6709047,132964,Salaried,Married,Graduate,Rented,Personal,0
CUST02378,64,973338,723557,20,485,3,3014,3304445,3346960,81111,Business Owner,Single,Graduate,Rented,Car,0
CUST02379,50,1046314,4398768,2,655,1,183282,5665526,2687181,87192,Self-Employed,Single,Post-Graduate,Rented,Business,0
CUST02380,29,1761561,1014450,4,482,5,21134,1444026,4447219,146796,Salaried,Widowed,Graduate,Rented,Car,1
CUST02381,41,241440,2703557,23,688,1,9795,2618171,1541924,20120,Self-Employed,Single,Post-Graduate,Owned,Car,1
CUST02382,61,707659,2455549,17,392,0,12037,9732414,5565174,58971,Salaried,Single,Graduate,Rented,Home,0
CUST02383,38,1560642,3859071,15,666,1,21439,1935367,7176009,130053,Self-Employed,Divorced,Post-Graduate,Owned,Business,0
CUST02384,29,1615310,268518,7,333,1,3196,6022382,7561562,134609,Business Owner,Married,High School,Rented,Car,0
CUST02385,59,366805,578122,5,310,0,9635,3040059,3573778,30567,Self-Employed,Married,Post-Graduate,Mortgaged,Home,0
CUST02386,62,2001392,2107191,14,452,3,12542,4701238,2152089,166782,Salaried,Widowed,Graduate,Owned,Home,0
CUST02387,63,1424978,2392647,11,404,2,18126,2546820,3832405,118748,Salaried,Married,Graduate,Owned,Car,0
CUST02388,63,708627,3951684,16,594,3,20581,5730918,829961,59052,Salaried,Single,Graduate,Mortgaged,Medical,1
CUST02389,59,1917083,3048373,5,399,1,50806,5619528,5342350,159756,Self-Employed,Married,Doctorate,Rented,Medical,0
CUST02390,41,2478561,786136,7,446,0,9358,6214473,3430335,206546,Self-Employed,Married,Graduate,Rented,Business,0
CUST02391,30,1145425,4895463,4,358,0,101988,3151207,975037,95452,Salaried,Single,Graduate,Rented,Medical,0
CUST02392,48,816098,2326746,13,832,0,14915,5830755,4373727,68008,Self-Employed,Married,Doctorate,Rented,Home,0
CUST02393,31,853617,4824725,9,741,5,44673,7316553,5748775,71134,Self-Employed,Married,Post-Graduate,Owned,Business,1
CUST02394,42,1542618,4949357,7,430,1,58920,7227453,1824028,128551,Self-Employed,Single,Post-Graduate,Mortgaged,Car,0
CUST02395,50,261352,305785,16,372,1,1592,5722603,3238545,21779,Salaried,Single,Graduate,Owned,Business,0
CUST02396,62,1286058,2554304,15,810,3,14190,3061576,7123966,107171,Salaried,Divorced,Graduate,Mortgaged,Education,0
CUST02397,34,208228,2139072,7,700,0,25465,5369411,5679120,17352,Salaried,Single,Doctorate,Mortgaged,Home,1
CUST02398,32,240663,2516702,21,831,3,9986,5415856,6390776,20055,Business Owner,Single,High School,Owned,Education,1
CUST02399,53,1160562,1584203,10,407,3,13201,9517808,3596781,96713,Business Owner,Divorced,Post-Graduate,Mortgaged,Education,0
CUST02400,22,1901958,2816028,10,515,4,23466,3832644,3949311,158496,Business Owner,Married,Graduate,Rented,Medical,0
CUST02401,46,2225861,2486371,14,370,0,14799,3291854,3975900,185488,Salaried,Divorced,Doctorate,Mortgaged,Personal,0
CUST02402,54,355942,970721,5,554,0,16178,7523841,3600511,29661,Self-Employed,Divorced,Graduate,Rented,Home,0
CUST02403,45,723547,1478131,13,397,4,9475,6389171,1154014,60295,Business Owner,Married,Graduate,Rented,Home,1
CUST02404,38,1140904,778461,17,302,2,3815,4328291,325930,95075,Salaried,Married,Post-Graduate,Rented,Personal,0
CUST02405,57,1499030,4225823,4,605,0,88037,100501,6658292,124919,Salaried,Single,Doctorate,Rented,Home,1
CUST02406,37,2469568,3402905,17,887,3,16680,7078618,4295117,205797,Salaried,Single,Post-Graduate,Rented,Personal,0
CUST02407,52,1758118,1968283,2,687,2,82011,7395544,4260696,146509,Self-Employed,Single,Graduate,Rented,Business,0
CUST02408,41,1415147,2009045,18,754,5,9301,9310314,4765976,117928,Salaried,Married,Graduate,Mortgaged,Business,1
CUST02409,23,292950,441541,2,787,5,18397,5075184,3299933,24412,Salaried,Married,Post-Graduate,Owned,Personal,0
CUST02410,44,339914,1485037,6,883,3,20625,5199607,7133054,28326,Salaried,Married,Graduate,Mortgaged,Car,0
CUST02411,24,509785,4625890,11,377,0,35044,2163011,3759991,42482,Self-Employed,Single,High School,Rented,Personal,1
CUST02412,62,1702854,205388,18,450,4,950,4650769,4008784,141904,Business Owner,Married,High School,Owned,Home,1
CUST02413,47,928500,773308,21,669,1,3068,114954,4250671,77375,Self-Employed,Single,High School,Owned,Medical,1
CUST02414,37,716216,4237949,14,792,5,25225,5057161,1259019,59684,Business Owner,Single,High School,Mortgaged,Home,1
CUST02415,42,1724718,2625623,4,764,3,54700,7098745,1387091,143726,Self-Employed,Married,Graduate,Mortgaged,Home,0
CUST02416,48,2066110,210027,12,736,2,1458,7880470,1440455,172175,Business Owner,Married,Doctorate,Rented,Personal,0
CUST02417,33,1181732,2474345,23,487,5,8965,6660736,2032643,98477,Salaried,Married,Post-Graduate,Mortgaged,Personal,1
CUST02418,34,2222353,3762416,3,518,3,104511,8073488,1278939,185196,Business Owner,Married,High School,Owned,Personal,0
CUST02419,40,1875358,1758106,21,347,2,6976,6687530,1792914,156279,Business Owner,Married,Graduate,Owned,Education,0
CUST02420,33,1833226,1940843,12,488,1,13478,7820470,7508278,152768,Self-Employed,Divorced,Graduate,Owned,Personal,0
CUST02421,54,2188854,3175023,1,393,3,264585,4430802,2885412,182404,Salaried,Married,Post-Graduate,Rented,Education,0
CUST02422,26,581949,3013504,21,862,1,11958,6061658,6347114,48495,Salaried,Married,Post-Graduate,Rented,Home,0
CUST02423,57,1932174,4519419,1,354,0,376618,6429043,3145884,161014,Salaried,Single,High School,Owned,Personal,0
CUST02424,36,2400681,1276006,11,518,0,9666,5768279,6598129,200056,Salaried,Married,Doctorate,Owned,Home,0
CUST02425,46,2481780,1416546,6,832,3,19674,5756214,6024809,206815,Salaried,Married,High School,Rented,Home,0
CUST02426,28,1508402,819228,17,873,5,4015,7840416,6723468,125700,Salaried,Single,Post-Graduate,Owned,Personal,0
CUST02427,38,1922748,3341355,2,526,1,139223,2465060,2307023,160229,Salaried,Married,Post-Graduate,Rented,Medical,0
CUST02428,54,2238226,2690270,3,579,1,74729,3237039,765077,186518,Business Owner,Married,Post-Graduate,Rented,Home,0
CUST02429,33,2152621,1767409,16,614,3,9205,5235803,2464955,179385,Self-Employed,Single,High School,Owned,Education,0
CUST02430,27,2259811,3493307,29,793,0,10038,6489456,5617414,188317,Business Owner,Widowed,Graduate,Owned,Business,0
CUST02431,44,2106060,1914600,2,761,0,79775,5194468,5234012,175505,Salaried,Single,High School,Rented,Medical,0
CUST02432,28,1046079,1017691,14,614,3,6057,2074097,5634693,87173,Salaried,Divorced,High School,Mortgaged,Medical,0
CUST02433,35,1866124,2722240,24,522,3,9452,8253866,7947308,155510,Salaried,Married,High School,Rented,Personal,1
CUST02434,41,1114529,2209976,9,523,0,20462,5503556,1798573,92877,Business Owner,Single,High School,Rented,Car,0
CUST02435,46,2034234,2056711,15,689,1,11426,4391541,3553399,169519,Salaried,Single,Graduate,Mortgaged,Education,0
CUST02436,49,2054071,2251042,25,801,1,7503,8792881,3925326,171172,Self-Employed,Married,High School,Mortgaged,Personal,0
CUST02437,51,2346505,4575298,22,346,4,17330,4417245,1194063,195542,Salaried,Married,Graduate,Rented,Personal,0
CUST02438,58,1532550,1119096,9,761,3,10362,1698928,5299447,127712,Salaried,Married,Post-Graduate,Mortgaged,Home,0
CUST02439,24,1266737,1415272,22,588,4,5360,9845604,391325,105561,Salaried,Married,High School,Rented,Business,0
CUST02440,37,539030,2846994,20,387,0,11862,3887937,7178691,44919,Salaried,Single,Graduate,Rented,Business,1
CUST02441,22,1649974,281184,15,357,5,1562,8955192,706961,137497,Salaried,Married,Post-Graduate,Rented,Home,1
CUST02442,22,1481051,772381,13,502,1,4951,5216841,883404,123420,Business Owner,Divorced,Graduate,Rented,Personal,0
CUST02443,31,1360108,2853369,27,448,5,8806,2498631,1388711,113342,Salaried,Married,Graduate,Mortgaged,Home,1
CUST02444,47,1739363,2573258,26,362,5,8247,3827921,7137545,144946,Salaried,Married,Post-Graduate,Owned,Car,1
CUST02445,60,2149936,3281460,29,476,2,9429,9111901,6891777,179161,Salaried,Married,Graduate,Rented,Business,0
CUST02446,55,499379,611485,20,800,4,2547,9452352,7379319,41614,Unemployed,Married,Graduate,Owned,Medical,0
CUST02447,49,1163695,4276687,11,730,4,32399,1465869,6665963,96974,Self-Employed,Married,Post-Graduate,Rented,Education,1
CUST02448,55,1847415,2453434,4,425,4,51113,9872458,7388878,153951,Self-Employed,Single,Post-Graduate,Owned,Home,1
CUST02449,29,2076357,817380,4,704,0,17028,8548571,3771435,173029,Salaried,Single,Graduate,Rented,Business,0
CUST02450,58,1979213,1592415,28,571,0,4739,6512350,38679,164934,Business Owner,Married,Graduate,Mortgaged,Car,0
CUST02451,60,2028483,1175910,11,748,5,8908,1914901,3504663,169040,Salaried,Widowed,Post-Graduate,Owned,Personal,0
CUST02452,26,2159337,2288619,4,448,4,47679,5906860,1767990,179944,Self-Employed,Married,Graduate,Owned,Car,1
CUST02453,42,2410432,2373441,7,337,3,28255,4313473,1958165,200869,Business Owner,Single,Post-Graduate,Rented,Medical,0
CUST02454,57,1578953,2197059,1,487,1,183088,1332444,5529961,131579,Salaried,Single,High School,Rented,Education,1
CUST02455,42,734963,2331988,16,896,2,12145,9840824,1334842,61246,Salaried,Married,High School,Owned,Medical,0
CUST02456,58,1474324,4544268,18,633,2,21038,6073745,2573918,122860,Salaried,Married,Graduate,Owned,Home,0
CUST02457,62,1817605,4797776,11,332,2,36346,1060784,3141321,151467,Salaried,Single,Post-Graduate,Owned,Personal,1
CUST02458,42,386650,2475181,22,885,3,9375,3483017,488666,32220,Salaried,Single,Graduate,Owned,Business,1
CUST02459,24,1928760,4816965,14,795,4,28672,8413899,5610528,160730,Salaried,Married,Doctorate,Mortgaged,Education,0
CUST02460,36,1428895,4101569,28,626,2,12207,4477908,6103536,119074,Salaried,Single,Post-Graduate,Rented,Education,0
CUST02461,31,2350254,4108799,23,744,5,14886,4997866,4467884,195854,Self-Employed,Married,Post-Graduate,Rented,Medical,0
CUST02462,42,647790,1166979,3,410,0,32416,1510484,228737,53982,Salaried,Married,Post-Graduate,Owned,Business,0
CUST02463,47,2281220,2220209,8,655,4,23127,1198814,6296397,190101,Self-Employed,Single,Graduate,Mortgaged,Medical,1
CUST02464,41,1202810,1792809,22,847,4,6790,9781459,3568170,100234,Salaried,Married,Graduate,Mortgaged,Home,0
CUST02465,30,1497785,527433,16,563,3,2747,9529664,2130830,124815,Salaried,Single,High School,Rented,Car,0
CUST02466,34,1701006,421692,22,323,2,1597,1043585,7580608,141750,Salaried,Single,Graduate,Rented,Business,1
CUST02467,51,1511009,3131045,10,754,2,26092,5537390,6875126,125917,Business Owner,Divorced,High School,Rented,Business,0
CUST02468,23,2274004,2132701,2,738,2,88862,6842298,3521862,189500,Salaried,Married,Post-Graduate,Owned,Personal,0
CUST02469,31,543134,4137324,23,743,5,14990,8818346,3546177,45261,Self-Employed,Single,Post-Graduate,Rented,Home,1
CUST02470,60,1865211,3360064,23,689,0,12174,5640673,7295098,155434,Business Owner,Single,Graduate,Rented,Medical,0
CUST02471,26,2441162,471607,19,382,3,2068,8704158,1529147,203430,Self-Employed,Single,Graduate,Rented,Business,0
CUST02472,39,667278,4198926,12,368,5,29159,1296879,3272033,55606,Salaried,Divorced,Post-Graduate,Rented,Medical,1
CUST02473,30,749291,2505676,1,775,3,208806,244882,4563233,62440,Salaried,Married,Post-Graduate,Rented,Medical,1
CUST02474,26,1266276,2851278,22,813,3,10800,4702471,2773488,105523,Self-Employed,Married,Doctorate,Mortgaged,Personal,0
CUST02475,40,1853130,4830145,20,347,3,20125,2721922,2525038,154427,Self-Employed,Single,Graduate,Mortgaged,Business,1
CUST02476,44,2403603,3218359,20,648,3,13409,7575988,859062,200300,Self-Employed,Divorced,Graduate,Rented,Personal,0
CUST02477,29,2020118,160315,5,600,3,2671,3435523,2133855,168343,Self-Employed,Married,Post-Graduate,Rented,Personal,0
CUST02478,25,2015944,927472,22,510,5,3513,4129489,2864727,167995,Salaried,Single,High School,Rented,Business,0
CUST02479,27,1186856,2160422,22,687,4,8183,5395154,6699916,98904,Self-Employed,Married,Post-Graduate,Rented,Home,0
CUST02480,50,1666654,234169,25,848,5,780,9618413,2695891,138887,Self-Employed,Married,High School,Rented,Home,0
CUST02481,58,646305,878989,17,793,3,4308,811473,1289317,53858,Unemployed,Married,Graduate,Owned,Business,0
CUST02482,29,1238401,3968856,22,391,4,15033,5570497,6772409,103200,Self-Employed,Married,Graduate,Mortgaged,Home,1
CUST02483,35,594056,756806,12,577,5,5255,3950772,2814426,49504,Salaried,Single,Post-Graduate,Owned,Business,1
CUST02484,36,213739,876839,21,861,1,3479,456457,7359321,17811,Self-Employed,Married,High School,Owned,Business,1
CUST02485,37,2162765,2548175,21,442,5,10111,8164917,872219,180230,Self-Employed,Married,Post-Graduate,Owned,Car,1
CUST02486,32,2041112,501289,23,812,4,1816,9148453,175440,170092,Salaried,Married,Post-Graduate,Mortgaged,Business,0
CUST02487,24,1350277,1315636,25,594,2,4385,1814592,7373742,112523,Salaried,Married,Post-Graduate,Owned,Personal,0
CUST02488,44,184063,4690933,1,612,4,390911,7621421,786051,15338,Salaried,Single,Doctorate,Rented,Personal,1
CUST02489,37,361821,3175793,23,450,1,11506,7042637,68394,30151,Salaried,Married,Post-Graduate,Rented,Business,1
CUST02490,36,412658,4819430,23,851,4,17461,7082831,5145827,34388,Self-Employed,Married,Post-Graduate,Rented,Medical,1
CUST02491,33,1834995,1803537,16,617,3,9393,4657261,2538091,152916,Salaried,Married,Graduate,Rented,Business,0
CUST02492,61,628205,3100473,16,644,5,16148,3269922,3877943,52350,Self-Employed,Divorced,Post-Graduate,Mortgaged,Business,1
CUST02493,48,737901,1230869,21,577,3,4884,799980,3267174,61491,Salaried,Married,Doctorate,Rented,Medical,1
CUST02494,40,2173580,1924254,14,353,3,11453,445691,2375029,181131,Business Owner,Married,Graduate,Rented,Education,1
CUST02495,30,2209527,914546,13,768,3,5862,1856003,3849185,184127,Self-Employed,Married,Graduate,Owned,Car,0
CUST02496,56,1943175,4174535,24,497,3,14494,5325766,2079256,161931,Self-Employed,Single,Graduate,Rented,Home,0
CUST02497,60,877493,961030,23,444,5,3481,1496204,1797574,73124,Salaried,Divorced,Post-Graduate,Mortgaged,Car,1
CUST02498,23,1512853,1063363,7,769,4,12659,6897331,1797396,126071,Unemployed,Married,Doctorate,Owned,Education,0
CUST02499,61,620636,2345849,25,419,0,7819,6235206,947767,51719,Salaried,Divorced,Graduate,Mortgaged,Home,0
CUST02500,52,2166077,2175492,10,709,3,18129,3511329,4203606,180506,Self-Employed,Married,Doctorate,Owned,Education,0
CUST02501,26,349417,1603500,4,584,1,33406,964511,4388079,29118,Salaried,Married,Graduate,Mortgaged,Medical,1
CUST02502,54,1899348,1817235,26,779,0,5824,5222397,139839,158279,Salaried,Single,Graduate,Rented,Home,0
CUST02503,26,1352098,1510375,7,330,5,17980,8248163,3676213,112674,Self-Employed,Married,Post-Graduate,Mortgaged,Car,1
CUST02504,24,1930059,4567864,6,764,5,63442,3998173,5911075,160838,Salaried,Married,Doctorate,Rented,Business,1
CUST02505,26,1209233,2922848,8,437,5,30446,8085925,10241,100769,Salaried,Divorced,Graduate,Rented,Car,1
CUST02506,41,521586,4602898,15,822,2,25571,2933446,2403104,43465,Salaried,Married,Doctorate,Owned,Medical,1
CUST02507,48,1915583,4934724,5,512,2,82245,892613,7687956,159631,Salaried,Married,Post-Graduate,Rented,Personal,1
CUST02508,39,1633037,3271885,5,304,4,54531,6534837,3414651,136086,Unemployed,Married,Post-Graduate,Mortgaged,Medical,1
CUST02509,27,1241816,4137038,12,592,1,28729,8893152,132510,103484,Self-Employed,Single,Post-Graduate,Owned,Medical,0
CUST02510,30,1025906,598163,7,332,0,7120,8847946,4216417,85492,Salaried,Married,Graduate,Mortgaged,Personal,0
CUST02511,58,957967,4749611,6,461,2,65966,9595692,3286440,79830,Self-Employed,Widowed,High School,Rented,Business,1
CUST02512,63,1280665,2436854,27,730,3,7521,1166875,1690876,106722,Self-Employed,Married,High School,Rented,Car,0
CUST02513,54,764889,3581502,18,636,2,16581,530334,587353,63740,Self-Employed,Married,High School,Rented,Car,0
CUST02514,26,813550,1264375,1,725,1,105364,5738008,7069621,67795,Self-Employed,Divorced,Graduate,Owned,Personal,0
CUST02515,57,803644,522730,3,827,3,14520,9508262,6502725,66970,Salaried,Single,High School,Rented,Medical,0
CUST02516,51,179797,4430332,24,580,5,15383,9979339,5456746,14983,Salaried,Widowed,Graduate,Mortgaged,Medical,1
CUST02517,44,2330442,2274769,8,626,1,23695,2866675,141169,194203,Self-Employed,Married,Graduate,Owned,Business,0
CUST02518,28,705896,735093,5,334,2,12251,3814395,6962370,58824,Self-Employed,Single,High School,Owned,Personal,0
CUST02519,64,537934,3309458,20,472,1,13789,6681143,3786349,44827,Self-Employed,Married,Graduate,Owned,Medical,1
CUST02520,41,505253,318835,25,734,1,1062,9144712,3803604,42104,Salaried,Single,Graduate,Rented,Home,0
CUST02521,23,2472214,2279842,12,337,3,15832,1830675,7021575,206017,Business Owner,Married,High School,Rented,Home,1
CUST02522,31,1270345,3536923,22,515,2,13397,9759088,3459683,105862,Salaried,Single,Post-Graduate,Mortgaged,Medical,0
CUST02523,39,918260,3616083,13,381,3,23180,8192812,1889623,76521,Self-Employed,Single,Post-Graduate,Rented,Education,1
CUST02524,24,1099147,2293766,4,814,0,47786,774179,1897140,91595,Salaried,Married,Post-Graduate,Owned,Car,0
CUST02525,35,357717,1881321,24,636,3,6532,8434942,7414918,29809,Self-Employed,Married,Post-Graduate,Owned,Medical,1
CUST02526,42,887117,4199906,27,686,0,12962,6452157,4358722,73926,Unemployed,Single,Doctorate,Rented,Education,0
CUST02527,62,734422,964446,29,710,2,2771,9785579,4631257,61201,Salaried,Married,Post-Graduate,Rented,Home,0
CUST02528,25,2037563,419416,3,434,5,11650,2172859,4745308,169796,Self-Employed,Single,High School,Mortgaged,Personal,1
CUST02529,46,287273,826371,17,329,2,4050,9926081,1764549,23939,Self-Employed,Married,Graduate,Owned,Home,0
CUST02530,61,1149802,4015326,19,538,4,17611,570900,3359387,95816,Salaried,Married,Graduate,Mortgaged,Business,1
CUST02531,56,2006569,2376020,3,411,2,66000,850991,7612257,167214,Salaried,Single,Graduate,Rented,Car,1
CUST02532,61,2108951,234807,28,493,5,698,4532371,1163060,175745,Self-Employed,Widowed,Post-Graduate,Mortgaged,Car,0
CUST02533,29,1354499,885440,3,491,5,24595,6613839,7610246,112874,Salaried,Married,High School,Mortgaged,Business,1
CUST02534,56,672938,188946,8,769,5,1968,1752494,2184835,56078,Salaried,Single,Doctorate,Mortgaged,Home,0
CUST02535,64,941918,4081418,29,491,2,11728,2803157,2365787,78493,Business Owner,Married,Graduate,Rented,Medical,1
CUST02536,36,672384,2333512,17,390,1,11438,3959688,114012,56032,Self-Employed,Married,Post-Graduate,Rented,Business,0
CUST02537,43,1705816,386907,20,875,3,1612,1343220,5309431,142151,Self-Employed,Single,Graduate,Owned,Home,0
CUST02538,44,837706,1145391,15,329,4,6363,1842129,2553110,69808,Self-Employed,Single,High School,Owned,Business,1
CUST02539,43,1632019,3101452,22,422,3,11747,1573074,3675174,136001,Salaried,Married,Graduate,Rented,Personal,1
CUST02540,34,1690881,2988907,3,508,4,83025,9544985,4646071,140906,Self-Employed,Married,Graduate,Mortgaged,Car,1
CUST02541,63,2358699,4105471,20,337,5,17106,9370728,5073549,196558,Salaried,Single,Graduate,Rented,Business,1
CUST02542,63,1020324,177794,2,839,4,7408,6322808,7645688,85027,Salaried,Married,Post-Graduate,Rented,Medical,0
CUST02543,38,2408962,393528,6,511,2,5465,6868127,4446135,200746,Self-Employed,Single,Graduate,Owned,Business,0
CUST02544,56,1091683,225178,15,769,1,1250,1457205,1423174,90973,Unemployed,Single,High School,Rented,Business,0
CUST02545,39,1749606,2000624,14,380,2,11908,599563,5628152,145800,Salaried,Married,Graduate,Owned,Personal,1
CUST02546,56,1704806,3649385,5,612,3,60823,3832223,443716,142067,Unemployed,Single,Graduate,Owned,Home,0
CUST02547,47,2071867,3331871,24,375,5,11568,9843877,6748570,172655,Self-Employed,Single,Graduate,Owned,Medical,1
CUST02548,42,1252410,1090317,9,438,1,10095,4831132,2370490,104367,Salaried,Single,High School,Mortgaged,Medical,0
CUST02549,27,2012198,3303332,26,544,0,10587,8097341,5777838,167683,Salaried,Married,Post-Graduate,Rented,Medical,0
CUST02550,50,985041,3299264,1,817,1,274938,3761538,1254381,82086,Salaried,Married,Graduate,Mortgaged,Car,0
CUST02551,35,1304563,997373,7,483,3,11873,3160875,3253577,108713,Self-Employed,Married,Doctorate,Rented,Medical,0
CUST02552,31,1324234,3762114,9,752,1,34834,8140148,5564151,110352,Salaried,Married,High School,Rented,Medical,0
CUST02553,30,1805476,2140342,18,355,2,9908,4761580,4970821,150456,Salaried,Married,Post-Graduate,Mortgaged,Home,0
CUST02554,64,1603115,343689,12,450,1,2386,7346283,45993,133592,Salaried,Single,Post-Graduate,Mortgaged,Home,0
CUST02555,26,333908,1983375,5,662,5,33056,7293102,277054,27825,Unemployed,Single,High School,Owned,Home,1
CUST02556,56,2051303,3860282,17,580,3,18922,7298166,7846936,170941,Salaried,Single,Post-Graduate,Owned,Medical,0
CUST02557,59,1931349,3496248,28,601,4,10405,6792717,4230793,160945,Salaried,Married,Graduate,Owned,Car,0
CUST02558,23,395697,1378685,4,706,3,28722,8113336,6845333,32974,Salaried,Single,Graduate,Rented,Medical,0
CUST02559,47,2410307,3796664,8,346,0,39548,4684500,581665,200858,Salaried,Single,Post-Graduate,Owned,Business,0
CUST02560,46,1702693,1978252,14,717,1,11775,3101481,3925364,141891,Salaried,Married,Doctorate,Rented,Home,0
CUST02561,37,349690,2328191,22,817,5,8818,5172660,4610473,29140,Self-Employed,Married,High School,Rented,Medical,1
CUST02562,50,1304780,478864,4,759,3,9976,3313518,7367537,108731,Self-Employed,Married,Post-Graduate,Mortgaged,Medical,0
CUST02563,39,2114872,4985479,7,470,4,59350,527756,5684719,176239,Salaried,Married,High School,Mortgaged,Home,1
CUST02564,40,807597,4201218,7,510,4,50014,3681986,5024474,67299,Business Owner,Single,High School,Rented,Home,1
CUST02565,40,2342503,1014896,18,876,3,4698,5056269,2347646,195208,Salaried,Married,High School,Rented,Medical,0
CUST02566,56,1133251,2825607,3,773,3,78489,5251860,7950119,94437,Business Owner,Married,Graduate,Owned,Home,1
CUST02567,49,681543,3912771,20,858,1,16303,3468444,2621212,56795,Salaried,Widowed,Post-Graduate,Owned,Car,0
CUST02568,38,987658,2548093,13,848,1,16333,7282224,2226449,82304,Business Owner,Married,Graduate,Rented,Business,0
CUST02569,61,1383306,1093459,10,560,0,9112,2922006,5789862,115275,Unemployed,Married,Doctorate,Mortgaged,Medical,0
CUST02570,56,1767105,4844346,26,377,1,15526,6511037,7975249,147258,Business Owner,Single,Post-Graduate,Owned,Business,0
CUST02571,62,2330466,1380600,24,437,3,4793,2769262,6854871,194205,Salaried,Widowed,High School,Rented,Car,0
CUST02572,53,608004,1705803,24,476,5,5922,9867486,1441978,50667,Salaried,Married,Graduate,Mortgaged,Medical,1
CUST02573,38,2406531,1889542,26,800,2,6056,6524574,6523066,200544,Business Owner,Single,Graduate,Rented,Personal,0
CUST02574,55,1390097,4459357,7,465,3,53087,5612669,2827346,115841,Salaried,Married,Graduate,Mortgaged,Business,1
CUST02575,36,450523,2525064,25,516,5,8416,4349650,1775863,37543,Salaried,Married,High School,Mortgaged,Car,1
CUST02576,33,2327200,3612455,6,810,4,50172,7584110,7482592,193933,Salaried,Single,High School,Owned,Home,0
CUST02577,41,970159,4510996,10,398,1,37591,4315443,7598592,80846,Salaried,Married,Graduate,Rented,Education,1
CUST02578,63,1608374,4646214,17,698,1,22775,8052038,2964338,134031,Salaried,Married,Graduate,Owned,Personal,0
CUST02579,46,1790639,4289335,22,630,3,16247,1675951,209612,149219,Salaried,Single,Post-Graduate,Rented,Personal,1
CUST02580,38,181506,4543620,17,890,1,22272,8219973,1678691,15125,Self-Employed,Widowed,Post-Graduate,Mortgaged,Business,1
CUST02581,41,670662,4743716,17,593,1,23253,9622449,4329776,55888,Salaried,Divorced,Doctorate,Owned,Medical,1
CUST02582,34,1763172,4955597,11,612,3,37542,2501675,475896,146931,Salaried,Single,Post-Graduate,Mortgaged,Business,0
CUST02583,50,913210,3233312,18,810,3,14969,2316869,1817271,76100,Salaried,Married,Graduate,Mortgaged,Medical,0
CUST02584,37,171928,701799,14,895,1,4177,9553290,1191665,14327,Unemployed,Divorced,Graduate,Rented,Education,0
CUST02585,45,204733,610903,14,737,0,3636,4120481,7616808,17061,Self-Employed,Married,Graduate,Rented,Medical,0
CUST02586,37,2092148,3990281,17,718,4,19560,6984174,2841787,174345,Self-Employed,Widowed,Doctorate,Owned,Car,0
CUST02587,35,510775,1614905,18,825,2,7476,1983027,3040488,42564,Self-Employed,Single,Graduate,Rented,Medical,0
CUST02588,63,385997,4032247,10,887,3,33602,4332703,3369856,32166,Self-Employed,Married,Graduate,Owned,Medical,1
CUST02589,36,1471474,4676942,4,740,1,97436,7061114,104233,122622,Salaried,Married,Post-Graduate,Owned,Car,0
CUST02590,25,429501,3239648,9,475,1,29996,8958967,4339609,35791,Self-Employed,Single,Graduate,Owned,Home,1
CUST02591,38,1684761,3833283,12,685,3,26620,4417674,7299746,140396,Salaried,Married,Doctorate,Rented,Business,1
CUST02592,44,1428625,1430361,5,441,0,23839,843891,6508703,119052,Self-Employed,Single,High School,Owned,Medical,1
CUST02593,26,1674942,2200964,6,600,1,30568,4195134,2005693,139578,Salaried,Single,Graduate,Rented,Home,0
CUST02594,35,1305270,4827483,28,566,4,14367,6464827,107318,108772,Business Owner,Single,Doctorate,Rented,Car,1
CUST02595,29,1979147,4093421,9,892,4,37902,8763439,6186975,164928,Salaried,Single,Graduate,Owned,Education,0
CUST02596,43,1665173,1061889,22,632,2,4022,8355355,6728929,138764,Salaried,Single,Graduate,Rented,Personal,0
CUST02597,53,1125911,4684793,4,875,0,97599,7618850,7373919,93825,Self-Employed,Married,Graduate,Owned,Education,0
CUST02598,63,186140,2522898,29,784,0,7249,1736493,4617994,15511,Salaried,Single,Post-Graduate,Owned,Car,1
CUST02599,38,792703,4227145,7,809,3,50323,5246763,3788145,66058,Salaried,Single,High School,Owned,Medical,0
CUST02600,59,458862,2631361,12,401,4,18273,5803491,6051824,38238,Business Owner,Single,Graduate,Owned,Medical,1
CUST02601,31,186614,3039274,23,765,3,11011,4739044,5523065,15551,Self-Employed,Married,Graduate,Rented,Personal,1
CUST02602,55,791950,851055,6,450,2,11820,9238105,6055833,65995,Self-Employed,Single,Graduate,Owned,Business,0
CUST02603,46,635580,1726388,16,646,0,8991,9603023,2274942,52965,Salaried,Married,Graduate,Rented,Education,0
CUST02604,54,330339,3626517,23,591,1,13139,2181262,7225621,27528,Salaried,Single,Graduate,Rented,Personal,1
CUST02605,54,884111,4219844,1,455,0,351653,9568975,297408,73675,Salaried,Single,Post-Graduate,Rented,Car,0
CUST02606,44,1340428,489892,1,890,2,40824,8480386,747041,111702,Self-Employed,Married,Graduate,Rented,Business,0
CUST02607,33,568786,430479,23,825,1,1559,7077231,5238148,47398,Self-Employed,Married,Graduate,Mortgaged,Education,0
CUST02608,44,791811,3480834,8,644,0,36258,3876273,4572122,65984,Salaried,Married,Graduate,Mortgaged,Education,0
CUST02609,57,197339,2263121,27,306,3,6984,7625464,4432465,16444,Salaried,Married,Graduate,Rented,Medical,1
CUST02610,63,268450,4250646,27,409,2,13119,5903090,7272236,22370,Salaried,Single,High School,Rented,Car,1
CUST02611,61,520001,387690,26,436,5,1242,9001019,6966858,43333,Salaried,Single,Doctorate,Owned,Education,1
CUST02612,29,1214370,1779512,29,883,2,5113,7141534,5753650,101197,Salaried,Married,High School,Rented,Business,0
CUST02613,47,1715333,225430,24,542,0,782,9646656,1317480,142944,Salaried,Single,Post-Graduate,Rented,Home,0
CUST02614,26,2002596,3561633,12,328,4,24733,4250380,772679,166883,Salaried,Married,Graduate,Mortgaged,Home,1
CUST02615,50,1629525,4296371,29,651,4,12345,914520,1117864,135793,Salaried,Married,Post-Graduate,Mortgaged,Business,0
CUST02616,64,1599596,826031,11,870,5,6257,4970520,4911714,133299,Salaried,Single,Post-Graduate,Owned,Car,0
CUST02617,24,2348856,1653654,18,636,4,7655,9973654,5702422,195738,Salaried,Single,Post-Graduate,Mortgaged,Medical,0
CUST02618,50,750757,4237447,1,566,2,353120,6584987,6399047,62563,Business Owner,Married,Graduate,Mortgaged,Medical,1
CUST02619,62,2025695,255081,28,405,4,759,7059919,824938,168807,Salaried,Married,Graduate,Rented,Car,0
CUST02620,58,2351647,4762556,18,827,4,22048,6290760,2198894,195970,Salaried,Widowed,Post-Graduate,Mortgaged,Car,0
CUST02621,38,1484226,4440599,28,362,3,13216,5968174,2704223,123685,Salaried,Single,High School,Rented,Business,1
CUST02622,26,2125303,805833,11,860,4,6104,707455,5059945,177108,Salaried,Divorced,Graduate,Rented,Business,1
CUST02623,61,473257,737704,10,433,5,6147,4190354,372486,39438,Salaried,Single,Post-Graduate,Mortgaged,Car,1
CUST02624,61,2215140,3474704,16,382,4,18097,955834,6723297,184595,Salaried,Single,Graduate,Owned,Education,1
CUST02625,46,1475568,99979,26,509,3,320,3430259,644784,122964,Salaried,Married,Graduate,Rented,Business,0
CUST02626,64,670605,2553863,16,302,2,13301,7226248,4190935,55883,Business Owner,Widowed,Post-Graduate,Mortgaged,Car,0
CUST02627,22,294748,376294,23,308,5,1363,8061681,7463093,24562,Business Owner,Married,High School,Mortgaged,Personal,1
CUST02628,48,1841831,2680921,7,411,5,31915,2313756,1553497,153485,Salaried,Married,Post-Graduate,Owned,Education,1
CUST02629,23,1162579,1783484,23,715,1,6461,6578907,5498356,96881,Salaried,Married,Post-Graduate,Rented,Business,0
CUST02630,62,878508,3547124,22,788,0,13436,2342114,4397456,73209,Unemployed,Divorced,High School,Owned,Car,0
CUST02631,51,1067107,4409503,26,448,4,14133,2086981,6558993,88925,Salaried,Married,High School,Mortgaged,Education,1
CUST02632,61,2478880,2469265,2,686,1,102886,9603972,4704031,206573,Unemployed,Married,Doctorate,Rented,Medical,0
CUST02633,46,1155362,3226756,12,510,5,22408,6138119,6785790,96280,Self-Employed,Married,High School,Rented,Medical,1
CUST02634,25,335124,3021615,3,559,0,83933,2055284,3222822,27927,Salaried,Married,Doctorate,Mortgaged,Home,1
CUST02635,23,807590,4925385,12,500,5,34204,1497544,1311534,67299,Salaried,Widowed,Graduate,Rented,Home,1
CUST02636,36,491605,1192960,23,834,4,4322,590016,5436932,40967,Salaried,Married,Graduate,Rented,Business,1
CUST02637,53,1761701,1232731,19,607,1,5406,5019060,7741327,146808,Business Owner,Single,Post-Graduate,Rented,Medical,0
CUST02638,28,2030938,1923607,22,603,0,7286,1102150,3466663,169244,Salaried,Divorced,Graduate,Rented,Home,0
CUST02639,58,2126219,3696628,22,815,5,14002,5876230,6559835,177184,Self-Employed,Married,Graduate,Rented,Personal,1
CUST02640,32,1637274,4332939,29,694,0,12450,4394317,7019240,136439,Salaried,Married,Graduate,Mortgaged,Car,0
CUST02641,43,1956014,1426474,26,389,0,4572,6393272,5164254,163001,Business Owner,Married,Graduate,Owned,Education,0
CUST02642,30,1130632,594017,18,413,4,2750,2154268,6333003,94219,Self-Employed,Single,High School,Rented,Personal,1
CUST02643,42,1625217,3062818,26,504,4,9816,1538095,4503993,135434,Salaried,Married,Post-Graduate,Rented,Personal,1
CUST02644,41,401390,3007997,2,358,0,125333,1097700,6438174,33449,Salaried,Single,Graduate,Owned,Education,1
CUST02645,22,1415110,1905113,21,715,2,7559,1046425,2689533,117925,Salaried,Divorced,Post-Graduate,Mortgaged,Medical,0
CUST02646,46,1460048,962220,16,597,3,5011,815791,4208613,121670,Business Owner,Married,Graduate,Rented,Personal,1
CUST02647,55,223047,4256868,28,326,3,12669,2661210,622445,18587,Self-Employed,Married,Graduate,Owned,Medical,1
CUST02648,62,1438525,4240371,15,540,2,23557,8024298,1570782,119877,Salaried,Single,Graduate,Rented,Personal,0
CUST02649,36,1848894,3750273,6,797,2,52087,6109595,4632897,154074,Business Owner,Widowed,Doctorate,Rented,Education,0
CUST02650,59,1013838,2916267,21,844,0,11572,2578616,5795374,84486,Salaried,Married,Graduate,Rented,Car,0
CUST02651,59,1430709,1344060,28,877,0,4000,9323659,238215,119225,Salaried,Married,Post-Graduate,Owned,Home,0
CUST02652,64,822272,2045091,1,853,5,170424,7634536,551370,68522,Business Owner,Widowed,Post-Graduate,Owned,Personal,1
CUST02653,38,786241,388733,2,664,1,16197,7813322,50946,65520,Salaried,Married,Post-Graduate,Owned,Personal,0
CUST02654,58,454309,1286632,20,856,5,5360,8995750,4140599,37859,Business Owner,Divorced,Graduate,Rented,Business,0
CUST02655,46,920428,2279666,17,873,0,11174,7482534,2681896,76702,Salaried,Married,High School,Rented,Car,0
CUST02656,24,2037507,2212381,16,681,5,11522,9572255,423832,169792,Self-Employed,Single,Graduate,Rented,Home,0
CUST02657,33,2348675,447862,3,547,2,12440,3369300,6348912,195722,Salaried,Married,Post-Graduate,Owned,Business,0
CUST02658,50,1643721,4790181,17,879,4,23481,8575962,4227349,136976,Salaried,Divorced,Graduate,Rented,Personal,1
CUST02659,28,1617251,1377782,17,549,5,6753,1205903,80230,134770,Salaried,Married,High School,Rented,Home,0
CUST02660,40,1592479,2570585,25,399,2,8568,3071434,5487377,132706,Self-Employed,Married,Graduate,Mortgaged,Car,1
CUST02661,55,1268394,2353013,12,363,4,16340,8930200,7291490,105699,Salaried,Single,High School,Owned,Business,1
CUST02662,28,1144133,2373973,11,640,2,17984,1420588,3353585,95344,Salaried,Married,Graduate,Rented,Business,0
CUST02663,43,1609166,4232903,3,321,4,117580,5058449,7597184,134097,Salaried,Married,Graduate,Rented,Personal,1
CUST02664,31,1993341,3744055,17,371,5,18353,3471426,3335225,166111,Salaried,Divorced,High School,Rented,Home,1
CUST02665,45,1122294,4344793,19,446,4,19056,1095057,619515,93524,Self-Employed,Single,High School,Rented,Personal,1
CUST02666,32,1479846,1926282,9,617,4,17835,2435756,982350,123320,Self-Employed,Single,Graduate,Owned,Home,0
CUST02667,63,1254928,1362511,22,586,2,5161,5396190,535704,104577,Self-Employed,Single,Graduate,Owned,Education,0
CUST02668,25,820956,2165748,28,606,0,6445,6343926,2414796,68413,Salaried,Single,Doctorate,Mortgaged,Education,0
CUST02669,63,832226,2829379,6,604,3,39296,6786561,3078765,69352,Salaried,Married,Graduate,Rented,Medical,0
CUST02670,56,335111,1717891,17,896,0,8421,1401607,3554189,27925,Salaried,Married,Post-Graduate,Rented,Medical,0
CUST02671,58,1183655,2327286,21,430,3,9235,3267010,3845110,98637,Salaried,Single,High School,Rented,Education,0
CUST02672,58,1824271,797052,1,584,5,66421,1131127,6908497,152022,Business Owner,Married,Graduate,Owned,Home,0
CUST02673,30,1761141,2940025,6,667,0,40833,191564,92857,146761,Salaried,Married,High School,Rented,Home,0
CUST02674,62,2466318,3583355,12,464,5,24884,3966431,7183839,205526,Unemployed,Married,Post-Graduate,Rented,Medical,1
CUST02675,47,243863,2659426,4,408,3,55404,6253908,1911385,20321,Salaried,Divorced,Post-Graduate,Owned,Personal,1
CUST02676,63,1937544,4371503,11,327,0,33117,3770953,7628640,161462,Self-Employed,Married,Post-Graduate,Mortgaged,Education,0
CUST02677,59,2018314,4978604,5,495,4,82976,496945,1081133,168192,Self-Employed,Single,High School,Owned,Medical,1
CUST02678,46,1175621,4532683,27,452,0,13989,2277649,802109,97968,Self-Employed,Divorced,Post-Graduate,Rented,Business,0
CUST02679,38,815001,510241,18,417,3,2362,4384653,972005,67916,Self-Employed,Single,High School,Rented,Home,0
CUST02680,27,989189,4409974,10,462,3,36749,3621906,2369686,82432,Salaried,Widowed,Graduate,Mortgaged,Business,1
CUST02681,26,1754015,1701838,23,717,4,6166,8265274,7532277,146167,Self-Employed,Married,Post-Graduate,Mortgaged,Car,0
CUST02682,38,2176091,2286329,1,796,2,190527,6020046,3703303,181340,Salaried,Divorced,Graduate,Rented,Medical,0
CUST02683,56,1660404,2089294,18,609,0,9672,9988591,1321935,138367,Salaried,Single,Post-Graduate,Rented,Personal,0
CUST02684,43,1358340,1456127,20,339,2,6067,1837455,5133950,113195,Salaried,Married,Post-Graduate,Mortgaged,Medical,0
CUST02685,42,1683675,4392287,24,741,4,15250,3765998,4064166,140306,Salaried,Divorced,Post-Graduate,Rented,Home,1
CUST02686,32,315901,3207722,7,391,5,38187,964692,5622387,26325,Business Owner,Married,Graduate,Owned,Personal,1
CUST02687,46,1579102,4836487,18,334,1,22391,299256,5932348,131591,Salaried,Divorced,Graduate,Mortgaged,Business,1
CUST02688,49,249029,4775789,23,641,2,17303,9247404,6288130,20752,Salaried,Single,Graduate,Rented,Medical,1
CUST02689,64,2403889,2127817,24,555,5,7388,4979740,1210215,200324,Salaried,Married,Graduate,Owned,Medical,0
CUST02690,53,2239636,3648900,6,487,1,50679,6632111,3966990,186636,Self-Employed,Married,Post-Graduate,Mortgaged,Car,0
CUST02691,48,1344608,2536703,29,880,1,7289,2835126,5045264,112050,Self-Employed,Single,Graduate,Mortgaged,Car,0
CUST02692,61,1029090,2499500,8,354,4,26036,610220,4452674,85757,Unemployed,Married,Post-Graduate,Owned,Medical,1
CUST02693,40,1870949,3711215,12,332,2,25772,8938472,7780561,155912,Self-Employed,Married,High School,Rented,Education,1
CUST02694,62,1648318,3459602,6,652,3,48050,6618332,7684565,137359,Salaried,Married,Graduate,Owned,Personal,0
CUST02695,37,1807805,4563143,5,551,2,76052,7143881,6495053,150650,Salaried,Single,Post-Graduate,Mortgaged,Car,0
CUST02696,27,1361617,3874062,8,780,3,40354,5380493,1920226,113468,Salaried,Married,Graduate,Mortgaged,Medical,0
CUST02697,39,705228,3129600,4,324,1,65200,4102800,4231191,58769,Self-Employed,Widowed,High School,Mortgaged,Education,1
CUST02698,27,322141,4600382,22,551,4,17425,4280517,6430077,26845,Unemployed,Married,Post-Graduate,Owned,Education,1
CUST02699,27,815768,556802,18,387,2,2577,7644079,2146168,67980,Salaried,Married,High School,Owned,Business,0
CUST02700,59,1393147,3827917,12,324,3,26582,2349852,5694544,116095,Salaried,Divorced,Graduate,Rented,Personal,1
CUST02701,56,1146440,1991801,16,577,1,10373,3477938,1993565,95536,Self-Employed,Single,Post-Graduate,Owned,Education,0
CUST02702,31,1339960,2194293,18,740,0,10158,3143657,1120718,111663,Self-Employed,Married,Graduate,Owned,Education,0
CUST02703,58,802590,3919290,6,394,3,54434,5265459,1919522,66882,Self-Employed,Divorced,Post-Graduate,Owned,Personal,1
CUST02704,24,2353994,1404352,9,805,0,13003,9679697,7411933,196166,Salaried,Married,Post-Graduate,Rented,Education,0
CUST02705,34,1011846,4423976,26,611,5,14179,9235574,7962930,84320,Salaried,Single,Graduate,Rented,Car,1
CUST02706,52,2138467,2524414,1,588,5,210367,5493585,6842849,178205,Salaried,Married,Doctorate,Mortgaged,Education,1
CUST02707,35,1068757,1777555,28,853,1,5290,2081556,2170168,89063,Salaried,Married,Graduate,Owned,Car,0
CUST02708,53,1192427,1674480,28,497,1,4983,9410044,6236037,99368,Self-Employed,Married,Graduate,Mortgaged,Medical,0
CUST02709,59,1569081,2133563,8,420,3,22224,3199274,1746036,130756,Salaried,Single,Post-Graduate,Rented,Personal,0
CUST02710,24,768361,4716684,10,771,1,39305,3627644,1014188,64030,Salaried,Single,Graduate,Rented,Car,0
CUST02711,23,666741,558086,6,364,5,7751,8867374,2069952,55561,Unemployed,Married,Graduate,Rented,Home,1
CUST02712,62,1041098,2564430,17,823,0,12570,2706898,1117364,86758,Salaried,Married,Graduate,Mortgaged,Business,0
CUST02713,44,2040085,4183272,7,795,2,49800,4672595,5124003,170007,Salaried,Widowed,Graduate,Owned,Business,0
CUST02714,43,489811,2386678,23,886,1,8647,9176005,5465587,40817,Unemployed,Married,Graduate,Mortgaged,Medical,0
CUST02715,41,1178210,2851788,12,576,4,19804,3247099,285222,98184,Salaried,Married,Graduate,Rented,Medical,1
CUST02716,40,1729474,1773571,29,673,0,5096,6280720,858160,144122,Self-Employed,Single,Post-Graduate,Rented,Business,0
CUST02717,51,1809673,724253,25,829,2,2414,469256,3832605,150806,Salaried,Married,Post-Graduate,Mortgaged,Personal,1
CUST02718,46,1170855,3215064,12,378,5,22326,9956431,906524,97571,Business Owner,Divorced,Graduate,Rented,Business,1
CUST02719,29,341389,4603777,18,483,2,21313,4247635,6625692,28449,Salaried,Married,Graduate,Rented,Business,1
CUST02720,48,187380,2624253,1,583,1,218687,6735862,3202235,15615,Salaried,Single,High School,Rented,Education,1
CUST02721,50,1254418,2188585,2,676,0,91191,4396374,3302570,104534,Unemployed,Divorced,Graduate,Rented,Car,0
CUST02722,26,2053605,688792,15,707,3,3826,4122695,43023,171133,Self-Employed,Married,Graduate,Mortgaged,Business,0
CUST02723,38,216315,4726409,14,853,0,28133,275913,5611935,18026,Salaried,Married,Post-Graduate,Mortgaged,Medical,1
CUST02724,55,2235575,4352578,12,593,2,30226,2846846,5771867,186297,Salaried,Married,Graduate,Mortgaged,Education,0
CUST02725,48,1738388,4514662,3,403,3,125407,3868527,6051004,144865,Salaried,Divorced,Post-Graduate,Mortgaged,Business,0
CUST02726,27,168930,1827113,25,413,2,6090,3754388,4321655,14077,Salaried,Married,Post-Graduate,Rented,Home,1
CUST02727,23,957718,3145230,12,780,4,21841,2807990,2156398,79809,Salaried,Married,High School,Mortgaged,Medical,0
CUST02728,46,668178,2191263,14,576,4,13043,6460203,625393,55681,Salaried,Married,Post-Graduate,Owned,Home,1
CUST02729,41,2380744,1211524,12,678,0,8413,8308429,2524447,198395,Unemployed,Single,Graduate,Rented,Home,0
CUST02730,63,1453738,1068051,15,637,4,5933,8923669,4348661,121144,Self-Employed,Married,Post-Graduate,Rented,Home,0
CUST02731,44,911691,1950069,19,787,5,8552,9725465,932890,75974,Unemployed,Married,Graduate,Rented,Home,0
CUST02732,62,803413,2789321,23,431,1,10106,6531790,432702,66951,Salaried,Married,Graduate,Rented,Car,0
CUST02733,31,1474943,653910,16,402,2,3405,4169093,1735664,122911,Salaried,Single,Graduate,Mortgaged,Education,0
CUST02734,41,161972,3525172,5,740,2,58752,6497008,565568,13497,Self-Employed,Single,Graduate,Mortgaged,Education,1
CUST02735,28,754860,2315935,26,560,2,7422,1410601,113698,62905,Salaried,Single,Post-Graduate,Mortgaged,Education,0
CUST02736,46,538713,4411768,9,789,2,40849,8187061,3883729,44892,Salaried,Divorced,Post-Graduate,Mortgaged,Business,1
CUST02737,30,1607264,1430026,1,377,5,119168,5396262,5960890,133938,Business Owner,Married,Graduate,Mortgaged,Personal,1
CUST02738,43,1722676,305457,2,463,3,12727,1734913,3998586,143556,Self-Employed,Married,Post-Graduate,Rented,Car,0
CUST02739,36,1247549,1594674,23,876,5,5777,4315726,730045,103962,Salaried,Single,Graduate,Owned,Home,0
CUST02740,29,479068,4867992,12,806,2,33805,3080866,2711958,39922,Salaried,Single,Graduate,Mortgaged,Business,1
CUST02741,26,1020976,1643887,1,337,3,136990,3560683,284358,85081,Salaried,Married,Graduate,Owned,Car,0
CUST02742,44,2130815,3533897,24,790,0,12270,600850,4974171,177567,Self-Employed,Single,Post-Graduate,Rented,Medical,1
CUST02743,62,628669,4224296,9,339,1,39113,258991,1865018,52389,Salaried,Single,Graduate,Owned,Medical,1
CUST02744,30,533913,1457278,29,372,3,4187,3561414,3098867,44492,Business Owner,Widowed,Graduate,Rented,Business,1
CUST02745,39,412075,3230852,26,838,1,10355,3086505,7216041,34339,Salaried,Married,Post-Graduate,Rented,Home,1
CUST02746,31,2069279,1062150,2,375,5,44256,9988355,4695684,172439,Salaried,Married,Post-Graduate,Rented,Medical,1
CUST02747,56,431715,1842922,21,480,1,7313,2699449,6118692,35976,Self-Employed,Single,High School,Mortgaged,Medical,1
CUST02748,39,1516804,1515635,18,381,0,7016,3360192,2798279,126400,Business Owner,Single,Graduate,Owned,Business,0
CUST02749,63,2497744,3378320,5,658,4,56305,9160571,7445504,208145,Business Owner,Divorced,Graduate,Owned,Medical,0
CUST02750,32,1658258,4384842,10,334,0,36540,8611752,5719735,138188,Salaried,Married,High School,Mortgaged,Home,0
CUST02751,25,1118930,1299295,15,472,1,7218,662826,4125262,93244,Salaried,Married,Graduate,Owned,Education,1
CUST02752,47,636043,1492381,5,495,1,24873,949199,4634288,53003,Self-Employed,Married,Post-Graduate,Rented,Education,1
CUST02753,50,154534,4113669,21,689,4,16324,1040372,4985693,12877,Business Owner,Single,Graduate,Mortgaged,Education,1
CUST02754,64,515573,2340964,9,597,5,21675,4651152,1280348,42964,Unemployed,Married,Post-Graduate,Rented,Education,1
CUST02755,59,2389382,2589663,28,415,1,7707,5768543,2013337,199115,Salaried,Single,Doctorate,Owned,Medical,0
CUST02756,60,487468,3543403,24,578,2,12303,3579482,5490150,40622,Self-Employed,Single,Graduate,Rented,Car,1
CUST02757,49,196952,731048,19,575,2,3206,228414,3526349,16412,Salaried,Married,Graduate,Mortgaged,Education,1
CUST02758,37,2067769,4366349,4,512,4,90965,2095670,6271487,172314,Salaried,Single,High School,Rented,Education,1
CUST02759,40,1133677,1857858,1,620,2,154821,6184545,4206853,94473,Salaried,Single,Post-Graduate,Rented,Personal,0
CUST02760,27,988940,3309927,5,495,3,55165,3787811,526992,82411,Salaried,Single,Graduate,Owned,Education,0
CUST02761,40,1836072,2189300,15,500,3,12162,1323116,5318476,153006,Salaried,Single,Graduate,Mortgaged,Business,1
CUST02762,37,1379116,3777890,23,770,0,13688,6547653,4879684,114926,Salaried,Divorced,Post-Graduate,Owned,Business,0
CUST02763,23,2299308,3077337,5,451,3,51288,6172392,2917408,191609,Self-Employed,Divorced,Post-Graduate,Rented,Education,0
CUST02764,30,1248857,907967,21,497,3,3603,4954049,6323437,104071,Self-Employed,Single,Graduate,Owned,Car,0
CUST02765,44,1825282,979829,2,384,5,40826,9407848,2805866,152106,Salaried,Single,Post-Graduate,Mortgaged,Medical,0
CUST02766,37,2215327,4393168,8,718,3,45762,8458906,917223,184610,Self-Employed,Married,Doctorate,Rented,Business,0
CUST02767,64,1239520,2622043,18,723,5,12139,493810,969789,103293,Salaried,Single,Graduate,Owned,Business,1
CUST02768,42,818061,1414809,25,706,2,4716,9058971,7213219,68171,Salaried,Married,High School,Owned,Car,0
CUST02769,63,2439938,759127,23,400,4,2750,591191,3008652,203328,Unemployed,Single,Post-Graduate,Mortgaged,Home,1
CUST02770,50,682965,685471,16,570,5,3570,4870739,3318390,56913,Salaried,Married,Post-Graduate,Owned,Personal,1
CUST02771,23,242400,4603521,2,475,0,191813,9026642,2443884,20200,Salaried,Single,Graduate,Rented,Car,1
CUST02772,30,1508659,4882409,9,758,3,45207,9819090,5902718,125721,Self-Employed,Married,Post-Graduate,Rented,Car,0
CUST02773,52,2469196,1997824,23,502,5,7238,323519,4844102,205766,Salaried,Married,Graduate,Mortgaged,Home,1
CUST02774,45,353130,1048117,3,549,3,29114,813005,7192398,29427,Salaried,Single,Graduate,Rented,Business,1
CUST02775,34,2146070,2123455,21,572,5,8426,2488783,7155875,178839,Self-Employed,Married,Post-Graduate,Mortgaged,Home,1
CUST02776,44,2101516,726427,21,756,2,2882,2835758,7917097,175126,Self-Employed,Married,Post-Graduate,Owned,Personal,0
CUST02777,60,2332985,2770800,22,721,5,10495,2866519,2632764,194415,Salaried,Widowed,High School,Rented,Business,0
CUST02778,38,1140672,3148803,7,791,3,37485,4225441,4671400,95056,Business Owner,Married,High School,Owned,Home,0
CUST02779,23,748715,4927176,8,556,2,51324,3256328,2771917,62392,Salaried,Single,Graduate,Rented,Personal,1
CUST02780,35,1353535,1628372,6,791,1,22616,5868744,5634191,112794,Salaried,Married,Graduate,Rented,Business,0
CUST02781,62,484776,1029173,12,822,1,7147,8554397,5985412,40398,Salaried,Single,Post-Graduate,Rented,Education,0
CUST02782,54,2130698,710078,16,614,1,3698,5504704,2013597,177558,Salaried,Divorced,High School,Mortgaged,Car,0
CUST02783,58,1708790,1916993,4,707,4,39937,3386049,6877442,142399,Unemployed,Married,Post-Graduate,Mortgaged,Medical,1
CUST02784,61,1285815,3025549,17,845,2,14831,5722969,2320370,107151,Self-Employed,Single,Graduate,Rented,Business,0
CUST02785,27,1362269,379822,7,803,2,4521,6242343,7866460,113522,Salaried,Married,Post-Graduate,Rented,Personal,0
CUST02786,34,1823486,3806976,17,465,2,18661,8972882,6806155,151957,Salaried,Married,Graduate,Rented,Home,1
CUST02787,24,1379444,2327532,9,729,2,21551,9479375,145387,114953,Salaried,Single,Post-Graduate,Mortgaged,Medical,0
CUST02788,22,2123545,3976331,28,567,4,11834,2847895,3185951,176962,Self-Employed,Married,Graduate,Owned,Car,0
CUST02789,57,2322855,2344853,10,389,2,19540,9190817,3107014,193571,Salaried,Married,Graduate,Rented,Business,0
CUST02790,62,2382006,819787,26,523,2,2627,8186852,6579471,198500,Business Owner,Married,Graduate,Rented,Car,0
CUST02791,28,1607190,156238,6,886,3,2169,1368928,5795459,133932,Salaried,Married,Graduate,Rented,Personal,0
CUST02792,53,1894994,2806491,3,874,3,77958,5624205,404774,157916,Salaried,Married,Graduate,Rented,Medical,0
CUST02793,45,881000,2720223,6,771,2,37780,1606838,6725219,73416,Unemployed,Married,Post-Graduate,Owned,Education,0
CUST02794,24,239574,4077707,13,894,0,26139,4955855,1746027,19964,Business Owner,Married,Post-Graduate,Owned,Medical,1
CUST02795,61,1090156,4392409,27,643,4,13556,542713,2957769,90846,Salaried,Married,High School,Mortgaged,Business,1
CUST02796,59,2198520,847380,6,754,3,11769,3064192,1360752,183210,Salaried,Married,Post-Graduate,Owned,Personal,0
CUST02797,46,463715,1607700,23,399,3,5825,5922057,1260202,38642,Business Owner,Married,Graduate,Rented,Medical,1
CUST02798,52,1432424,1078027,21,479,3,4277,3110281,4216539,119368,Self-Employed,Single,Graduate,Rented,Home,0
CUST02799,39,601937,578234,10,403,3,4818,199734,677576,50161,Self-Employed,Married,Graduate,Rented,Car,1
CUST02800,56,1158788,61936,10,862,5,516,3945950,644244,96565,Self-Employed,Married,High School,Rented,Education,0
CUST02801,41,486872,457443,28,668,0,1361,5457604,6285862,40572,Unemployed,Single,Graduate,Mortgaged,Home,0
CUST02802,64,1876650,2646939,21,859,0,10503,7658753,2750963,156387,Salaried,Single,Graduate,Rented,Education,0
CUST02803,24,2054184,801732,7,549,5,9544,1450839,5185912,171182,Salaried,Married,Graduate,Owned,Home,1
CUST02804,29,1932131,1013674,27,542,5,3128,4819655,7889960,161010,Salaried,Single,High School,Owned,Education,1
CUST02805,63,1806452,633285,12,705,2,4397,2067638,406879,150537,Self-Employed,Married,Graduate,Rented,Home,0
CUST02806,34,702609,3635000,3,640,3,100972,1622953,6353737,58550,Salaried,Married,Graduate,Rented,Education,1
CUST02807,35,1396310,3196630,24,523,2,11099,1307541,877327,116359,Salaried,Married,Graduate,Mortgaged,Education,0
CUST02808,56,396246,4812958,26,490,5,15426,7622645,6084731,33020,Self-Employed,Widowed,Graduate,Rented,Education,1
CUST02809,30,1029764,601898,13,607,2,3858,9203350,2448007,85813,Salaried,Divorced,Graduate,Rented,Business,0
CUST02810,44,1338665,1083339,21,345,4,4298,6667461,1080917,111555,Unemployed,Widowed,Graduate,Mortgaged,Personal,1
CUST02811,34,1720961,2305716,7,412,2,27449,3845476,1829804,143413,Salaried,Widowed,Graduate,Mortgaged,Home,0
CUST02812,30,377485,3263030,25,326,2,10876,9497463,2916472,31457,Self-Employed,Single,Post-Graduate,Rented,Personal,1
CUST02813,63,2060327,693892,11,393,4,5256,5021875,5837942,171693,Self-Employed,Single,Post-Graduate,Rented,Business,0
CUST02814,30,1228426,1098580,8,419,2,11443,5341199,5444703,102368,Salaried,Single,Post-Graduate,Owned,Car,0
CUST02815,26,2220898,2136488,15,345,0,11869,6381770,5829026,185074,Salaried,Single,Graduate,Rented,Home,0
CUST02816,50,1389567,139133,8,333,1,1449,6578779,173001,115797,Salaried,Married,Graduate,Owned,Business,0
CUST02817,59,1435488,2006609,18,791,5,9289,4972414,7802455,119624,Self-Employed,Divorced,Graduate,Rented,Car,1
CUST02818,27,1777589,3804843,22,409,2,14412,4845369,3471811,148132,Self-Employed,Married,Doctorate,Mortgaged,Medical,1
CUST02819,52,2076730,2656866,12,633,0,18450,3247464,890793,173060,Salaried,Divorced,Graduate,Rented,Education,0
CUST02820,45,520418,2198323,23,359,5,7964,6839724,7428718,43368,Salaried,Married,Post-Graduate,Owned,Medical,1
CUST02821,57,1351568,2465185,13,868,5,15802,6756295,6342167,112630,Unemployed,Married,Graduate,Owned,Medical,1
CUST02822,27,220393,4736594,29,443,2,13610,4417558,658718,18366,Salaried,Single,Doctorate,Mortgaged,Medical,1
CUST02823,63,1265145,2626164,8,749,3,27355,7149646,3494872,105428,Business Owner,Widowed,Graduate,Owned,Medical,0
CUST02824,48,2061759,2694715,21,684,4,10693,1464779,7250074,171813,Salaried,Married,Graduate,Rented,Personal,1
CUST02825,58,2183764,4657538,16,761,0,24258,4220452,5461135,181980,Salaried,Married,Graduate,Mortgaged,Car,0
CUST02826,37,816272,829540,28,677,1,2468,9868164,1556172,68022,Salaried,Single,Post-Graduate,Owned,Business,0
CUST02827,62,1057978,525022,7,605,3,6250,7363263,5603292,88164,Salaried,Married,Post-Graduate,Rented,Car,0
CUST02828,48,1446169,2276383,6,763,3,31616,7231600,1512857,120514,Business Owner,Married,Post-Graduate,Owned,Education,0
CUST02829,27,1080394,1626988,26,789,1,5214,8645915,2814581,90032,Self-Employed,Married,Post-Graduate,Rented,Car,0
CUST02830,61,568485,1054314,27,527,0,3254,6125395,1563487,47373,Self-Employed,Widowed,Graduate,Owned,Education,0
CUST02831,56,866541,641543,22,865,5,2430,6659663,5547024,72211,Self-Employed,Married,High School,Owned,Car,0
CUST02832,34,1099533,4396244,14,892,3,26168,4866065,7450048,91627,Self-Employed,Divorced,Post-Graduate,Owned,Medical,0
CUST02833,45,1368949,3090743,12,733,4,21463,8279675,355880,114079,Self-Employed,Married,Graduate,Mortgaged,Education,0
CUST02834,38,2313720,3469970,20,857,2,14458,7143147,4829959,192810,Self-Employed,Married,High School,Rented,Business,0
CUST02835,45,1430397,634518,22,363,3,2403,5283132,1987222,119199,Business Owner,Divorced,High School,Mortgaged,Home,1
CUST02836,63,1059724,1739132,9,624,2,16103,1355071,6006311,88310,Self-Employed,Married,Graduate,Rented,Education,0
CUST02837,60,1702083,3123115,1,690,2,260259,8079437,1114518,141840,Salaried,Single,Graduate,Mortgaged,Personal,0
CUST02838,31,1966681,2662710,3,856,4,73964,3328522,2931260,163890,Salaried,Divorced,Post-Graduate,Rented,Business,0
CUST02839,63,1161680,3489666,10,372,5,29080,3654372,1647240,96806,Salaried,Married,Graduate,Rented,Medical,1
CUST02840,40,1299773,3363926,20,783,4,14016,1334523,6986007,108314,Salaried,Single,High School,Rented,Personal,1
CUST02841,52,661917,2096016,13,346,4,13436,2248735,660507,55159,Salaried,Married,Graduate,Owned,Business,1
CUST02842,54,2182250,3925145,18,514,0,18171,1347648,4655497,181854,Salaried,Married,Post-Graduate,Mortgaged,Education,0
CUST02843,42,2187078,1335144,14,715,3,7947,1064954,963512,182256,Salaried,Married,Post-Graduate,Mortgaged,Business,0
CUST02844,41,561038,446728,8,474,5,4653,311340,4798679,46753,Business Owner,Married,Post-Graduate,Owned,Business,1
CUST02845,41,963102,4571212,22,800,2,17315,3017638,6143302,80258,Self-Employed,Single,High School,Mortgaged,Business,0
CUST02846,59,789077,161468,21,858,3,640,7583344,6018568,65756,Salaried,Single,Post-Graduate,Owned,Personal,0
CUST02847,38,2318917,1454161,28,395,1,4327,8652465,266770,193243,Unemployed,Married,Post-Graduate,Rented,Home,0
CUST02848,34,303277,616540,24,454,1,2140,2350355,6189140,25273,Unemployed,Single,Graduate,Mortgaged,Business,1
CUST02849,37,637280,1197559,12,344,4,8316,4296230,2374962,53106,Business Owner,Married,Post-Graduate,Owned,Education,0
CUST02850,30,890032,2005231,21,726,1,7957,8336876,5454908,74169,Salaried,Married,Graduate,Owned,Medical,0
CUST02851,38,1466135,691565,11,831,3,5239,7098103,7710531,122177,Salaried,Single,Post-Graduate,Mortgaged,Home,0
CUST02852,26,735100,2360197,26,660,3,7564,9053901,951279,61258,Salaried,Single,Post-Graduate,Rented,Home,1
CUST02853,25,1411045,4640255,18,379,5,21482,4262595,2901699,117587,Self-Employed,Married,Graduate,Rented,Education,1
CUST02854,53,1905981,725485,25,404,5,2418,1768803,6933812,158831,Self-Employed,Divorced,High School,Mortgaged,Business,1
CUST02855,25,2097322,4636587,9,321,3,42931,1517939,1132122,174776,Self-Employed,Divorced,Graduate,Owned,Home,1
CUST02856,46,382795,2085208,1,593,0,173767,7117754,2087192,31899,Self-Employed,Married,Post-Graduate,Owned,Home,0
CUST02857,55,476300,2982663,5,732,3,49711,360046,4392683,39691,Unemployed,Single,Post-Graduate,Mortgaged,Education,1
CUST02858,53,373704,2236032,16,390,5,11646,4657026,7969553,31142,Self-Employed,Married,Graduate,Rented,Medical,1
CUST02859,41,2288352,1617336,28,808,2,4813,3597640,2357661,190696,Business Owner,Married,Doctorate,Rented,Home,0
CUST02860,30,1682432,589995,19,451,3,2587,9197715,3084063,140202,Business Owner,Married,High School,Rented,Medical,0
CUST02861,62,1398856,2987032,24,608,4,10371,9982095,6366188,116571,Salaried,Married,High School,Mortgaged,Education,0
CUST02862,57,2008644,4587466,14,700,2,27306,4895730,959978,167387,Business Owner,Married,Graduate,Owned,Medical,0
CUST02863,48,1527357,2627901,28,623,2,7821,5843437,2620923,127279,Salaried,Single,Post-Graduate,Owned,Medical,0
CUST02864,25,703316,3015772,28,586,2,8975,3850851,2528692,58609,Salaried,Divorced,Post-Graduate,Rented,Business,1
CUST02865,23,1348890,3236531,7,502,5,38530,7791159,3208737,112407,Unemployed,Married,Post-Graduate,Rented,Home,1
CUST02866,35,1802546,1973250,26,558,2,6324,3016194,4588273,150212,Salaried,Single,Post-Graduate,Owned,Personal,0
CUST02867,28,234658,646968,1,443,1,53914,7469115,1772956,19554,Salaried,Divorced,Graduate,Rented,Education,0
CUST02868,58,1574888,2559190,18,476,3,11848,9045852,3131569,131240,Unemployed,Married,Graduate,Rented,Education,1
CUST02869,30,1318163,4351192,13,753,4,27892,1799735,7334788,109846,Salaried,Single,Graduate,Rented,Medical,1
CUST02870,34,313340,1605277,9,829,5,14863,2339175,6629453,26111,Salaried,Single,Graduate,Owned,Personal,1
CUST02871,63,769341,4363768,28,809,5,12987,3844184,7650084,64111,Salaried,Married,Graduate,Rented,Education,1
CUST02872,57,1204057,4278938,20,498,4,17828,8294376,5457650,100338,Salaried,Married,High School,Rented,Medical,1
CUST02873,31,955317,1261781,5,492,4,21029,6445472,4657941,79609,Salaried,Married,Graduate,Rented,Personal,1
CUST02874,38,831656,2896324,5,334,2,48272,2022455,1707604,69304,Salaried,Single,Graduate,Owned,Education,1
CUST02875,44,1675388,3750399,4,464,2,78133,3743439,1270949,139615,Business Owner,Single,High School,Mortgaged,Education,0
CUST02876,50,1100252,2499734,9,651,3,23145,6469628,4310826,91687,Salaried,Married,Doctorate,Rented,Car,0
CUST02877,62,1319588,3511877,2,460,4,146328,9650941,3239060,109965,Self-Employed,Married,High School,Owned,Car,1
CUST02878,59,2026042,4558882,8,740,3,47488,4565549,77231,168836,Salaried,Married,Post-Graduate,Rented,Education,0
CUST02879,64,369062,3154985,23,330,1,11431,837851,7129870,30755,Salaried,Married,High School,Owned,Car,1
CUST02880,23,995776,4197999,26,547,0,13455,1135625,1364079,82981,Self-Employed,Married,Post-Graduate,Rented,Business,0
CUST02881,32,321646,4014781,23,468,0,14546,384792,3159554,26803,Salaried,Married,Graduate,Rented,Personal,1
CUST02882,46,2329221,4073369,15,596,2,22629,1346736,2849783,194101,Salaried,Married,High School,Owned,Personal,0
CUST02883,24,586295,4269161,21,315,4,16941,4184369,7395717,48857,Salaried,Married,Graduate,Mortgaged,Personal,1
CUST02884,37,2076688,1166765,28,551,4,3472,2886940,5763378,173057,Salaried,Single,Graduate,Rented,Business,1
CUST02885,28,598580,140857,2,773,4,5869,3080167,287755,49881,Salaried,Married,Post-Graduate,Owned,Medical,0
CUST02886,62,911533,807959,27,814,4,2493,7689851,6824232,75961,Salaried,Single,High School,Owned,Education,0
CUST02887,24,1579506,1285870,21,453,0,5102,4823693,5413529,131625,Salaried,Married,Graduate,Owned,Education,0
CUST02888,28,2103730,3465977,12,557,5,24069,7316506,544937,175310,Salaried,Married,Post-Graduate,Mortgaged,Business,1
CUST02889,30,567863,2574224,14,714,5,15322,5465217,6255877,47321,Salaried,Married,Graduate,Rented,Personal,1
CUST02890,28,650834,2369779,13,578,5,15190,2130690,271327,54236,Business Owner,Divorced,Graduate,Mortgaged,Medical,1
CUST02891,46,2222040,94940,5,625,2,1582,9487811,3401131,185170,Salaried,Married,High School,Owned,Home,0
CUST02892,37,906617,3434377,7,504,1,40885,4814401,1296776,75551,Self-Employed,Single,Graduate,Rented,Education,0
CUST02893,61,642937,1853018,9,802,5,17157,8377068,87795,53578,Self-Employed,Divorced,Graduate,Rented,Car,1
CUST02894,33,1897278,3815104,1,678,1,317925,1060170,4476184,158106,Salaried,Married,Graduate,Rented,Education,0
CUST02895,45,364158,608169,15,876,4,3378,8510175,5496281,30346,Salaried,Married,Graduate,Owned,Personal,0
CUST02896,50,2187366,1511801,14,767,5,8998,7187868,3837470,182280,Salaried,Single,Doctorate,Owned,Business,0
CUST02897,48,2208003,320757,10,520,5,2672,2574838,2740513,184000,Salaried,Married,Graduate,Mortgaged,Home,0
CUST02898,56,2162823,1459019,6,496,3,20264,7953690,4107820,180235,Salaried,Married,Graduate,Rented,Business,0
CUST02899,30,844019,4620614,29,353,5,13277,7451561,1214503,70334,Salaried,Married,Post-Graduate,Owned,Medical,1
CUST02900,43,418392,2479616,20,673,4,10331,8945768,399827,34866,Business Owner,Married,Doctorate,Mortgaged,Education,1
CUST02901,56,1149743,2225805,14,749,5,13248,2176144,1256870,95811,Self-Employed,Married,Post-Graduate,Rented,Car,1
CUST02902,59,936256,1404069,21,512,2,5571,8868885,433938,78021,Salaried,Married,Graduate,Mortgaged,Business,0
CUST02903,48,2403712,1361108,11,312,3,10311,7644621,6153312,200309,Business Owner,Married,Post-Graduate,Mortgaged,Home,0
CUST02904,50,1634484,3353111,7,795,4,39917,3445133,4869630,136207,Salaried,Single,High School,Owned,Business,0
CUST02905,59,2369267,4926624,20,433,1,20527,3569049,1499115,197438,Salaried,Married,Post-Graduate,Mortgaged,Business,0
CUST02906,48,1914557,3746315,23,649,1,13573,2619884,4558906,159546,Salaried,Single,Post-Graduate,Owned,Car,0
CUST02907,62,1830054,3698115,19,331,2,16219,4819750,3872786,152504,Unemployed,Single,Graduate,Owned,Personal,1
CUST02908,27,412836,2386592,17,337,2,11698,8976234,890409,34403,Salaried,Married,Post-Graduate,Rented,Personal,1
CUST02909,36,312006,538261,1,838,4,44855,8393136,7763114,26000,Self-Employed,Married,Post-Graduate,Rented,Medical,0
CUST02910,26,259253,3632808,19,703,5,15933,1545469,7502662,21604,Self-Employed,Divorced,Post-Graduate,Owned,Medical,1
CUST02911,25,1544349,4053190,18,303,0,18764,1399978,6070549,128695,Salaried,Married,Post-Graduate,Owned,Business,0
CUST02912,42,624018,2576665,12,360,1,17893,687506,6469541,52001,Salaried,Single,Post-Graduate,Owned,Home,1
CUST02913,31,2474333,502971,8,595,5,5239,6179130,4377549,206194,Salaried,Single,Graduate,Rented,Medical,0
CUST02914,39,461755,3578715,29,708,3,10283,3211005,6430445,38479,Self-Employed,Single,High School,Rented,Medical,1
CUST02915,40,2375253,4609268,11,554,1,34918,7632322,4226202,197937,Salaried,Married,Graduate,Owned,Medical,0
CUST02916,48,1718953,1163592,8,823,3,12120,7626970,1328577,143246,Salaried,Married,Graduate,Mortgaged,Car,0
CUST02917,62,399105,839233,21,691,5,3330,2057360,1338619,33258,Salaried,Married,Post-Graduate,Mortgaged,Medical,0
CUST02918,58,287365,3707273,14,668,2,22067,6972577,6832032,23947,Self-Employed,Single,Post-Graduate,Mortgaged,Education,1
CUST02919,38,1080523,1692550,17,473,2,8296,7668582,3571388,90043,Self-Employed,Single,Graduate,Owned,Car,0
CUST02920,36,946548,3589863,19,709,3,15745,9871847,5835436,78879,Salaried,Single,Post-Graduate,Owned,Education,0
CUST02921,55,891511,3530715,11,824,5,26747,7254474,1159197,74292,Salaried,Married,Post-Graduate,Rented,Education,0
CUST02922,27,1392119,1369698,5,329,3,22828,3659382,3582685,116009,Salaried,Single,Doctorate,Rented,Medical,0
CUST02923,45,454861,259190,5,740,5,4319,9997151,668656,37905,Salaried,Single,High School,Rented,Car,0
CUST02924,40,454224,2802056,28,827,4,8339,2830888,1765981,37852,Salaried,Married,Graduate,Owned,Car,1
CUST02925,29,1782776,2068457,15,559,2,11491,8072542,873097,148564,Self-Employed,Single,Graduate,Mortgaged,Education,0
CUST02926,48,2477226,4283792,13,759,2,27460,3844255,1664961,206435,Salaried,Married,Post-Graduate,Rented,Education,0
CUST02927,35,793543,1821996,10,514,4,15183,9356767,4852889,66128,Salaried,Married,Post-Graduate,Rented,Business,1
CUST02928,29,2340033,1285137,21,415,0,5099,7844336,43396,195002,Salaried,Single,Post-Graduate,Rented,Car,0
CUST02929,50,960434,4307885,27,789,1,13295,6036898,1548423,80036,Salaried,Single,Graduate,Owned,Business,0
CUST02930,29,939334,3693099,23,486,1,13380,2221569,5527865,78277,Self-Employed,Single,Graduate,Owned,Home,1
CUST02931,50,362343,3110894,16,754,4,16202,1965537,1194764,30195,Self-Employed,Single,Post-Graduate,Mortgaged,Personal,1
CUST02932,28,1144817,4772135,14,489,4,28405,9482705,4444608,95401,Salaried,Divorced,High School,Rented,Business,1
CUST02933,40,1320223,3925839,26,539,4,12582,8036528,6937047,110018,Salaried,Married,Doctorate,Owned,Car,0
CUST02934,56,1709859,4337897,25,711,0,14459,5174238,6240204,142488,Self-Employed,Married,Post-Graduate,Owned,Car,0
CUST02935,31,521694,4005061,12,504,1,27812,8786318,976103,43474,Self-Employed,Married,Post-Graduate,Owned,Personal,1
CUST02936,55,593429,2037524,28,784,1,6064,7853135,1180214,49452,Business Owner,Single,Post-Graduate,Mortgaged,Car,0
CUST02937,53,1165412,358659,24,323,0,1245,3938368,5645080,97117,Business Owner,Married,High School,Mortgaged,Home,0
CUST02938,60,313673,3055678,25,307,1,10185,8289892,2771957,26139,Business Owner,Single,Graduate,Rented,Home,1
CUST02939,29,486854,3836220,2,349,2,159842,7980790,3336002,40571,Business Owner,Married,Post-Graduate,Mortgaged,Education,1
CUST02940,52,1628326,4959262,4,453,5,103317,4840269,3814054,135693,Business Owner,Married,Post-Graduate,Rented,Personal,1
CUST02941,62,2391547,3423967,9,332,1,31703,292911,4632637,199295,Self-Employed,Single,Post-Graduate,Mortgaged,Home,1
CUST02942,54,1496461,2863765,23,528,5,10375,7439576,3593400,124705,Self-Employed,Married,High School,Rented,Car,1
CUST02943,30,490708,2899789,3,314,4,80549,3462382,186843,40892,Self-Employed,Single,Graduate,Mortgaged,Medical,1
CUST02944,57,2478827,619386,3,753,0,17205,3710473,755977,206568,Salaried,Single,Graduate,Mortgaged,Personal,0
CUST02945,26,1376434,86500,1,391,1,7208,7164976,153,114702,Salaried,Single,Graduate,Rented,Personal,0
CUST02946,47,1834584,274882,6,883,2,3817,8128187,2119176,152882,Business Owner,Single,Doctorate,Owned,Medical,0
CUST02947,43,612902,4529133,27,814,5,13978,969915,6537988,51075,Salaried,Single,High School,Owned,Business,1
CUST02948,44,1509324,3962056,21,716,4,15722,8256639,7774390,125777,Salaried,Divorced,High School,Owned,Home,0
CUST02949,44,329450,1337867,21,778,5,5308,2999615,3803529,27454,Salaried,Single,Graduate,Owned,Education,1
CUST02950,23,1620491,2146960,9,764,1,19879,5705437,217866,135040,Salaried,Married,Post-Graduate,Rented,Car,0
CUST02951,43,625425,2443895,19,807,5,10718,8698401,570455,52118,Salaried,Single,High School,Rented,Medical,1
CUST02952,62,2287360,1271723,23,633,5,4607,2259663,6520053,190613,Salaried,Single,High School,Owned,Education,1
CUST02953,40,278719,2142251,16,674,3,11157,2287359,2747648,23226,Salaried,Single,Graduate,Mortgaged,Home,1
CUST02954,33,1683679,1770976,25,581,0,5903,9705209,7053129,140306,Salaried,Single,Graduate,Owned,Business,0
CUST02955,64,477583,3489188,17,674,1,17103,3792849,4050835,39798,Salaried,Single,High School,Owned,Personal,1
CUST02956,26,1764735,3798995,10,528,0,31658,9475100,7033579,147061,Salaried,Single,Post-Graduate,Owned,Home,0
CUST02957,42,1309687,537236,19,374,4,2356,3635902,1083947,109140,Salaried,Single,Post-Graduate,Mortgaged,Car,0
CUST02958,44,2423580,2352974,28,858,1,7002,6236223,6865719,201965,Salaried,Married,Graduate,Rented,Medical,0
CUST02959,42,1681766,4956620,24,719,4,17210,5151340,4370703,140147,Self-Employed,Divorced,High School,Owned,Education,0
CUST02960,61,1024195,4349072,15,722,1,24161,9840421,3500068,85349,Salaried,Single,Graduate,Owned,Business,0
CUST02961,40,355248,3979128,18,468,5,18421,5547604,4230005,29604,Business Owner,Married,Graduate,Rented,Home,1
CUST02962,63,1550029,3687881,29,762,4,10597,5077683,2617362,129169,Self-Employed,Married,Graduate,Mortgaged,Home,0
CUST02963,24,1186393,71408,22,611,2,270,3817295,4822681,98866,Salaried,Married,Post-Graduate,Rented,Medical,0
CUST02964,53,273401,4871370,15,345,2,27063,4456733,6160238,22783,Salaried,Married,High School,Rented,Car,1
CUST02965,47,1515930,3689182,9,872,0,34159,4658979,6482094,126327,Salaried,Married,High School,Rented,Business,0
CUST02966,32,643487,4448093,27,895,0,13728,7660065,7826071,53623,Salaried,Divorced,High School,Owned,Medical,0
CUST02967,31,700430,4549032,29,822,5,13071,554479,3302230,58369,Business Owner,Single,High School,Rented,Home,1
CUST02968,52,171053,1310008,3,584,4,36389,5059666,6150683,14254,Self-Employed,Married,Graduate,Rented,Business,1
CUST02969,49,1024384,118394,1,439,5,9866,5536306,7108480,85365,Self-Employed,Married,Graduate,Rented,Business,1
CUST02970,48,662933,3312343,4,306,3,69007,7556649,142153,55244,Self-Employed,Divorced,Post-Graduate,Owned,Car,1
CUST02971,24,318811,2321936,12,741,1,16124,6695701,3797390,26567,Business Owner,Married,High School,Owned,Personal,1
CUST02972,47,1170592,151688,5,834,0,2528,4375979,5605980,97549,Business Owner,Widowed,Graduate,Rented,Personal,0
CUST02973,64,667308,1390504,26,362,4,4456,1184247,3657191,55609,Salaried,Married,Post-Graduate,Rented,Home,1
CUST02974,22,465271,4955978,27,710,1,15296,3783438,800089,38772,Salaried,Married,Graduate,Rented,Medical,1
CUST02975,42,1246869,1848682,6,316,0,25676,2630415,5245485,103905,Salaried,Married,Post-Graduate,Mortgaged,Business,0
CUST02976,43,298613,1341980,25,765,0,4473,2120768,3248961,24884,Salaried,Married,Graduate,Mortgaged,Education,0
CUST02977,60,2477539,3290031,5,316,3,54833,7239722,4940169,206461,Salaried,Married,High School,Mortgaged,Business,1
CUST02978,34,1256755,3340735,23,885,5,12104,4833518,10805,104729,Salaried,Married,High School,Rented,Medical,0
CUST02979,42,2491222,1693921,11,402,2,12832,7956542,91479,207601,Self-Employed,Single,Post-Graduate,Mortgaged,Medical,0
CUST02980,52,2221190,4253310,2,540,5,177221,1470265,4823156,185099,Salaried,Divorced,Post-Graduate,Rented,Personal,1
CUST02981,24,2452110,2922523,13,716,2,18734,9860083,7859444,204342,Self-Employed,Married,Graduate,Rented,Medical,0
CUST02982,56,1425414,844300,24,807,4,2931,4786191,5115587,118784,Salaried,Married,Graduate,Rented,Business,0
CUST02983,57,1144253,1658656,28,517,1,4936,2606914,7541548,95354,Salaried,Single,Graduate,Owned,Personal,0
CUST02984,52,1841743,4247002,4,888,3,88479,3692655,6777953,153478,Business Owner,Single,High School,Rented,Personal,0
CUST02985,49,339598,492176,25,309,1,1640,8430250,2250287,28299,Salaried,Single,High School,Mortgaged,Car,0
CUST02986,54,2124460,110616,9,582,4,1024,7128746,818786,177038,Self-Employed,Single,Doctorate,Mortgaged,Personal,0
CUST02987,55,910397,3299679,14,892,2,19640,1803819,4468666,75866,Business Owner,Married,High School,Rented,Business,0
CUST02988,60,167426,2237786,4,464,0,46620,9902252,4963423,13952,Salaried,Divorced,Graduate,Mortgaged,Medical,1
CUST02989,40,708628,1301520,29,620,1,3740,1395696,6163881,59052,Salaried,Married,Post-Graduate,Owned,Medical,1
CUST02990,41,719451,2386586,23,566,2,8647,2826181,4168092,59954,Salaried,Married,Graduate,Mortgaged,Home,1
CUST02991,49,183197,958742,19,536,2,4205,7319115,7363742,15266,Salaried,Widowed,Doctorate,Rented,Business,1
CUST02992,30,1721167,1901749,22,760,1,7203,5344239,6751732,143430,Unemployed,Divorced,High School,Rented,Personal,0
CUST02993,58,373798,1207823,26,611,3,3871,4514136,4687253,31149,Business Owner,Married,Post-Graduate,Rented,Education,0
CUST02994,55,2139733,2952604,5,728,5,49210,9270169,4411088,178311,Salaried,Married,High School,Mortgaged,Home,0
CUST02995,49,1215001,3384482,8,611,4,35255,7959842,151521,101250,Self-Employed,Married,Graduate,Owned,Business,0
CUST02996,34,1837863,4578469,2,898,1,190769,9625421,6246981,153155,Business Owner,Married,Graduate,Rented,Personal,0
CUST02997,36,948206,385352,15,582,4,2140,2897391,5445423,79017,Salaried,Single,Post-Graduate,Mortgaged,Car,0
CUST02998,40,460182,1668596,15,777,5,9269,8521425,7169657,38348,Salaried,Married,Graduate,Owned,Personal,1
CUST02999,50,573831,1358989,1,667,1,113249,2210619,744624,47819,Business Owner,Married,Graduate,Rented,Business,0
CUST03000,55,1667814,2917336,20,780,1,12155,8078236,1168688,138984,Self-Employed,Single,Graduate,Rented,Business,0
CUST03001,50,1832834,2688992,1,831,0,224082,5533107,5369422,152736,Salaried,Divorced,High School,Mortgaged,Car,0
CUST03002,61,778693,4393439,23,435,5,15918,6019058,3914203,64891,Salaried,Divorced,Post-Graduate,Mortgaged,Medical,1
CUST03003,63,989221,4599140,21,481,4,18250,1241573,4699420,82435,Salaried,Married,Post-Graduate,Owned,Home,1
CUST03004,52,2370876,3876327,24,480,2,13459,8803906,3476773,197573,Self-Employed,Single,Post-Graduate,Rented,Education,0
CUST03005,37,2151889,1034620,4,592,5,21554,2859617,5125357,179324,Self-Employed,Single,Graduate,Rented,Personal,1
CUST03006,47,1120643,251629,26,595,3,806,6021456,5268070,93386,Salaried,Married,Graduate,Rented,Personal,0
CUST03007,40,716296,4500841,16,302,5,23441,1745746,1514061,59691,Self-Employed,Married,Graduate,Owned,Home,1
CUST03008,49,858181,4716814,26,837,5,15117,9266815,6083191,71515,Salaried,Married,High School,Owned,Car,1
CUST03009,56,1415224,1289405,21,815,5,5116,3268468,3948878,117935,Self-Employed,Single,Graduate,Rented,Car,0
CUST03010,37,1481935,280902,20,660,2,1170,7650961,4604750,123494,Self-Employed,Single,Post-Graduate,Owned,Education,0
CUST03011,43,582727,3418968,1,483,3,284914,7678437,4943654,48560,Salaried,Single,Post-Graduate,Rented,Medical,1
CUST03012,23,304708,2964354,21,795,1,11763,5548008,5955636,25392,Salaried,Married,Graduate,Owned,Home,1
CUST03013,53,1313956,4449729,14,462,5,26486,1295349,2402343,109496,Salaried,Married,Post-Graduate,Mortgaged,Medical,1
CUST03014,43,2024029,2898000,25,483,1,9660,2871058,54249,168669,Self-Employed,Single,Post-Graduate,Mortgaged,Home,0
CUST03015,41,508296,3813695,20,898,2,15890,6157502,1452986,42358,Self-Employed,Married,Post-Graduate,Rented,Personal,0
CUST03016,44,1109635,3942631,3,854,3,109517,5405294,7726163,92469,Salaried,Divorced,Doctorate,Mortgaged,Medical,0
CUST03017,31,529709,98469,26,650,4,315,5889184,1781445,44142,Unemployed,Married,High School,Mortgaged,Business,0
CUST03018,47,719016,784793,2,401,4,32699,2569038,1994848,59918,Business Owner,Single,Graduate,Mortgaged,Business,1
CUST03019,54,1588724,3911054,9,373,5,36213,5427493,6864133,132393,Salaried,Married,Post-Graduate,Rented,Education,1
CUST03020,37,822558,937883,7,878,4,11165,944698,1885922,68546,Salaried,Divorced,Post-Graduate,Rented,Education,0
CUST03021,27,769897,1070344,29,459,4,3075,4894051,3716348,64158,Salaried,Single,High School,Mortgaged,Business,0
CUST03022,38,2489812,3772929,5,708,3,62882,1004901,2964619,207484,Salaried,Single,Graduate,Rented,Home,1
CUST03023,30,555062,1062311,25,511,2,3541,6672219,5288587,46255,Unemployed,Married,Post-Graduate,Rented,Business,0
CUST03024,38,594824,790048,7,597,5,9405,5711283,4756168,49568,Self-Employed,Single,Graduate,Rented,Home,1
CUST03025,48,2334955,116758,19,891,2,512,8532925,4119110,194579,Salaried,Divorced,Graduate,Owned,Home,0
CUST03026,26,1442987,2373753,3,655,3,65937,4674313,4012296,120248,Salaried,Married,Graduate,Mortgaged,Home,1
CUST03027,54,251057,3202211,12,558,1,22237,1704162,6673018,20921,Salaried,Single,Graduate,Mortgaged,Car,1
CUST03028,31,1148651,3671658,19,549,2,16103,2428727,4651674,95720,Salaried,Divorced,Graduate,Owned,Business,0
CUST03029,60,1478098,4532607,21,438,2,17986,8159900,4067958,123174,Salaried,Married,High School,Owned,Car,0
CUST03030,53,744999,3273647,26,633,1,10492,9586485,7098962,62083,Business Owner,Married,Post-Graduate,Mortgaged,Education,0
CUST03031,33,1438420,3794384,24,641,4,13174,708608,746602,119868,Self-Employed,Single,High School,Owned,Medical,1
CUST03032,46,1674007,1092490,16,357,4,5690,6796501,6667802,139500,Business Owner,Married,Post-Graduate,Rented,Business,0
CUST03033,26,738930,1735166,9,542,4,16066,4873032,1583877,61577,Salaried,Divorced,High School,Rented,Education,0
CUST03034,26,2059141,1554603,8,686,0,16193,2652680,2653546,171595,Salaried,Single,Post-Graduate,Rented,Education,0
CUST03035,63,1214013,371925,29,332,1,1068,5163508,106123,101167,Business Owner,Married,Graduate,Owned,Education,0
CUST03036,56,2414134,4846425,18,885,1,22437,9364331,4571015,201177,Salaried,Divorced,Post-Graduate,Owned,Personal,0
CUST03037,28,356183,1244261,27,816,4,3840,2056099,6652194,29681,Salaried,Married,High School,Rented,Car,1
CUST03038,34,911956,2270919,13,682,5,14557,8387205,3054114,75996,Unemployed,Single,Graduate,Rented,Medical,1
CUST03039,30,1844984,1816878,15,309,2,10093,987763,5306182,153748,Self-Employed,Single,Graduate,Mortgaged,Medical,0
CUST03040,38,2253051,270064,24,610,1,937,7234271,3144186,187754,Business Owner,Married,High School,Mortgaged,Home,0
CUST03041,34,670988,4521567,21,839,3,17942,841618,6073615,55915,Salaried,Married,Post-Graduate,Mortgaged,Medical,1
CUST03042,36,2453588,1136945,6,313,5,15790,700688,7989133,204465,Self-Employed,Single,High School,Rented,Medical,1
CUST03043,44,604455,547082,16,775,2,2849,468616,5720161,50371,Salaried,Single,Doctorate,Rented,Home,1
CUST03044,30,1127887,1745053,7,803,1,20774,8067215,2722993,93990,Salaried,Married,Graduate,Owned,Medical,0
CUST03045,59,889964,761653,23,345,3,2759,5778570,6595837,74163,Salaried,Married,High School,Rented,Education,0
CUST03046,53,1147158,4997472,1,438,5,416456,6934649,303771,95596,Business Owner,Single,Doctorate,Rented,Home,1
CUST03047,54,2270569,985535,24,734,4,3421,1639198,7895756,189214,Salaried,Married,High School,Mortgaged,Home,0
CUST03048,29,1871492,1548323,27,846,3,4778,9222577,6716297,155957,Self-Employed,Married,Post-Graduate,Rented,Home,0
CUST03049,52,2021696,1392401,1,762,4,116033,8106177,5227770,168474,Business Owner,Single,Graduate,Owned,Education,0
CUST03050,57,746899,180659,19,615,0,792,4937445,4966438,62241,Self-Employed,Single,Graduate,Rented,Personal,0
CUST03051,29,2375196,113834,3,661,4,3162,8999631,2018124,197933,Salaried,Divorced,Post-Graduate,Rented,Car,0
CUST03052,54,1173513,2588961,11,614,0,19613,1515982,3450724,97792,Self-Employed,Divorced,High School,Mortgaged,Business,0
CUST03053,37,1682111,1201972,10,646,2,10016,2994840,811120,140175,Salaried,Single,Post-Graduate,Rented,Home,0
CUST03054,55,1789641,463846,16,762,2,2415,579436,2710261,149136,Salaried,Divorced,High School,Rented,Business,0
CUST03055,42,1707865,1492321,27,329,4,4605,1728217,4717983,142322,Salaried,Married,Post-Graduate,Owned,Home,1
CUST03056,56,1564222,1406634,14,425,1,8372,8430607,2897268,130351,Self-Employed,Widowed,High School,Mortgaged,Home,0
CUST03057,28,1278072,2149183,12,335,1,14924,4155157,6166056,106506,Self-Employed,Widowed,High School,Rented,Education,0
CUST03058,38,1671955,4962296,3,777,5,137841,6488665,6825238,139329,Unemployed,Married,High School,Mortgaged,Medical,0
CUST03059,33,2277187,1569107,26,736,2,5029,8827544,4492573,189765,Salaried,Married,Graduate,Rented,Personal,0
CUST03060,32,1065968,3537960,10,331,4,29483,7663804,2726991,88830,Salaried,Single,Doctorate,Mortgaged,Medical,1
CUST03061,35,1350561,3853996,14,363,3,22940,4058209,2428438,112546,Salaried,Married,Doctorate,Rented,Education,1
CUST03062,38,573178,300799,3,458,3,8355,3548032,4373361,47764,Unemployed,Married,Post-Graduate,Owned,Business,0
CUST03063,27,984391,2531529,9,445,4,23440,1172529,5757878,82032,Business Owner,Married,Post-Graduate,Rented,Medical,1
CUST03064,52,1964311,2270999,17,611,4,11132,8313608,1013587,163692,Unemployed,Single,Post-Graduate,Owned,Home,0
CUST03065,45,1654881,2563090,27,599,5,7910,9848214,3583779,137906,Salaried,Married,Graduate,Mortgaged,Personal,0
CUST03066,57,646193,899605,10,514,4,7496,5051594,3524514,53849,Salaried,Widowed,Graduate,Mortgaged,Business,0
CUST03067,52,1433427,2352086,17,398,1,11529,5046787,2292712,119452,Self-Employed,Single,Post-Graduate,Rented,Medical,0
CUST03068,28,2058108,658576,26,689,1,2110,8498884,1901994,171509,Salaried,Married,High School,Rented,Medical,0
CUST03069,25,441446,4731843,11,773,5,35847,3489477,6728675,36787,Salaried,Married,Post-Graduate,Mortgaged,Medical,1
CUST03070,40,295579,2955973,9,684,2,27370,4124837,3459851,24631,Salaried,Married,Graduate,Mortgaged,Personal,1
CUST03071,42,1072904,220833,2,784,1,9201,8946845,4612150,89408,Salaried,Divorced,Graduate,Rented,Education,0
CUST03072,32,1692886,2552996,27,848,0,7879,3855592,306342,141073,Salaried,Married,Post-Graduate,Rented,Home,0
CUST03073,55,886314,4635355,4,805,3,96569,9281294,2267583,73859,Unemployed,Single,High School,Owned,Car,1
CUST03074,47,2079428,3727189,7,690,3,44371,1697912,1788854,173285,Self-Employed,Married,Doctorate,Rented,Car,0
CUST03075,54,2140059,1401099,5,329,4,23351,5018364,2628834,178338,Self-Employed,Married,Doctorate,Mortgaged,Medical,1
CUST03076,26,1401420,4466915,21,500,4,17725,4948472,6732928,116785,Salaried,Single,Graduate,Rented,Education,1
CUST03077,57,1040280,968338,11,556,4,7335,3136492,4573320,86690,Self-Employed,Married,Post-Graduate,Owned,Education,0
CUST03078,30,248032,1271075,21,727,3,5043,9633978,7217737,20669,Salaried,Married,High School,Rented,Business,1
CUST03079,41,2080654,817244,18,808,5,3783,4878074,3383388,173387,Salaried,Married,Graduate,Rented,Car,0
CUST03080,40,2253913,4618810,1,684,5,384900,8802326,6160108,187826,Salaried,Married,Post-Graduate,Owned,Medical,1
CUST03081,57,1189615,3598707,9,517,4,33321,2270891,1284152,99134,Salaried,Married,High School,Mortgaged,Education,1
CUST03082,33,1363700,2614059,1,772,2,217838,3554659,6522515,113641,Business Owner,Married,Graduate,Owned,Business,0
CUST03083,32,1920726,3356175,2,717,1,139840,4834557,4883759,160060,Business Owner,Married,Graduate,Rented,Business,0
CUST03084,36,1784121,1331232,14,778,0,7924,5683495,310349,148676,Salaried,Single,Post-Graduate,Mortgaged,Education,0
CUST03085,37,467912,399756,8,653,5,4164,2371367,5512880,38992,Self-Employed,Married,Post-Graduate,Owned,Medical,1
CUST03086,29,1729934,4236639,3,688,4,117684,3199752,3834223,144161,Salaried,Divorced,High School,Rented,Business,0
CUST03087,29,2322928,4822852,12,508,5,33492,6259807,870,193577,Salaried,Married,Graduate,Rented,Personal,1
CUST03088,31,1914110,225873,14,539,4,1344,2857129,6775721,159509,Self-Employed,Married,Post-Graduate,Rented,Business,0
CUST03089,42,1279315,305840,29,465,2,878,7622902,4294954,106609,Self-Employed,Divorced,High School,Rented,Medical,0
CUST03090,36,1379428,2819571,20,454,0,11748,4823496,4852692,114952,Self-Employed,Single,Graduate,Rented,Home,0
CUST03091,38,760525,262976,12,691,0,1826,9697335,4617291,63377,Salaried,Single,High School,Mortgaged,Personal,0
CUST03092,52,1702784,3622026,14,530,4,21559,2453233,724709,141898,Salaried,Single,Post-Graduate,Mortgaged,Car,0
CUST03093,32,717500,4729504,3,380,1,131375,8441447,2656512,59791,Salaried,Married,High School,Owned,Personal,1
CUST03094,61,953368,1435889,12,321,2,9971,4952817,5613514,79447,Salaried,Single,Graduate,Rented,Medical,0
CUST03095,54,772931,1507027,17,816,5,7387,952734,2709850,64410,Salaried,Married,Graduate,Rented,Car,1
CUST03096,29,938002,4324284,1,561,2,360357,7081076,7106763,78166,Salaried,Married,High School,Rented,Personal,1
CUST03097,35,1011801,1813116,27,645,5,5596,2194076,2541271,84316,Salaried,Single,Doctorate,Owned,Personal,0
CUST03098,29,344996,1239408,15,842,3,6885,1471354,3676423,28749,Salaried,Married,Post-Graduate,Rented,Car,0
CUST03099,33,1836170,467173,23,366,4,1692,5363749,3562624,153014,Self-Employed,Single,Graduate,Rented,Medical,0
CUST03100,37,1186335,4207377,8,862,0,43826,7880182,151158,98861,Salaried,Married,Graduate,Mortgaged,Medical,0
CUST03101,27,2381567,4633239,25,722,2,15444,2650150,6495519,198463,Salaried,Single,High School,Owned,Home,0
CUST03102,22,575081,438797,11,684,1,3324,6268132,1085047,47923,Unemployed,Single,Graduate,Owned,Car,0
CUST03103,40,1722237,4024594,27,558,0,12421,242215,3752208,143519,Business Owner,Single,Graduate,Mortgaged,Home,1
CUST03104,52,571091,841641,16,723,5,4383,1927611,7262822,47590,Salaried,Married,Graduate,Mortgaged,Personal,1
CUST03105,35,1435840,737376,19,422,3,3234,7572430,7949189,119653,Salaried,Single,High School,Rented,Business,0
CUST03106,58,1303568,1935873,6,481,2,26887,227519,1841983,108630,Salaried,Married,Post-Graduate,Mortgaged,Business,1
CUST03107,37,1204204,2211614,29,876,2,6355,3641942,3009269,100350,Unemployed,Married,Graduate,Mortgaged,Education,0
CUST03108,60,1688575,4277574,6,465,1,59410,5127682,4526001,140714,Salaried,Married,Graduate,Owned,Car,0
CUST03109,32,2096256,3513761,1,731,0,292813,754390,5594098,174688,Salaried,Single,High School,Rented,Car,1
CUST03110,45,894296,765697,13,858,5,4908,9787717,2000097,74524,Self-Employed,Married,Graduate,Rented,Home,0
CUST03111,54,2146694,2941162,25,655,0,9803,5137480,4391725,178891,Self-Employed,Single,Graduate,Rented,Education,0
CUST03112,24,584400,4383419,27,478,2,13529,3451964,6674429,48700,Salaried,Married,Graduate,Mortgaged,Personal,1
CUST03113,61,838638,3327409,25,809,0,11091,9774366,6098308,69886,Salaried,Married,Doctorate,Mortgaged,Home,0
CUST03114,37,880075,1187171,17,795,5,5819,5629346,6576546,73339,Salaried,Married,Graduate,Rented,Medical,0
CUST03115,43,2390537,687726,27,626,1,2122,6817532,7106916,199211,Salaried,Single,High School,Owned,Business,0
CUST03116,49,428646,2289916,15,368,2,12721,994339,6890763,35720,Salaried,Married,Graduate,Mortgaged,Car,1
CUST03117,49,1078521,2387360,14,564,4,14210,1671784,4093466,89876,Business Owner,Married,Graduate,Rented,Medical,1
CUST03118,23,1147427,1796035,6,558,3,24944,547554,7793834,95618,Self-Employed,Single,Post-Graduate,Owned,Education,1
CUST03119,59,2030183,590854,23,413,2,2140,5191526,3955833,169181,Self-Employed,Married,Graduate,Rented,Business,0
CUST03120,48,1291863,634724,10,541,3,5289,8379923,5676114,107655,Self-Employed,Single,Post-Graduate,Rented,Personal,0
CUST03121,64,2422026,2668478,6,392,2,37062,9027052,7541752,201835,Salaried,Divorced,Post-Graduate,Owned,Personal,0
CUST03122,42,1889751,4724333,11,715,1,35790,5785922,345969,157479,Salaried,Married,High School,Owned,Medical,0
CUST03123,48,1803596,3009784,18,559,3,13934,637012,7469276,150299,Self-Employed,Single,Graduate,Mortgaged,Car,1
CUST03124,40,1919360,2218982,8,738,2,23114,6299034,6574933,159946,Salaried,Single,Graduate,Mortgaged,Medical,0
CUST03125,60,529644,4659855,11,573,5,35301,6415142,7975973,44137,Salaried,Married,Graduate,Rented,Business,1
CUST03126,57,1205270,3467139,10,728,2,28892,6011264,6181967,100439,Salaried,Married,Graduate,Owned,Car,0
CUST03127,61,1527421,3603685,18,739,4,16683,7240602,1251807,127285,Self-Employed,Single,Graduate,Rented,Medical,0
CUST03128,43,639917,2897574,21,396,1,11498,5616304,2415836,53326,Self-Employed,Single,Post-Graduate,Rented,Car,0
CUST03129,56,429126,3826286,20,565,3,15942,7069715,28549,35760,Salaried,Married,Graduate,Rented,Personal,1
CUST03130,37,469051,2533493,5,749,3,42224,4914975,4862907,39087,Salaried,Single,Graduate,Rented,Car,1
CUST03131,41,2004483,3129226,11,655,4,23706,1586687,3498482,167040,Business Owner,Single,Post-Graduate,Owned,Personal,1
CUST03132,54,1693670,3102059,19,432,2,13605,891470,3797628,141139,Salaried,Married,Graduate,Mortgaged,Home,1
CUST03133,25,811090,3775619,7,799,4,44947,9082057,5866721,67590,Salaried,Married,Graduate,Mortgaged,Medical,0
CUST03134,52,1882435,4496794,3,419,0,124910,4465723,6561921,156869,Self-Employed,Married,Graduate,Mortgaged,Home,0
CUST03135,22,1783754,1506616,10,896,4,12555,3290486,582848,148646,Self-Employed,Single,High School,Rented,Education,0
CUST03136,46,2068779,3511596,20,724,4,14631,3003016,7335308,172398,Salaried,Married,Graduate,Rented,Medical,0
CUST03137,42,2288710,206699,20,493,2,861,612246,2988813,190725,Salaried,Married,Graduate,Rented,Home,0
CUST03138,42,2223250,2685776,4,416,0,55953,9456541,6016182,185270,Unemployed,Married,Post-Graduate,Rented,Medical,0
CUST03139,43,575373,4498618,20,841,3,18744,923887,4651675,47947,Salaried,Widowed,Graduate,Rented,Education,1
CUST03140,43,1957755,3243670,6,614,4,45050,2268211,3550147,163146,Business Owner,Single,Post-Graduate,Mortgaged,Car,1
CUST03141,39,1073215,1375104,22,783,2,5208,4630016,1700379,89434,Self-Employed,Married,High School,Mortgaged,Medical,0
CUST03142,41,1097337,3051651,17,799,0,14959,3645303,1517030,91444,Business Owner,Divorced,High School,Owned,Business,0
CUST03143,46,1670729,1820840,4,340,2,37934,495821,5849135,139227,Salaried,Single,Graduate,Rented,Business,1
CUST03144,54,1565142,2193949,11,710,5,16620,3358594,2571069,130428,Salaried,Divorced,Graduate,Owned,Personal,0
CUST03145,45,1136197,1179081,24,500,1,4094,7817569,1836301,94683,Salaried,Married,High School,Rented,Car,0
CUST03146,49,2498790,3142581,13,844,3,20144,2580708,46120,208232,Salaried,Single,High School,Rented,Medical,0
CUST03147,57,560824,1031775,20,431,2,4299,8671652,6725376,46735,Salaried,Single,Graduate,Mortgaged,Medical,1
CUST03148,64,377747,2245670,22,320,4,8506,3665866,3164718,31478,Salaried,Single,Graduate,Mortgaged,Business,1
CUST03149,26,218318,4699285,1,698,2,391607,232394,2786186,18193,Salaried,Divorced,Graduate,Owned,Medical,1
CUST03150,52,2063462,3800191,28,631,2,11310,1178101,2974126,171955,Self-Employed,Divorced,Graduate,Mortgaged,Car,0
CUST03151,31,1105505,2101060,10,633,3,17508,8119133,4789187,92125,Salaried,Married,Graduate,Rented,Education,0
CUST03152,30,1177755,4846116,24,457,3,16826,4114929,3855021,98146,Salaried,Single,High School,Rented,Personal,1
CUST03153,56,1675641,119043,14,596,2,708,9813944,4353232,139636,Salaried,Married,Graduate,Rented,Medical,0
CUST03154,24,1173179,4801333,17,878,1,23535,7909647,2223140,97764,Self-Employed,Married,Graduate,Rented,Car,0
CUST03155,58,1498862,1793054,11,758,0,13583,400644,2371573,124905,Salaried,Single,Graduate,Owned,Car,0
CUST03156,55,287367,4112642,25,890,4,13708,3193600,6902399,23947,Self-Employed,Single,Post-Graduate,Owned,Business,1
CUST03157,64,517166,4740220,4,499,2,98754,7277175,3512572,43097,Salaried,Married,Post-Graduate,Rented,Business,1
CUST03158,50,2340288,3028706,26,822,3,9707,724670,7783775,195024,Self-Employed,Married,High School,Owned,Car,1
CUST03159,59,1209129,3071940,7,529,2,36570,9991031,6767784,100760,Self-Employed,Married,Graduate,Rented,Home,0
CUST03160,27,543358,3759193,26,861,5,12048,1746249,5693690,45279,Salaried,Married,Post-Graduate,Mortgaged,Personal,1
CUST03161,60,1018256,1236753,1,819,4,103062,7991474,4386754,84854,Self-Employed,Single,Graduate,Rented,Home,0
CUST03162,28,936752,931339,1,398,2,77611,8420842,6699596,78062,Business Owner,Single,Graduate,Owned,Car,0
CUST03163,35,794375,1751165,3,883,1,48643,5103034,444695,66197,Salaried,Married,Post-Graduate,Rented,Personal,0
CUST03164,27,839989,2421141,16,664,4,12610,8055560,3992354,69999,Salaried,Married,Graduate,Owned,Education,1
CUST03165,39,1863787,3727235,8,765,0,38825,8859747,5704258,155315,Unemployed,Single,High School,Mortgaged,Home,0
CUST03166,54,400902,1323658,18,647,0,6128,7370239,865312,33408,Business Owner,Divorced,Graduate,Owned,Education,0
CUST03167,33,877682,2845679,24,430,0,9880,7108531,1459619,73140,Self-Employed,Married,High School,Owned,Medical,0
CUST03168,57,1249685,67300,1,890,2,5608,3947398,522349,104140,Salaried,Single,High School,Mortgaged,Medical,0
CUST03169,48,1419333,203077,16,367,2,1057,2995271,3888502,118277,Salaried,Single,High School,Owned,Medical,0
CUST03170,49,2219188,4835350,22,785,1,18315,8690437,4331960,184932,Business Owner,Widowed,Graduate,Owned,Car,0
CUST03171,62,2319575,4258945,13,425,1,27300,2320765,3748311,193297,Self-Employed,Married,Graduate,Owned,Personal,0
CUST03172,40,848920,4326050,27,771,1,13352,4203808,439484,70743,Salaried,Single,High School,Rented,Car,0
CUST03173,36,1417298,1677150,20,553,2,6988,5174189,3891895,118108,Salaried,Married,High School,Mortgaged,Personal,0
CUST03174,64,202534,2592808,2,441,1,108033,3968120,7104648,16877,Self-Employed,Single,Doctorate,Owned,Home,1
CUST03175,45,1600003,3389783,16,442,3,17655,3792606,248112,133333,Self-Employed,Married,High School,Owned,Education,0
CUST03176,48,509319,1308053,12,491,2,9083,6032041,6207906,42443,Unemployed,Married,Graduate,Mortgaged,Car,1
CUST03177,34,322128,3735015,4,840,5,77812,3361733,2179108,26844,Salaried,Married,Graduate,Owned,Medical,1
CUST03178,31,1728543,3480227,28,761,5,10357,9888770,598021,144045,Salaried,Married,High School,Owned,Car,1
CUST03179,29,568615,2065985,7,702,3,24595,1861455,405883,47384,Salaried,Married,High School,Owned,Car,0
CUST03180,31,1271833,2202265,3,677,3,61174,3951048,101817,105986,Salaried,Single,High School,Mortgaged,Personal,0
CUST03181,30,387235,1571398,7,550,0,18707,8468331,3319653,32269,Salaried,Divorced,Doctorate,Rented,Personal,0
CUST03182,54,1902326,4026580,24,840,3,13981,4807611,3983732,158527,Salaried,Single,Graduate,Rented,Education,0
CUST03183,24,1947310,4935166,18,464,2,22847,7079643,4970693,162275,Salaried,Single,Graduate,Rented,Business,0
CUST03184,49,1500798,4997614,24,865,1,17352,6504900,649350,125066,Salaried,Widowed,Post-Graduate,Rented,Business,0
CUST03185,62,2114414,3868414,14,528,4,23026,3380082,5232593,176201,Business Owner,Widowed,Graduate,Mortgaged,Personal,1
CUST03186,54,1176486,1777958,4,504,0,37040,7466998,5918006,98040,Salaried,Married,Graduate,Mortgaged,Personal,0
CUST03187,39,588169,3916352,12,585,1,27196,2452904,516384,49014,Salaried,Married,Graduate,Rented,Personal,0
CUST03188,24,505635,1259795,6,749,4,17497,7522862,5400995,42136,Self-Employed,Single,Graduate,Mortgaged,Home,0
CUST03189,57,665288,4488037,17,728,5,22000,1368565,951112,55440,Salaried,Married,Graduate,Owned,Education,1
CUST03190,22,620722,1373543,8,760,3,14307,6971456,3514713,51726,Salaried,Single,Post-Graduate,Rented,Medical,0
CUST03191,51,909537,2044194,29,353,3,5874,1213878,5292054,75794,Business Owner,Single,High School,Rented,Medical,1
CUST03192,50,653695,512063,11,396,5,3879,8701433,6967612,54474,Self-Employed,Married,High School,Owned,Home,1
CUST03193,30,1539032,452718,10,809,0,3772,6292234,4249501,128252,Salaried,Divorced,Graduate,Owned,Home,0
CUST03194,53,498650,2000528,29,888,2,5748,500486,3483266,41554,Business Owner,Widowed,High School,Owned,Business,1
CUST03195,29,1611221,2773498,16,376,1,14445,1177290,6667296,134268,Unemployed,Widowed,Doctorate,Owned,Medical,0
CUST03196,31,935135,136254,5,842,2,2270,1955459,1729295,77927,Business Owner,Married,Graduate,Mortgaged,Education,0
CUST03197,56,1763871,4238539,14,457,5,25229,9606104,1641137,146989,Salaried,Single,High School,Owned,Business,1
CUST03198,64,1355369,616258,8,887,3,6419,5935694,3731146,112947,Self-Employed,Single,Graduate,Rented,Home,0
CUST03199,33,2277202,4992083,21,896,5,19809,2863437,962738,189766,Salaried,Married,Post-Graduate,Owned,Medical,0
CUST03200,61,1183710,1394893,17,682,3,6837,2840385,177842,98642,Salaried,Single,Graduate,Rented,Business,0
CUST03201,61,843344,1926032,22,414,5,7295,355468,2896193,70278,Salaried,Married,Graduate,Owned,Education,1
CUST03202,55,1534429,841320,28,772,1,2503,2111588,1220153,127869,Business Owner,Married,Post-Graduate,Owned,Education,0
CUST03203,28,1698083,4130903,22,360,1,15647,8567764,5096537,141506,Salaried,Divorced,Graduate,Rented,Car,0
CUST03204,34,1182213,3674187,10,500,1,30618,6028570,4388654,98517,Business Owner,Married,Graduate,Owned,Business,0
CUST03205,51,1465348,438829,6,683,4,6094,3739115,3887737,122112,Unemployed,Married,Graduate,Rented,Medical,0
CUST03206,64,1256534,572743,16,340,3,2983,310029,3970416,104711,Salaried,Married,Post-Graduate,Rented,Education,1
CUST03207,57,868717,3065159,14,535,1,18244,3495362,788746,72393,Salaried,Married,Post-Graduate,Mortgaged,Car,0
CUST03208,40,886877,4336670,10,778,1,36138,3890487,3220127,73906,Unemployed,Single,Doctorate,Rented,Education,0
CUST03209,32,2282425,593576,24,355,2,2061,1274344,570336,190202,Salaried,Married,High School,Rented,Education,0
CUST03210,63,1737036,1144516,27,520,0,3532,6111472,2839255,144753,Self-Employed,Married,Post-Graduate,Rented,Education,0
CUST03211,33,374386,2749463,12,302,4,19093,6638178,5421549,31198,Salaried,Single,Post-Graduate,Rented,Business,1
CUST03212,36,2410887,587523,20,694,5,2448,9982106,7891532,200907,Salaried,Married,Graduate,Rented,Education,0
CUST03213,63,1823202,1557551,29,347,5,4475,3652054,2375745,151933,Salaried,Divorced,Post-Graduate,Rented,Home,1
CUST03214,46,267887,100027,1,468,1,8335,2832198,2112985,22323,Salaried,Single,Post-Graduate,Rented,Medical,0
CUST03215,33,1860503,2520830,11,613,2,19097,8247645,5355859,155041,Business Owner,Married,Post-Graduate,Mortgaged,Medical,0
CUST03216,22,1535615,3590264,22,428,3,13599,3568993,7343210,127967,Salaried,Single,High School,Rented,Home,1
CUST03217,40,2301017,2089296,15,438,2,11607,6343121,2359319,191751,Salaried,Married,High School,Owned,Medical,0
CUST03218,64,1300022,1320252,23,800,2,4783,7401312,6704889,108335,Self-Employed,Widowed,Post-Graduate,Rented,Education,0
CUST03219,40,1368664,2150583,14,766,1,12801,8811132,2518353,114055,Unemployed,Single,Doctorate,Mortgaged,Medical,0
CUST03220,52,889573,2572018,2,348,0,107167,3254906,5114855,74131,Salaried,Married,Graduate,Mortgaged,Car,0
CUST03221,32,905812,870307,13,814,2,5578,6263355,1678517,75484,Self-Employed,Married,Graduate,Owned,Car,0
CUST03222,55,1602114,602499,12,580,0,4184,1397852,2096414,133509,Salaried,Single,Graduate,Rented,Personal,0
CUST03223,55,2095190,949995,25,386,0,3166,7814854,7869735,174599,Business Owner,Married,High School,Mortgaged,Home,0
CUST03224,48,2243074,4927214,5,844,3,82120,545708,3112611,186922,Self-Employed,Widowed,Graduate,Owned,Car,0
CUST03225,55,1961404,3628610,5,502,5,60476,6995738,128562,163450,Business Owner,Widowed,Doctorate,Rented,Home,1
CUST03226,46,1582963,670654,5,495,3,11177,2169161,6176999,131913,Self-Employed,Married,Graduate,Rented,Education,1
CUST03227,38,1325741,1541743,17,387,0,7557,4679665,1018019,110478,Unemployed,Single,Post-Graduate,Mortgaged,Business,0
CUST03228,53,948073,2089033,29,831,5,6002,855715,885432,79006,Salaried,Single,Graduate,Rented,Personal,1
CUST03229,57,1954464,946973,18,472,4,4384,6917872,6690321,162872,Self-Employed,Single,Graduate,Rented,Medical,1
CUST03230,58,897640,4265665,24,655,1,14811,4873213,1105293,74803,Self-Employed,Married,Graduate,Owned,Medical,0
CUST03231,31,779507,4705893,25,443,1,15686,6669808,7806042,64958,Salaried,Married,Graduate,Owned,Home,1
CUST03232,51,2189483,1262190,18,837,5,5843,3540436,2245575,182456,Unemployed,Married,Post-Graduate,Owned,Business,0
CUST03233,22,1535339,131906,18,772,2,610,166365,5063547,127944,Self-Employed,Married,Graduate,Owned,Home,1
CUST03234,46,982417,1371510,8,601,0,14286,5851651,2102279,81868,Business Owner,Single,Post-Graduate,Mortgaged,Car,0
CUST03235,46,2183181,2933524,28,507,1,8730,7016515,4648952,181931,Salaried,Divorced,High School,Owned,Personal,0
CUST03236,37,2412304,4052072,23,693,1,14681,6681278,5575884,201025,Business Owner,Single,Doctorate,Owned,Education,0
CUST03237,64,897263,1730752,26,597,2,5547,2695379,6061742,74771,Salaried,Single,Graduate,Mortgaged,Car,0
CUST03238,59,1375329,1403031,29,864,2,4031,7193963,3289609,114610,Unemployed,Married,Graduate,Rented,Education,0
CUST03239,23,1286342,1281876,11,704,3,9711,5464045,4927582,107195,Salaried,Single,High School,Rented,Education,0
CUST03240,30,1798875,64212,5,316,1,1070,2180896,6724702,149906,Self-Employed,Single,Graduate,Owned,Personal,0
CUST03241,30,2384955,119396,25,793,3,397,1202190,6722508,198746,Salaried,Widowed,Graduate,Mortgaged,Medical,1
CUST03242,60,1439043,2168172,14,415,2,12905,3320562,5979417,119920,Self-Employed,Divorced,Doctorate,Rented,Education,0
CUST03243,44,2025797,3106886,28,480,5,9246,327922,3197080,168816,Salaried,Married,Post-Graduate,Owned,Education,1
CUST03244,53,1549668,112049,21,561,4,444,7189572,4248810,129139,Business Owner,Single,High School,Rented,Home,0
CUST03245,56,2234541,1041386,8,425,1,10847,249685,7740914,186211,Business Owner,Single,Graduate,Rented,Business,1
CUST03246,55,1100782,4553471,11,865,0,34495,579432,1992494,91731,Salaried,Single,Graduate,Rented,Personal,0
CUST03247,25,1055330,4950848,18,887,3,22920,1666125,5540066,87944,Business Owner,Single,Post-Graduate,Rented,Car,1
CUST03248,28,1142685,3226975,12,393,2,22409,3328047,6339350,95223,Self-Employed,Widowed,Post-Graduate,Rented,Home,1
CUST03249,38,2491787,2632281,9,492,5,24372,296935,3846601,207648,Salaried,Single,Graduate,Rented,Business,1
CUST03250,36,1586886,2935920,7,522,2,34951,6335744,6927924,132240,Salaried,Married,High School,Owned,Home,0
CUST03251,54,508529,1883908,19,702,1,8262,1410734,3425723,42377,Salaried,Single,High School,Mortgaged,Car,0
CUST03252,28,246099,1047868,2,658,2,43661,8051732,6690260,20508,Salaried,Married,Graduate,Owned,Business,0
CUST03253,37,1369110,1910927,3,706,5,53081,5635818,5154762,114092,Salaried,Single,High School,Rented,Education,0
CUST03254,32,2043387,3514733,2,318,0,146447,925010,413710,170282,Salaried,Single,Graduate,Owned,Business,0
CUST03255,30,1276292,3330010,22,608,5,12613,4062701,6586798,106357,Salaried,Single,Post-Graduate,Rented,Personal,1
CUST03256,29,1466493,3402410,1,426,1,283534,1488527,5583669,122207,Unemployed,Divorced,Graduate,Rented,Personal,1
CUST03257,30,2026315,3063168,13,437,5,19635,9809406,1778878,168859,Salaried,Married,Doctorate,Rented,Business,0
CUST03258,46,1363409,349294,4,764,3,7276,5966019,5631509,113617,Business Owner,Married,Post-Graduate,Mortgaged,Home,0
CUST03259,39,2285251,3151005,18,384,3,14587,8106074,4092786,190437,Business Owner,Single,Graduate,Rented,Education,1
CUST03260,40,1649145,4410190,1,318,1,367515,3806493,7544604,137428,Self-Employed,Married,High School,Mortgaged,Education,0
CUST03261,42,1868177,3262022,1,592,4,271835,1553079,2437545,155681,Salaried,Married,Graduate,Mortgaged,Medical,0
CUST03262,53,1986441,2918096,12,741,3,20264,2425608,2107826,165536,Salaried,Married,Post-Graduate,Mortgaged,Education,0
CUST03263,59,1623018,1158569,21,606,2,4597,4226214,467344,135251,Business Owner,Married,Graduate,Rented,Business,0
CUST03264,44,267655,3972711,4,396,2,82764,7728266,6290774,22304,Self-Employed,Divorced,Post-Graduate,Owned,Medical,1
CUST03265,49,1154458,2285277,15,764,3,12695,4366610,7881556,96204,Business Owner,Widowed,Post-Graduate,Rented,Business,0
CUST03266,53,482492,1351424,24,529,2,4692,9293470,5512771,40207,Salaried,Widowed,Graduate,Owned,Medical,0
CUST03267,51,1349265,2474721,19,725,5,10854,3684956,2954517,112438,Self-Employed,Married,High School,Mortgaged,Medical,1
CUST03268,27,486440,654136,22,421,0,2477,2409086,7029815,40536,Salaried,Single,Graduate,Owned,Education,0
CUST03269,64,1346855,4635672,10,847,1,38630,5006338,2026685,112237,Self-Employed,Single,Graduate,Mortgaged,Medical,0
CUST03270,29,958021,3527125,28,470,5,10497,1200275,5546464,79835,Self-Employed,Single,Graduate,Owned,Education,1
CUST03271,39,197865,1666424,5,882,4,27773,6731757,4775832,16488,Salaried,Single,Post-Graduate,Mortgaged,Education,1
CUST03272,50,443455,3979719,18,526,2,18424,1099386,6819636,36954,Salaried,Married,Graduate,Rented,Car,1
CUST03273,39,1332157,318157,13,736,3,2039,6444808,7773938,111013,Salaried,Married,Graduate,Owned,Business,0
CUST03274,32,335221,1960865,1,601,0,163405,3887224,2876602,27935,Salaried,Married,Post-Graduate,Rented,Medical,0
CUST03275,61,2161531,3274355,28,345,1,9745,3635281,762592,180127,Salaried,Married,Graduate,Rented,Home,0
CUST03276,25,1932934,167276,21,358,5,663,6147368,1260995,161077,Salaried,Widowed,High School,Mortgaged,Education,1
CUST03277,32,1816793,3558193,7,543,3,42359,7079951,5914430,151399,Salaried,Single,Graduate,Rented,Personal,0
CUST03278,64,554476,4100357,2,415,0,170848,9296757,2906816,46206,Self-Employed,Single,Post-Graduate,Rented,Medical,1
CUST03279,53,2019915,2990944,20,665,4,12462,2965905,1119150,168326,Self-Employed,Married,Graduate,Rented,Car,1
CUST03280,25,1641527,1070164,16,382,2,5573,8138062,6520413,136793,Salaried,Married,Graduate,Rented,Medical,0
CUST03281,54,1067639,3757967,2,654,3,156581,8371131,5190518,88969,Salaried,Married,Post-Graduate,Owned,Car,1
CUST03282,63,150975,1728208,29,422,5,4966,9957306,1053199,12581,Self-Employed,Divorced,Post-Graduate,Mortgaged,Home,1
CUST03283,26,1393087,3692686,21,408,5,14653,9647283,5705729,116090,Salaried,Single,High School,Rented,Home,1
CUST03284,39,2020380,3159743,14,520,0,18807,7925535,5103561,168365,Salaried,Married,Graduate,Mortgaged,Business,0
CUST03285,42,228686,512371,7,649,2,6099,3017892,7878085,19057,Salaried,Divorced,Graduate,Mortgaged,Personal,1
CUST03286,27,273681,544775,8,539,1,5674,6976270,7900448,22806,Unemployed,Married,Graduate,Owned,Medical,0
CUST03287,30,1050045,125059,14,509,5,744,7868416,7802917,87503,Salaried,Married,Doctorate,Owned,Personal,1
CUST03288,29,1352198,406379,2,504,4,16932,2985347,7160119,112683,Unemployed,Single,High School,Owned,Personal,1
CUST03289,29,1264877,1533304,11,503,3,11615,8152915,6346175,105406,Salaried,Single,Post-Graduate,Owned,Car,0
CUST03290,39,1151577,177233,7,542,0,2109,7048855,5369466,95964,Salaried,Single,Doctorate,Owned,Home,0
CUST03291,41,749740,4695436,4,800,4,97821,4958557,4357981,62478,Salaried,Married,Graduate,Mortgaged,Medical,1
CUST03292,32,290681,4587367,4,646,3,95570,8631271,6341042,24223,Self-Employed,Married,Graduate,Rented,Car,1
CUST03293,34,223416,904407,11,553,1,6851,968698,7727132,18618,Salaried,Widowed,High School,Rented,Business,1
CUST03294,30,382203,1591344,12,749,2,11051,6870526,931811,31850,Self-Employed,Married,Graduate,Rented,Home,0
CUST03295,56,1772459,3723851,11,616,2,28210,7883200,1091307,147704,Unemployed,Single,Doctorate,Owned,Business,0
CUST03296,31,1997048,3320261,21,869,1,13175,499662,3990670,166420,Salaried,Married,Doctorate,Rented,Education,1
CUST03297,61,1172456,2929014,16,637,5,15255,4134034,2348861,97704,Salaried,Single,Graduate,Owned,Car,1
CUST03298,45,331933,4946714,6,429,5,68704,5218608,4255299,27661,Self-Employed,Married,Post-Graduate,Mortgaged,Car,1
CUST03299,56,1126843,3167484,29,637,0,9101,2159905,2489739,93903,Salaried,Single,Post-Graduate,Rented,Medical,0
CUST03300,49,2466259,3363781,22,764,5,12741,8805491,6261566,205521,Self-Employed,Married,Graduate,Owned,Medical,0
CUST03301,33,737468,2535344,14,427,2,15091,6303837,7187180,61455,Business Owner,Divorced,Post-Graduate,Rented,Education,1
CUST03302,47,1304120,2649219,2,421,4,110384,2823233,2260746,108676,Salaried,Single,High School,Rented,Education,1
CUST03303,33,1413901,1490617,27,659,4,4600,4425687,6179277,117825,Salaried,Married,Doctorate,Owned,Business,0
CUST03304,27,925351,2628553,22,830,3,9956,1209003,851882,77112,Self-Employed,Married,Post-Graduate,Owned,Education,0
CUST03305,32,1179362,4594949,14,500,4,27350,966967,6374198,98280,Salaried,Single,Graduate,Owned,Car,1
CUST03306,33,1258588,1915739,5,604,4,31928,7489735,5584910,104882,Salaried,Single,Graduate,Mortgaged,Business,0
CUST03307,27,1263863,709455,4,693,5,14780,9838378,5683607,105321,Salaried,Married,Doctorate,Mortgaged,Medical,0
CUST03308,23,1836551,3018909,9,698,2,27952,2840318,3940753,153045,Salaried,Single,High School,Rented,Personal,0
CUST03309,62,1515047,3936723,7,387,4,46865,2522152,855664,126253,Salaried,Single,Graduate,Owned,Home,1
CUST03310,44,275490,4796017,7,537,5,57095,6870644,6738352,22957,Self-Employed,Married,Graduate,Rented,Education,1
CUST03311,39,164862,2733711,12,896,5,18984,5158554,877714,13738,Salaried,Married,Graduate,Rented,Business,1
CUST03312,61,1115134,3950817,2,833,0,164617,1480411,3851917,92927,Salaried,Single,High School,Owned,Business,0
CUST03313,31,2283085,1289834,10,763,2,10748,6706153,1394483,190257,Unemployed,Widowed,Graduate,Rented,Medical,0
CUST03314,39,236701,2149921,26,314,3,6890,2177092,6770166,19725,Salaried,Divorced,Doctorate,Owned,Education,1
CUST03315,58,317055,2124257,26,550,3,6808,1239384,4593681,26421,Salaried,Widowed,Post-Graduate,Owned,Business,1
CUST03316,49,1746262,1695601,1,330,3,141300,4696074,4062680,145521,Business Owner,Married,Post-Graduate,Rented,Personal,1
CUST03317,39,1209673,3595002,20,480,5,14979,7420159,2538816,100806,Salaried,Single,Graduate,Owned,Home,1
CUST03318,33,691984,4423481,29,818,3,12711,5259416,6261588,57665,Business Owner,Single,Post-Graduate,Rented,Education,1
CUST03319,23,637326,1666567,17,532,4,8169,6518059,1680533,53110,Self-Employed,Divorced,Graduate,Mortgaged,Car,1
CUST03320,25,1712765,722139,12,401,5,5014,2455805,5765961,142730,Salaried,Divorced,Post-Graduate,Rented,Medical,1
CUST03321,28,1380888,4135891,15,732,0,22977,4988153,7754086,115074,Salaried,Married,Post-Graduate,Mortgaged,Car,0
CUST03322,55,1649838,4255447,7,755,3,50660,7158082,2128660,137486,Salaried,Married,Graduate,Rented,Medical,0
CUST03323,49,808540,4677827,12,693,2,32484,5330466,5488135,67378,Business Owner,Married,Doctorate,Mortgaged,Car,1
CUST03324,40,1386972,1312629,28,785,5,3906,9552470,2475186,115581,Salaried,Married,Post-Graduate,Rented,Personal,0
CUST03325,55,2171015,3609247,18,721,3,16709,766572,7437771,180917,Self-Employed,Single,Graduate,Mortgaged,Car,1
CUST03326,28,893975,3592364,13,680,3,23027,9117888,7193564,74497,Business Owner,Married,Doctorate,Rented,Car,1
CUST03327,31,1081445,3960607,4,833,4,82512,7273097,2510134,90120,Self-Employed,Married,Post-Graduate,Rented,Medical,0
CUST03328,38,534795,4040791,27,494,1,12471,1208634,1848057,44566,Salaried,Married,High School,Rented,Business,1
CUST03329,61,1651075,4764946,5,573,3,79415,2626424,660416,137589,Self-Employed,Married,High School,Rented,Medical,1
CUST03330,48,226401,2411132,21,637,4,9567,3750645,5580004,18866,Self-Employed,Married,Post-Graduate,Rented,Personal,1
CUST03331,58,734867,425768,9,701,4,3942,9580313,7357016,61238,Salaried,Single,Post-Graduate,Mortgaged,Business,0
CUST03332,32,1825690,1001805,9,585,1,9275,5216037,1160961,152140,Business Owner,Single,Graduate,Rented,Medical,0
CUST03333,58,195604,4438769,5,564,5,73979,2655063,6528961,16300,Salaried,Single,Graduate,Rented,Business,1
CUST03334,25,2474357,4231600,11,399,0,32057,9207760,6041266,206196,Unemployed,Single,Graduate,Rented,Home,0
CUST03335,31,1099763,104798,20,682,1,436,1268207,3775730,91646,Salaried,Single,Graduate,Mortgaged,Medical,0
CUST03336,44,1086949,1869166,13,374,5,11981,8183976,1786318,90579,Salaried,Married,High School,Mortgaged,Personal,1
CUST03337,24,1410743,1263650,1,584,3,105304,8323833,5223616,117561,Self-Employed,Married,Graduate,Rented,Medical,0
CUST03338,58,1652079,1637367,8,545,3,17055,3926178,4752522,137673,Salaried,Married,Post-Graduate,Owned,Business,0
CUST03339,59,1229935,3212037,5,765,3,53533,526892,6492432,102494,Salaried,Married,High School,Mortgaged,Personal,1
CUST03340,45,2227986,2574580,12,585,5,17879,8873483,4513947,185665,Salaried,Married,Graduate,Mortgaged,Medical,1
CUST03341,35,2410733,2430442,27,303,1,7501,9677476,390567,200894,Business Owner,Single,Graduate,Mortgaged,Business,0
CUST03342,26,620823,2203676,28,603,1,6558,3843762,1628114,51735,Salaried,Married,Doctorate,Rented,Home,0
CUST03343,48,1811072,3225993,29,429,2,9270,1938797,3044991,150922,Self-Employed,Single,Doctorate,Owned,Medical,0
CUST03344,45,857145,3431108,4,528,5,71481,2784810,3931226,71428,Self-Employed,Single,Doctorate,Mortgaged,Medical,1
CUST03345,54,2489824,265192,15,477,3,1473,1450668,2799363,207485,Salaried,Married,Graduate,Owned,Car,0
CUST03346,47,745292,729129,2,399,4,30380,6137937,7033984,62107,Salaried,Divorced,High School,Owned,Home,1
CUST03347,27,843391,1738784,15,867,4,9659,5234051,2249210,70282,Salaried,Single,Graduate,Rented,Personal,0
CUST03348,27,1828460,2206663,17,452,5,10816,3623427,5444234,152371,Unemployed,Married,Graduate,Rented,Education,1
CUST03349,55,2004275,4981275,23,604,2,18048,6541589,2891598,167022,Self-Employed,Single,High School,Mortgaged,Car,1
CUST03350,28,452172,4463923,10,796,2,37199,6261834,7941235,37681,Unemployed,Single,High School,Rented,Car,1
CUST03351,62,1455562,3261418,2,518,0,135892,211362,7328909,121296,Self-Employed,Divorced,Graduate,Owned,Personal,1
CUST03352,26,962332,228510,14,862,0,1360,4155872,6276434,80194,Business Owner,Married,Graduate,Rented,Car,0
CUST03353,53,1587636,548412,13,542,2,3515,8648810,6119060,132303,Unemployed,Married,Graduate,Mortgaged,Home,0
CUST03354,63,1458316,2313824,19,868,4,10148,7978114,5147643,121526,Salaried,Divorced,Doctorate,Mortgaged,Home,0
CUST03355,40,2466755,2955893,3,571,5,82108,8563354,4697718,205562,Business Owner,Married,Graduate,Owned,Car,1
CUST03356,24,2344117,3319633,18,308,2,15368,9547678,4505616,195343,Salaried,Single,High School,Rented,Personal,0
CUST03357,59,1686869,752586,12,820,3,5226,707874,215586,140572,Salaried,Married,Graduate,Owned,Personal,0
CUST03358,30,1746626,4444169,22,818,4,16833,2776060,7499429,145552,Salaried,Married,Graduate,Mortgaged,Medical,1
CUST03359,44,2262219,2491461,29,877,1,7159,4648003,7853259,188518,Salaried,Married,Post-Graduate,Rented,Personal,0
CUST03360,64,581201,2989241,7,374,0,35586,5149099,4216107,48433,Salaried,Married,Graduate,Rented,Car,1
CUST03361,54,1855513,244583,22,806,5,926,7883914,6964433,154626,Salaried,Married,Graduate,Owned,Business,0
CUST03362,23,1964380,4131197,4,504,3,86066,7271881,3221382,163698,Salaried,Single,Post-Graduate,Mortgaged,Personal,0
CUST03363,57,449357,2738104,29,804,0,7868,7091563,898236,37446,Business Owner,Married,Graduate,Mortgaged,Personal,0
CUST03364,28,2221078,1152320,14,878,1,6859,1669339,6675948,185089,Salaried,Single,Graduate,Rented,Education,0
CUST03365,54,1793645,1628330,22,419,1,6167,6808542,4075471,149470,Salaried,Single,High School,Owned,Education,0
CUST03366,48,965762,1796406,23,522,1,6508,7979470,7521955,80480,Self-Employed,Married,Graduate,Rented,Business,0
CUST03367,34,1288141,183932,18,461,2,851,7545559,1705620,107345,Self-Employed,Married,High School,Mortgaged,Education,0
CUST03368,40,1300556,4713554,12,482,4,32733,5871422,3831335,108379,Business Owner,Divorced,Post-Graduate,Rented,Medical,1
CUST03369,27,2309175,4024797,22,657,4,15245,974130,5339617,192431,Salaried,Married,Graduate,Mortgaged,Home,1
CUST03370,64,2427724,4435576,14,547,5,26402,1582431,1097908,202310,Salaried,Married,High School,Owned,Business,1
CUST03371,32,2046060,1800519,20,693,5,7502,7457176,7972946,170505,Unemployed,Single,Graduate,Rented,Medical,1
CUST03372,35,1682690,2811867,18,704,1,13017,8695472,4866982,140224,Salaried,Married,Graduate,Owned,Medical,0
CUST03373,43,394716,2318392,14,421,0,13799,8271064,1374720,32893,Self-Employed,Single,Graduate,Rented,Car,0
CUST03374,50,2299836,2403667,4,326,0,50076,4324342,5927058,191653,Salaried,Married,Doctorate,Owned,Personal,0
CUST03375,43,464701,2965200,9,747,4,27455,5914048,7027295,38725,Salaried,Married,Graduate,Rented,Medical,1
CUST03376,43,541999,2282783,28,408,2,6793,1848531,2989088,45166,Business Owner,Single,Post-Graduate,Rented,Home,0
CUST03377,47,313585,3877547,16,419,4,20195,5958861,4879505,26132,Salaried,Divorced,Graduate,Mortgaged,Personal,1
CUST03378,58,2377208,341008,19,660,2,1495,2034424,5983030,198100,Salaried,Married,Graduate,Rented,Business,0
CUST03379,38,1309125,1003603,8,457,5,10454,7971171,1164247,109093,Self-Employed,Married,Graduate,Owned,Business,1
CUST03380,57,704525,4467266,21,413,3,17727,7876513,4248410,58710,Salaried,Married,Graduate,Owned,Medical,1
CUST03381,55,339813,4417598,15,484,5,24542,606547,4473484,28317,Salaried,Married,High School,Owned,Business,1
CUST03382,63,1118181,4099840,7,613,1,48807,9363589,2410849,93181,Salaried,Married,Graduate,Rented,Car,0
CUST03383,61,1850644,1875324,5,807,4,31255,7981531,2397514,154220,Salaried,Single,Post-Graduate,Rented,Medical,0
CUST03384,56,2487218,2308443,12,893,3,16030,3844674,5036169,207268,Self-Employed,Divorced,Post-Graduate,Rented,Car,0
CUST03385,32,1448042,175089,17,739,1,858,4566781,6013521,120670,Salaried,Married,High School,Mortgaged,Business,0
CUST03386,55,1576761,1433227,9,839,1,13270,880397,3111580,131396,Salaried,Married,High School,Owned,Personal,0
CUST03387,53,2114329,3645860,8,618,1,37977,9369638,1172175,176194,Salaried,Married,High School,Rented,Medical,0
CUST03388,34,2269303,1747457,8,544,0,18202,1098148,6294604,189108,Business Owner,Single,Graduate,Owned,Car,0
CUST03389,51,807520,2427288,9,791,5,22474,9232013,1389399,67293,Salaried,Married,Graduate,Owned,Car,1
CUST03390,32,2480951,659644,22,481,1,2498,6579337,24640,206745,Unemployed,Married,Post-Graduate,Rented,Business,0
CUST03391,44,1369980,2507075,15,787,3,13928,9195265,2578950,114165,Salaried,Married,High School,Rented,Business,0
CUST03392,56,2335829,3622859,14,898,3,21564,3770441,6545424,194652,Salaried,Single,Post-Graduate,Mortgaged,Car,0
CUST03393,30,426077,2882020,5,533,3,48033,8967377,6053910,35506,Self-Employed,Married,Post-Graduate,Rented,Education,1
CUST03394,36,378955,2805515,16,680,3,14612,4318701,2452602,31579,Salaried,Divorced,High School,Rented,Home,1
CUST03395,56,2228833,4577190,28,768,5,13622,3565892,4155077,185736,Self-Employed,Widowed,Post-Graduate,Mortgaged,Personal,1
CUST03396,41,1730536,1208811,22,770,5,4578,3436769,7677012,144211,Business Owner,Married,Post-Graduate,Mortgaged,Home,1
CUST03397,63,561261,1532269,13,423,5,9822,9524564,5750480,46771,Business Owner,Married,Graduate,Rented,Home,1
CUST03398,22,2253065,3133877,9,877,2,29017,4708831,6073318,187755,Salaried,Married,Graduate,Rented,Personal,0
CUST03399,53,390551,2426937,11,601,4,18385,4837852,700732,32545,Self-Employed,Single,Graduate,Rented,Business,1
CUST03400,57,1753401,4897189,1,325,1,408099,6471139,1928322,146116,Salaried,Married,Graduate,Rented,Medical,0
CUST03401,61,631868,345411,1,370,5,28784,5602808,832192,52655,Self-Employed,Married,Doctorate,Owned,Medical,1
CUST03402,28,315905,655855,23,736,1,2376,5457277,7830393,26325,Salaried,Single,Graduate,Rented,Personal,0
CUST03403,64,2044643,1742878,25,556,0,5809,3852705,2737913,170386,Salaried,Married,Post-Graduate,Owned,Car,0
CUST03404,38,2141388,2319500,29,364,4,6665,1725990,3996644,178449,Salaried,Single,Graduate,Rented,Car,1
CUST03405,37,398664,4457752,19,612,4,19551,9946195,4412653,33222,Salaried,Married,Graduate,Rented,Personal,1
CUST03406,37,368860,2496086,27,659,0,7703,4963757,4183390,30738,Self-Employed,Married,Graduate,Owned,Business,0
CUST03407,49,1593904,2213895,13,347,5,14191,9725296,416757,132825,Salaried,Divorced,Post-Graduate,Rented,Home,1
CUST03408,50,217467,875646,8,510,0,9121,4660069,7276145,18122,Salaried,Single,Graduate,Owned,Education,0
CUST03409,42,1903526,2199522,8,577,0,22911,6034334,3042795,158627,Self-Employed,Single,Graduate,Mortgaged,Car,0
CUST03410,25,2301799,2681322,7,768,5,31920,5502798,7347224,191816,Salaried,Married,Doctorate,Mortgaged,Home,0
CUST03411,64,1915040,2939728,22,691,1,11135,9660964,6120164,159586,Unemployed,Married,Graduate,Rented,Education,0
CUST03412,31,692115,3049587,1,352,1,254132,1195633,5575060,57676,Salaried,Single,Post-Graduate,Owned,Car,1
CUST03413,26,596643,2176718,28,668,4,6478,5223405,5622940,49720,Salaried,Married,High School,Mortgaged,Car,1
CUST03414,47,1749411,828855,23,841,3,3003,1619918,7827597,145784,Salaried,Divorced,Post-Graduate,Mortgaged,Education,0
CUST03415,39,294816,806020,12,332,3,5597,8693511,2426782,24568,Salaried,Married,Graduate,Mortgaged,Medical,1
CUST03416,48,1413594,815883,21,891,5,3237,5349417,2630962,117799,Salaried,Single,High School,Rented,Personal,0
CUST03417,59,1204695,3112002,4,357,0,64833,9238135,5365164,100391,Self-Employed,Single,High School,Owned,Personal,0
CUST03418,26,1899797,4288926,13,673,5,27493,2826806,1858692,158316,Salaried,Married,Graduate,Mortgaged,Personal,1
CUST03419,34,625840,4421414,4,510,1,92112,1712590,6431440,52153,Unemployed,Married,Post-Graduate,Rented,Car,1
CUST03420,44,1941466,1591367,4,738,3,33153,6327413,234053,161788,Salaried,Widowed,Graduate,Rented,Home,0
CUST03421,55,1793286,444164,1,805,1,37013,1543161,7177834,149440,Self-Employed,Single,Graduate,Mortgaged,Home,0
CUST03422,47,710977,3170150,24,811,1,11007,3790238,2770759,59248,Salaried,Married,Graduate,Rented,Business,0
CUST03423,38,988228,239971,22,821,1,908,3207204,36359,82352,Salaried,Widowed,Doctorate,Owned,Business,0
CUST03424,48,305135,3152526,26,789,3,10104,1394107,4821066,25427,Salaried,Single,High School,Mortgaged,Education,1
CUST03425,64,1205981,1946357,29,485,5,5592,6598308,2203845,100498,Salaried,Widowed,Graduate,Rented,Medical,1
CUST03426,42,762410,4203895,28,579,0,12511,7605900,2443032,63534,Self-Employed,Married,Post-Graduate,Owned,Car,0
CUST03427,59,416689,3145599,29,731,3,9039,3999685,3851657,34724,Salaried,Married,Graduate,Owned,Car,1
CUST03428,55,1465794,3712478,1,401,5,309373,2882216,4636962,122149,Salaried,Married,Doctorate,Rented,Medical,1
CUST03429,34,1483743,2058335,23,646,4,7457,1660363,1089384,123645,Unemployed,Married,Graduate,Rented,Business,0
CUST03430,32,351969,4210853,21,618,5,16709,6802674,387086,29330,Salaried,Divorced,Post-Graduate,Owned,Personal,1
CUST03431,55,585981,2649386,5,890,0,44156,8107208,3691078,48831,Salaried,Single,Post-Graduate,Rented,Business,0
CUST03432,30,344111,3144813,4,329,2,65516,5525435,2832728,28675,Salaried,Married,High School,Rented,Business,1
CUST03433,36,1745616,1835103,29,356,2,5273,4374411,4656971,145468,Salaried,Single,Graduate,Rented,Home,0
CUST03434,32,944373,2274812,26,318,3,7291,6518803,5984039,78697,Salaried,Single,Graduate,Mortgaged,Education,1
CUST03435,48,317246,4208708,10,628,1,35072,9159196,4916545,26437,Self-Employed,Married,High School,Owned,Education,1
CUST03436,34,600114,1998154,3,630,1,55504,9897907,834614,50009,Self-Employed,Married,Graduate,Mortgaged,Car,0
CUST03437,50,2443352,155823,10,655,5,1298,2014669,7970315,203612,Self-Employed,Married,Post-Graduate,Rented,Car,1
CUST03438,62,751021,1926197,1,445,1,160516,4819627,5718699,62585,Salaried,Single,High School,Owned,Business,1
CUST03439,57,1758638,1990196,20,484,5,8292,8775867,392924,146553,Salaried,Single,Graduate,Owned,Car,1
CUST03440,62,1250828,2121045,12,550,0,14729,6364923,6106488,104235,Self-Employed,Single,High School,Mortgaged,Education,0
CUST03441,23,577064,399774,2,328,2,16657,8177508,7044628,48088,Salaried,Single,High School,Owned,Education,0
CUST03442,41,872356,690080,29,751,3,1982,9958825,4550092,72696,Salaried,Single,Graduate,Owned,Personal,0
CUST03443,31,183122,1653984,24,331,5,5743,1128766,6659833,15260,Salaried,Married,High School,Rented,Personal,1
CUST03444,61,1905421,2148593,27,700,4,6631,6162428,7088700,158785,Self-Employed,Single,Graduate,Rented,Home,0
CUST03445,52,935987,193614,29,572,0,556,5363645,7712542,77998,Salaried,Divorced,High School,Rented,Education,0
CUST03446,35,1323221,1977752,1,899,4,164812,2918836,7636508,110268,Business Owner,Single,Post-Graduate,Owned,Education,0
CUST03447,46,509111,1634629,23,715,1,5922,6571460,1550320,42425,Salaried,Married,Post-Graduate,Rented,Home,0
CUST03448,48,2086898,221129,23,585,5,801,1128254,277419,173908,Unemployed,Single,Graduate,Mortgaged,Business,1
CUST03449,43,663266,1289520,23,720,4,4672,5005273,5214024,55272,Salaried,Single,High School,Mortgaged,Personal,0
CUST03450,42,1480766,1411897,8,370,1,14707,4205417,5432664,123397,Self-Employed,Married,Graduate,Mortgaged,Business,0
CUST03451,24,2200963,760472,12,408,2,5281,3963604,4551043,183413,Salaried,Single,High School,Rented,Business,0
CUST03452,41,1826011,3771939,27,599,4,11641,6180322,1897396,152167,Business Owner,Single,Post-Graduate,Owned,Business,1
CUST03453,36,1567530,408250,2,814,5,17010,9444037,7590377,130627,Salaried,Married,Graduate,Owned,Car,0
CUST03454,57,2236891,2910830,19,792,3,12766,9479617,3265466,186407,Business Owner,Married,Graduate,Mortgaged,Medical,0
CUST03455,59,564675,3343412,23,526,1,12113,7038126,5932025,47056,Self-Employed,Married,Post-Graduate,Rented,Home,1
CUST03456,54,2414348,4040529,24,470,2,14029,3377026,4985234,201195,Self-Employed,Single,Post-Graduate,Rented,Personal,0
CUST03457,23,1458149,2750630,18,878,4,12734,9662111,7164742,121512,Salaried,Single,Graduate,Rented,Business,0
CUST03458,58,1113163,2736305,23,639,3,9914,9983880,5698178,92763,Salaried,Married,Graduate,Rented,Personal,0
CUST03459,39,751084,3815997,27,370,1,11777,8477680,5076923,62590,Unemployed,Widowed,Graduate,Rented,Car,1
CUST03460,39,1900574,4277714,23,434,1,15498,8744107,6721527,158381,Unemployed,Single,Graduate,Rented,Home,0
CUST03461,62,2444072,1094193,4,801,1,22795,8189600,434047,203672,Salaried,Single,High School,Rented,Education,0
CUST03462,59,1771765,3990532,8,838,2,41568,7625182,5643095,147647,Salaried,Married,Graduate,Owned,Medical,0
CUST03463,24,226979,2338728,9,845,2,21654,7283759,4689805,18914,Salaried,Divorced,Graduate,Owned,Business,1
CUST03464,37,1252355,536508,10,304,3,4470,6420022,6219191,104362,Salaried,Single,High School,Owned,Medical,1
CUST03465,54,1870948,3081517,11,793,5,23344,6496184,1793351,155912,Salaried,Married,Graduate,Mortgaged,Education,1
CUST03466,45,1083974,4886181,7,367,3,58168,3958689,4792569,90331,Business Owner,Married,Post-Graduate,Mortgaged,Medical,1
CUST03467,33,1966543,746483,20,785,3,3110,8879934,2272841,163878,Salaried,Single,Graduate,Mortgaged,Medical,0
CUST03468,44,1812132,122999,4,828,2,2562,6383052,936472,151011,Business Owner,Married,Doctorate,Mortgaged,Education,0
CUST03469,59,307832,4586770,23,516,3,16618,6172756,4602536,25652,Unemployed,Married,Graduate,Owned,Car,1
CUST03470,31,1461223,3004348,20,416,5,12518,7444160,171442,121768,Salaried,Single,Doctorate,Owned,Car,1
CUST03471,54,553893,1134514,28,728,0,3376,845355,745092,46157,Salaried,Single,High School,Owned,Medical,0
CUST03472,53,1293319,3972931,1,341,2,331077,9197158,4238264,107776,Salaried,Single,Graduate,Owned,Medical,1
CUST03473,60,1053120,1998719,9,647,0,18506,5867378,7188391,87760,Salaried,Single,High School,Rented,Car,0
CUST03474,34,2046214,1692875,27,498,1,5224,9449559,5724328,170517,Self-Employed,Married,Graduate,Owned,Business,0
CUST03475,31,2190163,1484540,15,554,0,8247,1118067,123384,182513,Self-Employed,Married,High School,Mortgaged,Home,0
CUST03476,45,1234451,3012920,17,795,3,14769,2412889,870924,102870,Salaried,Married,Graduate,Rented,Education,0
CUST03477,44,1411949,715981,1,895,4,59665,9498080,3448709,117662,Business Owner,Married,Graduate,Owned,Education,0
CUST03478,39,1621311,1842506,23,541,5,6675,6959020,3434367,135109,Salaried,Married,High School,Mortgaged,Home,1
CUST03479,55,1689971,1560136,8,474,1,16251,6502022,319286,140830,Salaried,Single,Graduate,Mortgaged,Medical,0
CUST03480,56,1643116,350044,28,800,4,1041,4102714,2049419,136926,Unemployed,Married,Post-Graduate,Rented,Business,0
CUST03481,32,1990080,3827622,11,547,1,28997,5600898,1015261,165840,Salaried,Single,Graduate,Owned,Car,0
CUST03482,56,2457649,91884,6,419,1,1276,5508242,4536744,204804,Salaried,Single,High School,Rented,Medical,0
CUST03483,31,2096088,4800620,18,841,3,22225,2058429,5266612,174674,Salaried,Married,High School,Rented,Business,0
CUST03484,39,466576,519567,14,895,4,3092,5709173,3124022,38881,Salaried,Married,Post-Graduate,Rented,Medical,0
CUST03485,23,1269268,1823264,14,473,3,10852,5206093,4572197,105772,Salaried,Single,Post-Graduate,Owned,Education,1
CUST03486,36,1234036,537127,28,394,0,1598,3199449,1611740,102836,Self-Employed,Married,Graduate,Mortgaged,Business,0
CUST03487,63,1345663,1866037,11,391,2,14136,3491056,6812836,112138,Salaried,Single,Graduate,Owned,Education,0
CUST03488,41,1391887,3073904,12,659,1,21346,7701958,35141,115990,Self-Employed,Married,Graduate,Mortgaged,Medical,0
CUST03489,52,1837313,483031,19,485,0,2118,6786323,4035019,153109,Salaried,Married,Graduate,Owned,Medical,0
CUST03490,26,1139386,2653032,5,673,0,44217,4752240,2572200,94948,Salaried,Married,Post-Graduate,Mortgaged,Personal,0
CUST03491,49,768854,3870789,25,755,2,12902,6083656,3606937,64071,Unemployed,Single,Post-Graduate,Owned,Car,0
CUST03492,37,1225335,2304543,7,303,0,27435,2488332,4129297,102111,Self-Employed,Married,Graduate,Mortgaged,Medical,0
CUST03493,53,2158050,606606,8,815,4,6318,5043140,5168055,179837,Self-Employed,Single,Post-Graduate,Mortgaged,Car,0
CUST03494,61,881865,3475011,1,317,0,289584,5661583,7433672,73488,Salaried,Married,Graduate,Rented,Education,0
CUST03495,44,198849,973082,10,368,1,8109,2602135,4489538,16570,Salaried,Widowed,Post-Graduate,Owned,Personal,1
CUST03496,26,2444279,133289,17,734,5,653,1777858,1819808,203689,Business Owner,Single,Post-Graduate,Mortgaged,Car,0
CUST03497,42,610063,2212101,21,673,4,8778,5304856,4193022,50838,Business Owner,Married,Post-Graduate,Mortgaged,Medical,1
CUST03498,27,1566684,1391368,27,887,3,4294,9413809,4098040,130557,Self-Employed,Single,High School,Mortgaged,Car,0
CUST03499,41,2030469,190966,23,640,0,691,4670799,6917410,169205,Salaried,Married,Graduate,Rented,Home,0
CUST03500,24,794994,3898094,10,550,0,32484,9024178,4531972,66249,Salaried,Married,Graduate,Owned,Medical,0
CUST03501,49,949606,3018676,24,701,5,10481,8527532,6944440,79133,Salaried,Married,Graduate,Rented,Business,1
CUST03502,35,809161,4554386,6,757,4,63255,7473024,5193821,67430,Salaried,Married,Graduate,Rented,Car,1
CUST03503,30,502107,2427829,7,702,5,28902,8953939,4574658,41842,Salaried,Widowed,Post-Graduate,Owned,Personal,1
CUST03504,22,509424,2219766,11,522,4,16816,4171693,2628530,42452,Salaried,Married,Graduate,Owned,Business,1
CUST03505,60,588873,4221002,16,875,0,21984,7616566,2048231,49072,Salaried,Widowed,Graduate,Mortgaged,Education,0
CUST03506,57,1226417,453345,6,480,4,6296,1532870,795854,102201,Self-Employed,Single,Graduate,Rented,Education,0
CUST03507,56,1397277,1840258,27,507,2,5679,3264435,4386010,116439,Self-Employed,Widowed,Graduate,Rented,Medical,0
CUST03508,24,187570,4003707,8,466,4,41705,5709553,7370849,15630,Self-Employed,Single,Graduate,Mortgaged,Personal,1
CUST03509,37,2138526,1498079,12,479,2,10403,477086,101147,178210,Salaried,Single,Graduate,Rented,Home,0
CUST03510,63,1738391,4431593,18,427,4,20516,7675951,7622043,144865,Salaried,Married,Post-Graduate,Rented,Home,1
CUST03511,46,316029,1455961,13,648,5,9333,9260825,6875034,26335,Unemployed,Single,High School,Mortgaged,Education,1
CUST03512,27,2130386,2097618,12,737,5,14566,1142534,3505849,177532,Salaried,Married,Graduate,Mortgaged,Education,1
CUST03513,28,221630,4491961,29,557,3,12907,9920921,2508971,18469,Business Owner,Single,Graduate,Owned,Personal,1
CUST03514,33,1467239,1254608,13,853,1,8042,972798,4644599,122269,Salaried,Married,Graduate,Rented,Education,0
CUST03515,63,1243145,4842158,4,584,3,100878,1357505,6844011,103595,Self-Employed,Single,Post-Graduate,Rented,Home,1
CUST03516,29,1330027,267659,22,580,2,1013,7647887,232211,110835,Salaried,Single,Post-Graduate,Owned,Medical,0
CUST03517,60,2397040,1365706,21,341,1,5419,6887598,3594791,199753,Self-Employed,Divorced,High School,Owned,Education,0
CUST03518,51,2328596,2975859,7,842,4,35426,9366919,377725,194049,Business Owner,Married,Graduate,Owned,Home,0
CUST03519,61,805673,2990868,25,388,0,9969,4308950,5152017,67139,Salaried,Single,High School,Rented,Personal,0
CUST03520,57,1512208,4553853,12,398,2,31623,5768015,613339,126017,Self-Employed,Married,Post-Graduate,Owned,Education,0
CUST03521,36,2404050,4801072,5,861,4,80017,1570352,2533079,200337,Business Owner,Divorced,Graduate,Mortgaged,Personal,1
CUST03522,57,1862813,3405545,6,611,5,47299,6949183,5909970,155234,Self-Employed,Married,Graduate,Rented,Business,0
CUST03523,29,2236050,3315706,21,340,3,13157,9981202,6015686,186337,Salaried,Single,Graduate,Rented,Car,1
CUST03524,34,1171832,1620380,7,565,5,19290,6008954,1817875,97652,Salaried,Widowed,Graduate,Mortgaged,Medical,1
CUST03525,31,815367,4037969,14,654,4,24035,9338965,4103802,67947,Business Owner,Married,Doctorate,Rented,Home,1
CUST03526,27,1350044,3232297,22,306,1,12243,3996295,1475577,112503,Self-Employed,Single,High School,Mortgaged,Medical,0
CUST03527,25,2069827,169157,25,752,5,563,9827827,4733331,172485,Unemployed,Single,Doctorate,Mortgaged,Education,0
CUST03528,30,2332712,4168738,15,701,2,23159,5413035,66682,194392,Salaried,Single,Graduate,Mortgaged,Medical,0
CUST03529,27,1761788,1830320,27,307,3,5649,1524572,6510208,146815,Self-Employed,Divorced,High School,Mortgaged,Home,1
CUST03530,38,1810334,2405358,9,671,1,22271,3689598,183180,150861,Business Owner,Divorced,Post-Graduate,Rented,Personal,0
CUST03531,25,1352782,2456194,26,433,3,7872,4970052,4868466,112731,Business Owner,Married,Graduate,Rented,Car,1
CUST03532,24,901072,4107755,8,740,4,42789,763514,3243070,75089,Self-Employed,Married,Post-Graduate,Rented,Education,1
CUST03533,64,1143852,1376230,2,526,5,57342,8968164,1787949,95321,Salaried,Married,Graduate,Rented,Car,0
CUST03534,25,1319612,1989952,22,421,5,7537,2467777,4333423,109967,Self-Employed,Married,Graduate,Mortgaged,Education,1
CUST03535,25,2066431,243655,22,604,4,922,6784068,1133876,172202,Self-Employed,Married,Graduate,Rented,Medical,0
CUST03536,23,1455071,1775103,27,565,3,5478,9207776,4632473,121255,Salaried,Widowed,Doctorate,Owned,Home,0
CUST03537,27,2013736,487427,27,504,5,1504,4402557,5158085,167811,Salaried,Single,Post-Graduate,Rented,Personal,1
CUST03538,44,214299,2935793,3,827,0,81549,6132392,3663289,17858,Business Owner,Single,Graduate,Rented,Car,1
CUST03539,57,1928800,4471304,19,689,5,19610,5215272,2893170,160733,Salaried,Married,Post-Graduate,Rented,Education,1
CUST03540,53,1341607,2350197,21,592,1,9326,7665152,3676490,111800,Salaried,Married,High School,Rented,Personal,0
CUST03541,46,2495901,4564922,18,435,2,21133,482155,7653067,207991,Self-Employed,Single,Post-Graduate,Mortgaged,Home,1
CUST03542,25,1258545,4886704,1,641,5,407225,3660384,6025137,104878,Unemployed,Single,Graduate,Owned,Business,1
CUST03543,55,1274504,316327,2,315,4,13180,6154020,46584,106208,Self-Employed,Married,Post-Graduate,Mortgaged,Medical,1
CUST03544,23,449559,2606127,20,830,5,10858,1004535,2316561,37463,Salaried,Married,Post-Graduate,Mortgaged,Personal,1
CUST03545,49,2046268,2664981,25,300,4,8883,8611183,199004,170522,Salaried,Divorced,Graduate,Owned,Business,1
CUST03546,39,1798586,1956601,6,719,3,27175,6357233,1901742,149882,Salaried,Married,Post-Graduate,Owned,Education,0
CUST03547,59,2176824,4160821,2,507,1,173367,127656,6227748,181402,Salaried,Married,Post-Graduate,Mortgaged,Home,1
CUST03548,35,367960,2004921,12,731,5,13923,220357,6834593,30663,Business Owner,Married,High School,Mortgaged,Medical,1
CUST03549,49,647266,323197,10,516,3,2693,1683650,3656144,53938,Salaried,Married,Post-Graduate,Owned,Personal,0
CUST03550,40,2210894,2762302,29,315,4,7937,6672672,5514110,184241,Salaried,Single,Graduate,Rented,Education,0
CUST03551,44,248856,1049446,27,869,2,3239,5228102,2964622,20738,Business Owner,Married,Post-Graduate,Owned,Home,0
CUST03552,62,1344280,1806814,17,759,5,8856,4874774,3814931,112023,Salaried,Married,Post-Graduate,Rented,Car,0
CUST03553,52,1101158,2534352,28,326,2,7542,5653546,6633167,91763,Salaried,Divorced,High School,Owned,Personal,0
CUST03554,39,2357649,3628387,7,319,1,43195,4997567,2203238,196470,Salaried,Divorced,High School,Rented,Home,0
CUST03555,41,2163331,1426894,29,618,1,4100,3499188,2546711,180277,Salaried,Single,High School,Rented,Personal,0
CUST03556,52,2257276,1934281,13,873,4,12399,172460,1092654,188106,Salaried,Married,Post-Graduate,Rented,Medical,1
CUST03557,36,829392,386116,14,646,4,2298,376551,1746645,69116,Unemployed,Married,Post-Graduate,Owned,Education,1
CUST03558,29,1530643,1951514,2,306,1,81313,6921430,299369,127553,Business Owner,Single,Post-Graduate,Rented,Personal,0
CUST03559,42,1795023,2922132,6,719,4,40585,7461640,6525723,149585,Self-Employed,Married,Post-Graduate,Mortgaged,Car,0
CUST03560,24,2423551,3104017,6,556,5,43111,2474239,6818922,201962,Self-Employed,Divorced,Graduate,Rented,Personal,1
CUST03561,29,167268,1501529,15,683,3,8341,2504958,3371994,13939,Salaried,Married,Graduate,Mortgaged,Car,1
CUST03562,40,2446013,351192,6,510,5,4877,4137819,4747084,203834,Business Owner,Married,Doctorate,Mortgaged,Medical,0
CUST03563,56,985106,2907688,3,304,0,80769,6481315,1990286,82092,Salaried,Married,High School,Owned,Personal,0
CUST03564,55,451444,3294006,18,311,2,15250,5975404,366635,37620,Salaried,Married,Graduate,Owned,Personal,1
CUST03565,33,1596464,471598,26,679,3,1511,5635552,4125677,133038,Salaried,Married,Graduate,Rented,Car,0
CUST03566,40,1986626,2549612,3,681,2,70822,463634,1268699,165552,Salaried,Married,High School,Rented,Education,0
CUST03567,28,454929,520666,17,493,0,2552,4365297,6786177,37910,Salaried,Divorced,Graduate,Mortgaged,Personal,0
CUST03568,54,245818,2292479,28,349,2,6822,7551360,2236514,20484,Salaried,Married,Graduate,Owned,Personal,1
CUST03569,32,2257026,3222174,12,763,2,22376,5943866,5901014,188085,Salaried,Single,Graduate,Owned,Medical,0
CUST03570,56,2344213,3610302,6,390,1,50143,8088413,2104572,195351,Salaried,Married,High School,Mortgaged,Home,0
CUST03571,58,517243,3583228,3,413,2,99534,6980883,1011510,43103,Salaried,Married,Graduate,Mortgaged,Car,1
CUST03572,51,2274544,3803366,28,571,2,11319,9007354,4387127,189545,Self-Employed,Married,Graduate,Rented,Car,0
CUST03573,36,2288014,1244118,12,729,5,8639,5765218,1466663,190667,Salaried,Married,Post-Graduate,Rented,Education,0
CUST03574,62,2493949,4238991,4,897,2,88312,5735960,3195548,207829,Self-Employed,Single,Graduate,Mortgaged,Personal,0
CUST03575,51,658514,1780881,26,675,2,5707,5619501,2346568,54876,Salaried,Married,Post-Graduate,Rented,Personal,0
CUST03576,49,1510144,1905275,24,876,2,6615,2719085,7057732,125845,Salaried,Divorced,Graduate,Mortgaged,Home,0
CUST03577,58,2486554,3948544,21,691,3,15668,4417169,4024325,207212,Self-Employed,Married,High School,Mortgaged,Home,0
CUST03578,59,2271211,1668836,3,808,1,46356,1770250,5755285,189267,Self-Employed,Married,Post-Graduate,Owned,Medical,0
CUST03579,25,1571159,420627,3,405,5,11684,4357341,4710759,130929,Salaried,Married,High School,Owned,Personal,1
CUST03580,59,613230,3585993,7,333,2,42690,1582604,7285860,51102,Salaried,Married,Graduate,Mortgaged,Home,1
CUST03581,54,348210,3327404,5,701,2,55456,4960563,3516241,29017,Business Owner,Married,Graduate,Rented,Business,1
CUST03582,30,759044,2929934,16,885,0,15260,9546105,7186000,63253,Salaried,Married,Post-Graduate,Owned,Education,0
CUST03583,35,303401,759239,12,742,5,5272,4575571,7370953,25283,Salaried,Married,Post-Graduate,Rented,Personal,1
CUST03584,54,608870,3177417,23,505,2,11512,7412349,5566181,50739,Salaried,Married,Graduate,Rented,Education,1
CUST03585,31,326065,1032123,3,593,0,28670,4446343,7840091,27172,Business Owner,Married,Post-Graduate,Owned,Car,0
CUST03586,41,1941242,2799838,22,367,1,10605,9068581,5960653,161770,Salaried,Married,Graduate,Rented,Medical,0
CUST03587,51,1536247,2564224,28,504,2,7631,2182663,2493571,128020,Unemployed,Single,Post-Graduate,Owned,Education,0
CUST03588,49,1367034,3874830,4,709,4,80725,8359562,1256008,113919,Self-Employed,Married,Doctorate,Owned,Home,0
CUST03589,61,2052511,4884075,19,399,0,21421,7275895,1677444,171042,Self-Employed,Married,Graduate,Owned,Car,0
CUST03590,26,1115415,990702,15,588,0,5503,8898904,4590106,92951,Salaried,Single,Graduate,Rented,Medical,0
CUST03591,34,1096962,617814,3,473,3,17161,1416229,1321218,91413,Self-Employed,Single,Post-Graduate,Mortgaged,Personal,1
CUST03592,64,636274,2800775,9,594,2,25933,8958368,1901070,53022,Salaried,Married,Graduate,Rented,Education,0
CUST03593,46,1195364,4762323,23,758,5,17254,9096233,5024707,99613,Salaried,Married,Post-Graduate,Mortgaged,Medical,1
CUST03594,32,560114,832603,26,830,4,2668,3029849,2661940,46676,Salaried,Married,Graduate,Owned,Car,0
CUST03595,34,1534826,2462571,11,545,3,18655,6285977,5447733,127902,Self-Employed,Married,Doctorate,Rented,Home,0
CUST03596,36,2494029,2065897,4,796,2,43039,5907889,7978531,207835,Self-Employed,Married,High School,Rented,Home,0
CUST03597,45,1402645,1624302,8,721,3,16919,584116,702699,116887,Unemployed,Single,Post-Graduate,Mortgaged,Home,0
CUST03598,34,852735,3336769,25,853,3,11122,5300221,5129317,71061,Salaried,Married,Graduate,Rented,Business,0
CUST03599,48,1766945,1512644,17,744,1,7414,6624087,6568572,147245,Business Owner,Married,Post-Graduate,Mortgaged,Business,0
CUST03600,41,2077016,2490704,13,630,2,15966,2130261,1122102,173084,Business Owner,Single,Doctorate,Rented,Education,0
CUST03601,48,1258696,4234747,1,704,5,352895,3678991,6264532,104891,Business Owner,Divorced,Post-Graduate,Mortgaged,Education,1
CUST03602,28,738265,1928978,23,490,3,6989,5895471,4058813,61522,Self-Employed,Divorced,Post-Graduate,Mortgaged,Education,1
CUST03603,48,1827572,154456,14,704,2,919,9304671,5027791,152297,Salaried,Single,High School,Mortgaged,Personal,0
CUST03604,61,590082,4430601,16,725,4,23076,699799,412378,49173,Business Owner,Single,High School,Owned,Car,1
CUST03605,27,2493680,1408790,25,666,1,4695,9367147,3484899,207806,Self-Employed,Divorced,Graduate,Owned,Personal,0
CUST03606,36,896859,3875487,17,361,1,18997,8180139,2935548,74738,Self-Employed,Single,Graduate,Rented,Personal,1
CUST03607,51,973199,3825751,27,611,5,11807,8474690,1229258,81099,Salaried,Divorced,High School,Rented,Business,1
CUST03608,48,1858292,2655139,17,726,4,13015,571581,6102612,154857,Salaried,Single,Post-Graduate,Mortgaged,Car,1
CUST03609,51,178706,484695,10,418,2,4039,5721704,4044738,14892,Salaried,Married,Post-Graduate,Owned,Medical,0
CUST03610,46,626738,4752763,27,772,5,14669,3749798,7024273,52228,Salaried,Single,High School,Rented,Home,1
CUST03611,51,445218,3420322,19,805,2,15001,9199859,1273354,37101,Salaried,Married,High School,Owned,Home,1
CUST03612,48,1068993,2150608,23,623,4,7792,7435038,5846258,89082,Business Owner,Single,Graduate,Rented,Medical,0
CUST03613,25,1450758,4276763,7,878,0,50913,6533101,4839830,120896,Salaried,Married,Graduate,Owned,Business,0
CUST03614,54,572083,3950960,20,814,4,16462,375116,5208334,47673,Salaried,Divorced,Post-Graduate,Mortgaged,Business,1
CUST03615,41,959005,3813502,17,579,1,18693,8763777,2479717,79917,Salaried,Single,Graduate,Owned,Home,0
CUST03616,24,1964666,881284,4,830,1,18360,4948306,5526443,163722,Salaried,Married,High School,Rented,Education,0
CUST03617,39,2358959,3182571,8,859,4,33151,1684526,1978450,196579,Salaried,Single,Post-Graduate,Owned,Education,0
CUST03618,40,183556,1464672,27,364,1,4520,8753096,6098115,15296,Self-Employed,Married,High School,Owned,Car,1
CUST03619,25,1624498,438497,17,898,2,2149,9051385,3528411,135374,Unemployed,Single,Graduate,Rented,Car,0
CUST03620,64,210355,1723523,23,302,5,6244,5016413,3836364,17529,Salaried,Married,Graduate,Owned,Education,1
CUST03621,31,1372834,564955,5,591,5,9415,6649747,4645702,114402,Salaried,Married,Post-Graduate,Rented,Home,1
CUST03622,36,2216756,573812,7,862,2,6831,6143288,674197,184729,Self-Employed,Divorced,Post-Graduate,Owned,Business,0
CUST03623,40,2025392,3648845,28,734,0,10859,3102411,2939712,168782,Salaried,Divorced,High School,Rented,Car,0
CUST03624,57,696894,2533933,13,460,1,16243,7508898,1626521,58074,Self-Employed,Single,Graduate,Mortgaged,Personal,0
CUST03625,53,757686,2019470,26,686,3,6472,9978353,7708827,63140,Self-Employed,Single,High School,Mortgaged,Medical,0
CUST03626,55,1991256,1001687,24,428,2,3478,9348520,3373759,165938,Business Owner,Single,Graduate,Owned,Home,0
CUST03627,32,2076385,3866228,10,442,4,32218,6900151,47181,173032,Salaried,Married,Graduate,Rented,Car,1
CUST03628,58,810129,3189220,28,846,5,9491,9093318,208218,67510,Unemployed,Single,Graduate,Owned,Personal,1
CUST03629,57,157193,2948652,23,328,3,10683,9281379,7302888,13099,Unemployed,Married,Post-Graduate,Rented,Business,1
CUST03630,41,1194472,990957,4,877,3,20644,155296,1254189,99539,Salaried,Widowed,High School,Mortgaged,Education,1
CUST03631,45,1606241,661562,3,572,3,18376,3450231,5472,133853,Salaried,Single,Graduate,Owned,Business,0
CUST03632,23,1192819,661355,4,338,1,13778,5568150,1697313,99401,Salaried,Single,Post-Graduate,Owned,Home,0
CUST03633,54,2346679,173955,22,772,3,658,5820599,1733695,195556,Salaried,Married,Graduate,Mortgaged,Medical,0
CUST03634,63,2061961,4846979,5,328,5,80782,7154072,639098,171830,Unemployed,Married,Graduate,Rented,Business,1
CUST03635,42,2001470,1870315,9,495,4,17317,5185077,7970809,166789,Salaried,Married,Post-Graduate,Owned,Medical,0
CUST03636,45,197678,3308289,13,444,4,21206,235995,473031,16473,Salaried,Single,Post-Graduate,Mortgaged,Home,1
CUST03637,43,2156040,4912107,4,770,5,102335,1740838,5824763,179670,Salaried,Divorced,Graduate,Owned,Home,1
CUST03638,25,1924823,4685432,10,538,2,39045,7649336,6695345,160401,Self-Employed,Married,Doctorate,Mortgaged,Education,0
CUST03639,48,1082843,1636882,20,692,2,6820,6964009,5155986,90236,Business Owner,Single,High School,Owned,Personal,0
CUST03640,53,1535440,2474944,29,343,5,7111,6549337,1058845,127953,Self-Employed,Single,High School,Mortgaged,Personal,1
CUST03641,61,2086961,2342051,14,717,2,13940,4465109,5808743,173913,Self-Employed,Married,Graduate,Mortgaged,Business,0
CUST03642,61,2279621,215342,22,726,4,815,2820120,2637706,189968,Salaried,Single,High School,Owned,Personal,0
CUST03643,43,1444454,3853054,16,471,3,20067,3149747,3266369,120371,Self-Employed,Divorced,Graduate,Mortgaged,Car,1
CUST03644,63,247160,2893137,14,828,0,17221,6920554,2010990,20596,Salaried,Married,High School,Owned,Home,1
CUST03645,44,1603569,1888693,16,582,1,9836,5092514,6273677,133630,Salaried,Divorced,Post-Graduate,Mortgaged,Business,0
CUST03646,49,1748043,2813727,28,700,1,8374,1395920,4638896,145670,Self-Employed,Married,Graduate,Rented,Personal,0
CUST03647,47,288451,3690501,2,409,1,153770,4054809,1238944,24037,Unemployed,Divorced,Post-Graduate,Owned,Medical,1
CUST03648,64,2070678,124129,15,859,4,689,8257968,3259650,172556,Self-Employed,Married,Graduate,Rented,Medical,0
CUST03649,53,623646,3247930,2,447,5,135330,6030497,6351139,51970,Self-Employed,Married,Graduate,Owned,Medical,1
CUST03650,27,2242588,4313148,26,675,5,13824,8675628,7500897,186882,Salaried,Single,Graduate,Rented,Business,1
CUST03651,25,1444766,3645706,18,353,1,16878,5135319,7516213,120397,Salaried,Married,High School,Rented,Business,0
CUST03652,39,906999,3118854,2,326,2,129952,4906221,1079269,75583,Salaried,Married,Post-Graduate,Rented,Car,1
CUST03653,44,288182,498194,19,376,1,2185,9498870,6861494,24015,Self-Employed,Married,High School,Mortgaged,Car,0
CUST03654,50,191984,3736221,13,865,0,23950,5123677,4530059,15998,Self-Employed,Married,Post-Graduate,Mortgaged,Home,1
CUST03655,42,1892399,3765814,2,426,3,156908,1438106,5917287,157699,Self-Employed,Single,Post-Graduate,Rented,Home,1
CUST03656,44,1036327,2494909,29,827,5,7169,4080338,3086027,86360,Salaried,Married,Post-Graduate,Rented,Business,1
CUST03657,61,2124133,2934168,11,648,0,22228,6511917,5211018,177011,Salaried,Single,Graduate,Owned,Education,0
CUST03658,36,691729,3111092,1,353,3,259257,3518806,2065721,57644,Salaried,Married,Post-Graduate,Mortgaged,Medical,1
CUST03659,43,2312851,649562,18,564,0,3007,4161434,4168737,192737,Self-Employed,Married,High School,Mortgaged,Personal,0
CUST03660,45,2362707,1324475,11,587,5,10033,8741692,1806351,196892,Unemployed,Divorced,Doctorate,Mortgaged,Education,0
CUST03661,42,389155,3971898,20,460,0,16549,4407905,3161786,32429,Salaried,Married,High School,Mortgaged,Home,1
CUST03662,63,1670297,4870100,5,662,2,81168,3118244,3263802,139191,Self-Employed,Divorced,Graduate,Rented,Medical,0
CUST03663,63,2358342,1386971,25,816,0,4623,1167468,6925228,196528,Self-Employed,Widowed,Post-Graduate,Owned,Medical,0
CUST03664,44,909268,2033564,13,830,2,13035,4088215,5026115,75772,Salaried,Single,Graduate,Rented,Home,0
CUST03665,41,308907,4580701,13,615,2,29363,7689554,5179668,25742,Salaried,Married,Post-Graduate,Owned,Car,1
CUST03666,47,2207381,853516,24,836,3,2963,3069171,2270119,183948,Salaried,Single,Graduate,Rented,Business,0
CUST03667,29,1264032,1342852,16,853,4,6994,4759252,3479202,105336,Unemployed,Divorced,Post-Graduate,Rented,Business,0
CUST03668,40,213621,326781,1,352,5,27231,6601456,3782556,17801,Salaried,Married,High School,Rented,Personal,1
CUST03669,31,2124589,1212109,17,680,2,5941,9286674,6278333,177049,Salaried,Single,Graduate,Rented,Business,0
CUST03670,28,1745322,3199051,19,763,5,14030,8160761,1484267,145443,Salaried,Single,High School,Owned,Business,0
CUST03671,26,315231,1773712,10,309,2,14780,2933404,432830,26269,Self-Employed,Married,High School,Rented,Personal,1
CUST03672,47,757883,4917730,6,662,0,68301,1726924,4040830,63156,Salaried,Single,Post-Graduate,Rented,Personal,1
CUST03673,22,192843,4463198,2,848,3,185966,6740729,6504954,16070,Unemployed,Married,Post-Graduate,Owned,Personal,1
CUST03674,49,2393949,4484182,25,460,4,14947,2621950,5868795,199495,Salaried,Divorced,Post-Graduate,Rented,Medical,1
CUST03675,40,208627,3645538,1,814,1,303794,3985322,6485617,17385,Unemployed,Single,Post-Graduate,Owned,Business,1
CUST03676,37,2020256,3525417,17,860,3,17281,1130666,3147460,168354,Self-Employed,Married,Post-Graduate,Rented,Car,0
CUST03677,55,1351485,2572854,25,681,2,8576,7766277,1828235,112623,Salaried,Married,Graduate,Owned,Car,0
CUST03678,45,1519421,4953459,11,677,0,37526,1685821,5279356,126618,Self-Employed,Single,Graduate,Owned,Home,0
CUST03679,53,2057252,522061,6,620,2,7250,3868442,301372,171437,Self-Employed,Single,Post-Graduate,Rented,Home,0
CUST03680,52,2253167,3627999,21,545,2,14396,4128128,7163989,187763,Salaried,Single,Post-Graduate,Rented,Education,0
CUST03681,23,449452,744267,19,571,2,3264,521472,5709663,37454,Self-Employed,Widowed,Graduate,Mortgaged,Car,1
CUST03682,31,192012,1729293,1,613,5,144107,7781175,4031154,16001,Self-Employed,Married,Graduate,Owned,Business,1
CUST03683,46,442834,1315321,17,589,2,6447,6223587,1598973,36902,Self-Employed,Married,High School,Rented,Education,0
CUST03684,63,1753893,3026029,1,795,3,252169,5462017,2002671,146157,Self-Employed,Married,Post-Graduate,Owned,Medical,0
CUST03685,28,1486085,3946694,12,761,0,27407,1861953,7968174,123840,Self-Employed,Single,Graduate,Owned,Car,0
CUST03686,26,347125,444844,9,508,1,4118,627435,116379,28927,Salaried,Single,Graduate,Rented,Education,0
CUST03687,62,700594,3028181,25,607,5,10093,650689,73459,58382,Salaried,Single,Post-Graduate,Rented,Medical,1
CUST03688,63,1412512,1147328,29,429,5,3296,6288358,2779682,117709,Salaried,Married,Doctorate,Rented,Car,1
CUST03689,29,1866002,431142,21,405,5,1710,7503174,1838335,155500,Self-Employed,Married,Graduate,Mortgaged,Education,0
CUST03690,39,957003,2116824,22,521,0,8018,7973511,5413900,79750,Salaried,Married,Post-Graduate,Mortgaged,Personal,0
CUST03691,48,2381643,2927267,1,334,5,243938,8023521,336499,198470,Salaried,Single,Post-Graduate,Mortgaged,Car,1
CUST03692,30,2481775,1049001,2,812,1,43708,3995331,6284165,206814,Self-Employed,Married,High School,Owned,Personal,0
CUST03693,36,1950178,1979530,23,375,0,7172,113266,6261245,162514,Salaried,Married,Graduate,Owned,Personal,1
CUST03694,38,1217521,4769830,13,495,0,30575,2525624,1835964,101460,Salaried,Married,Graduate,Rented,Personal,0
CUST03695,49,2211362,1766435,15,450,4,9813,7891587,4629563,184280,Business Owner,Single,High School,Rented,Home,0
CUST03696,35,1860558,4978207,21,424,3,19754,7662983,5373473,155046,Self-Employed,Married,Graduate,Rented,Medical,0
CUST03697,39,1371027,4179397,11,520,3,31662,5124606,6787476,114252,Self-Employed,Single,High School,Rented,Business,1
CUST03698,34,1192884,1886132,20,731,5,7858,336671,5860392,99407,Salaried,Single,Post-Graduate,Mortgaged,Car,1
CUST03699,54,2105950,2905199,22,835,0,11004,7789466,7700906,175495,Self-Employed,Married,Graduate,Rented,Home,0
CUST03700,28,1459119,3560683,7,413,0,42389,8174351,927745,121593,Unemployed,Married,High School,Mortgaged,Personal,0
CUST03701,31,579822,2349981,20,443,5,9791,2347140,4880918,48318,Salaried,Married,Graduate,Mortgaged,Car,1
CUST03702,32,2499559,2068465,5,581,3,34474,8062169,6182235,208296,Salaried,Single,Post-Graduate,Rented,Car,0
CUST03703,60,310617,1682195,10,491,4,14018,6433468,1854028,25884,Salaried,Single,Doctorate,Owned,Personal,1
CUST03704,62,1783279,740570,23,779,3,2683,8891060,1747388,148606,Business Owner,Married,Post-Graduate,Rented,Car,0
CUST03705,43,1691489,173401,29,433,0,498,6302248,741195,140957,Salaried,Married,Post-Graduate,Rented,Education,0
CUST03706,28,1527493,1717787,2,541,3,71574,985851,7885913,127291,Salaried,Married,Graduate,Mortgaged,Car,1
CUST03707,54,272088,3988908,19,627,5,17495,6505024,6930088,22674,Salaried,Married,Graduate,Mortgaged,Medical,1
CUST03708,43,1307601,1205189,17,528,0,5907,1166808,967866,108966,Unemployed,Single,Graduate,Owned,Medical,0
CUST03709,58,2247331,939752,18,670,0,4350,2661404,1960906,187277,Salaried,Married,Post-Graduate,Owned,Business,0
CUST03710,37,712909,1673987,23,779,2,6065,8740252,3665771,59409,Salaried,Widowed,High School,Mortgaged,Home,0
CUST03711,64,1775152,3014532,3,619,2,83737,9684260,7148145,147929,Unemployed,Single,Graduate,Rented,Medical,0
CUST03712,56,2168071,1114357,22,574,3,4221,4805101,6605225,180672,Salaried,Married,Graduate,Mortgaged,Car,0
CUST03713,31,2387671,1140954,9,871,0,10564,2982075,7026300,198972,Self-Employed,Single,Post-Graduate,Rented,Business,0
CUST03714,53,1362927,606108,5,889,5,10101,3984151,6626316,113577,Salaried,Single,Graduate,Owned,Personal,0
CUST03715,34,887633,1694437,13,897,0,10861,2497455,5022473,73969,Salaried,Married,Post-Graduate,Owned,Business,0
CUST03716,37,1794101,1126270,1,309,1,93855,5775606,2327963,149508,Salaried,Married,Post-Graduate,Owned,Education,0
CUST03717,32,1292472,4164469,19,802,5,18265,4269719,4831966,107706,Salaried,Single,High School,Rented,Car,1
CUST03718,51,1623655,4533497,17,839,2,22223,679972,3953260,135304,Salaried,Married,Post-Graduate,Owned,Medical,1
CUST03719,33,1892972,1884007,15,783,3,10466,6139467,7606611,157747,Self-Employed,Single,Graduate,Rented,Education,0
CUST03720,49,1819167,471847,1,749,2,39320,6472790,3587728,151597,Salaried,Married,Graduate,Mortgaged,Medical,0
CUST03721,47,720530,482901,23,519,1,1749,6703393,6048120,60044,Salaried,Married,Graduate,Owned,Home,0
CUST03722,54,1926122,1657545,2,735,3,69064,9456323,1388164,160510,Self-Employed,Single,Graduate,Mortgaged,Medical,0
CUST03723,64,1423344,2344173,8,647,4,24418,7070281,5466254,118612,Unemployed,Married,Graduate,Owned,Business,0
CUST03724,22,2337302,2665826,12,798,0,18512,6789626,3630481,194775,Salaried,Married,Post-Graduate,Rented,Car,0
CUST03725,64,1699748,1555467,21,510,5,6172,2195141,3485926,141645,Salaried,Divorced,Post-Graduate,Owned,Business,1
CUST03726,26,2245747,1804837,12,745,1,12533,4698897,6037968,187145,Salaried,Single,Graduate,Mortgaged,Home,0
CUST03727,44,2450200,1454242,24,770,5,5049,4401474,3871987,204183,Business Owner,Married,High School,Owned,Home,0
CUST03728,36,2487094,2612155,28,800,5,7774,9612721,471332,207257,Business Owner,Single,High School,Rented,Car,0
CUST03729,49,1900052,3499657,23,403,5,12679,4796172,3111368,158337,Salaried,Single,Graduate,Mortgaged,Car,1
CUST03730,53,1553644,264929,2,818,3,11038,6916312,7705993,129470,Salaried,Single,Doctorate,Owned,Personal,0
CUST03731,58,427607,2419629,23,430,5,8766,5452399,7570568,35633,Salaried,Married,Graduate,Mortgaged,Business,1
CUST03732,39,1057391,3260419,6,862,5,45283,663908,4914817,88115,Self-Employed,Single,Post-Graduate,Rented,Home,1
CUST03733,62,1267033,3379135,26,323,3,10830,9362674,5104953,105586,Salaried,Divorced,Doctorate,Rented,Medical,1
CUST03734,35,1984234,2839220,29,434,5,8158,6733460,2102823,165352,Salaried,Married,Graduate,Owned,Medical,1
CUST03735,30,1533611,2649451,3,665,2,73595,2380890,6242908,127800,Salaried,Married,Graduate,Mortgaged,Personal,1
CUST03736,38,1181957,3420783,3,626,5,95021,690989,4795351,98496,Self-Employed,Single,Post-Graduate,Mortgaged,Business,1
CUST03737,44,494564,1922953,21,713,5,7630,9374576,297597,41213,Unemployed,Single,Graduate,Owned,Home,1
CUST03738,50,1832140,2857926,5,542,3,47632,3141575,7595443,152678,Salaried,Married,High School,Mortgaged,Medical,0
CUST03739,57,1165120,1631346,29,302,0,4687,269567,6819410,97093,Business Owner,Married,Post-Graduate,Mortgaged,Education,1
CUST03740,31,234935,2217622,16,670,1,11550,6195266,652754,19577,Salaried,Married,Post-Graduate,Rented,Education,1
CUST03741,35,817413,664222,17,606,1,3255,262212,3341106,68117,Self-Employed,Married,Post-Graduate,Mortgaged,Personal,1
CUST03742,62,2216729,1783200,25,605,3,5944,2234598,5940191,184727,Business Owner,Married,Post-Graduate,Owned,Medical,0
CUST03743,40,429244,753305,7,526,2,8967,8944877,5897282,35770,Self-Employed,Married,Post-Graduate,Rented,Education,0
CUST03744,32,1104441,1170854,17,834,4,5739,478072,1338687,92036,Salaried,Single,Graduate,Mortgaged,Car,0
CUST03745,64,1353298,2126346,29,775,1,6110,7546548,320202,112774,Salaried,Married,Graduate,Mortgaged,Car,0
CUST03746,41,346794,2525335,1,408,0,210444,6217741,7877067,28899,Business Owner,Married,Post-Graduate,Owned,Business,0
CUST03747,64,539237,4712852,6,323,3,65456,3128937,7150985,44936,Self-Employed,Married,High School,Rented,Education,1
CUST03748,61,2359638,178959,5,408,0,2982,2929987,5907024,196636,Salaried,Married,Post-Graduate,Owned,Education,0
CUST03749,60,1537762,4497883,10,329,5,37482,4801152,5278764,128146,Self-Employed,Married,Graduate,Owned,Personal,1
CUST03750,47,644299,1674792,4,725,0,34891,5376345,5491888,53691,Salaried,Married,Post-Graduate,Owned,Medical,0
CUST03751,56,548787,3634617,5,672,2,60576,8914320,3660006,45732,Salaried,Single,Post-Graduate,Owned,Home,0
CUST03752,63,1150477,3405467,25,577,5,11351,2685341,5475035,95873,Business Owner,Single,Post-Graduate,Rented,Home,1
CUST03753,33,1850448,4855693,14,654,3,28902,5943362,2428464,154204,Salaried,Single,High School,Rented,Personal,1
CUST03754,23,1866428,588149,11,785,4,4455,6895645,669509,155535,Salaried,Single,Graduate,Mortgaged,Personal,0
CUST03755,35,608817,4837573,13,798,2,31010,225061,2488193,50734,Salaried,Married,Graduate,Mortgaged,Education,1
CUST03756,49,1855223,361311,29,560,4,1038,8967443,2350979,154601,Unemployed,Married,High School,Rented,Car,0
CUST03757,45,2256269,4392668,15,655,4,24403,9920518,2427184,188022,Salaried,Single,Graduate,Owned,Medical,0
CUST03758,25,681893,3278284,14,646,3,19513,956991,3767525,56824,Salaried,Divorced,Doctorate,Mortgaged,Home,1
CUST03759,46,211591,2435475,27,869,0,7516,2692802,1048206,17632,Salaried,Divorced,Doctorate,Owned,Personal,1
CUST03760,29,2403392,2018984,2,756,5,84124,7884554,3262034,200282,Salaried,Married,Graduate,Rented,Education,0
CUST03761,43,1376693,513304,14,488,0,3055,8111243,3710476,114724,Salaried,Married,Post-Graduate,Owned,Education,0
CUST03762,46,1974670,4019033,22,832,2,15223,1645341,1504791,164555,Salaried,Single,Graduate,Mortgaged,Home,0
CUST03763,49,902246,3653359,15,538,3,20296,9182868,3627890,75187,Salaried,Married,Graduate,Rented,Medical,1
CUST03764,39,853046,4689690,26,754,4,15031,3361156,5394673,71087,Self-Employed,Married,Post-Graduate,Mortgaged,Car,1
CUST03765,39,678929,3665575,26,886,3,11748,3006192,3295493,56577,Salaried,Single,Post-Graduate,Mortgaged,Personal,1
CUST03766,51,659999,4787350,10,785,2,39894,3637916,19957,54999,Salaried,Married,Post-Graduate,Mortgaged,Business,1
CUST03767,54,1258266,4439691,24,364,2,15415,6748347,5624753,104855,Self-Employed,Married,High School,Mortgaged,Medical,1
CUST03768,56,398592,2156684,8,423,5,22465,2142468,4628274,33216,Salaried,Single,Graduate,Rented,Home,1
CUST03769,36,2128745,3533420,7,777,2,42064,5474342,3358518,177395,Salaried,Married,High School,Mortgaged,Business,0
CUST03770,40,1351383,1358419,29,374,5,3903,844819,182765,112615,Unemployed,Married,Post-Graduate,Owned,Personal,1
CUST03771,36,2300901,3986397,1,306,0,332199,1554615,712029,191741,Self-Employed,Single,Graduate,Mortgaged,Medical,0
CUST03772,44,1330146,3062638,11,454,3,23201,7708016,635215,110845,Self-Employed,Single,Graduate,Owned,Home,0
CUST03773,27,862634,2229613,19,591,4,9779,3898374,6816476,71886,Salaried,Single,Graduate,Rented,Business,1
CUST03774,40,1360048,3159554,12,377,4,21941,7956912,2470510,113337,Unemployed,Married,High School,Rented,Medical,1
CUST03775,30,512472,1422075,25,392,2,4740,7403065,3400806,42706,Salaried,Married,Graduate,Mortgaged,Business,0
CUST03776,44,2086617,3130607,8,503,4,32610,9968649,5568250,173884,Salaried,Single,Post-Graduate,Rented,Business,1
CUST03777,58,1842330,2400318,17,659,2,11766,1461952,5242285,153527,Business Owner,Married,Graduate,Rented,Business,0
CUST03778,64,495808,1642804,4,626,3,34225,9352582,515163,41317,Salaried,Married,Graduate,Rented,Education,0
CUST03779,41,1517697,4878868,7,778,5,58081,8930780,7439170,126474,Self-Employed,Married,Doctorate,Rented,Business,0
CUST03780,24,1414285,365571,6,888,4,5077,4402959,2120864,117857,Salaried,Married,High School,Owned,Business,0
CUST03781,31,622387,3800610,22,319,4,14396,1439359,6139320,51865,Salaried,Married,Graduate,Rented,Business,1
CUST03782,26,436904,1089523,6,712,5,15132,1420541,6656820,36408,Self-Employed,Single,Post-Graduate,Rented,Personal,1
CUST03783,54,1936695,1151474,20,398,1,4797,5156908,4310390,161391,Salaried,Married,Graduate,Mortgaged,Business,0
CUST03784,64,770498,814376,11,516,3,6169,205930,1296988,64208,Self-Employed,Single,Doctorate,Mortgaged,Personal,1
CUST03785,45,1369486,556925,17,505,3,2730,1047245,4360178,114123,Salaried,Married,High School,Owned,Education,1
CUST03786,29,732120,663306,26,720,4,2125,5362023,1956442,61010,Salaried,Widowed,Post-Graduate,Owned,Car,0
CUST03787,22,1685478,4171737,26,453,0,13370,5675502,6796248,140456,Self-Employed,Married,Graduate,Rented,Education,0
CUST03788,63,265122,4635102,1,836,4,386258,8619607,6036001,22093,Salaried,Single,Graduate,Rented,Business,1
CUST03789,35,994446,2944654,23,529,1,10669,9746916,6589058,82870,Self-Employed,Single,Graduate,Rented,Home,0
CUST03790,26,1435591,118545,28,789,2,352,2752247,6626672,119632,Salaried,Divorced,Graduate,Mortgaged,Business,0
CUST03791,29,1181879,4329264,20,871,4,18038,3369560,1429221,98489,Salaried,Single,High School,Owned,Personal,0
CUST03792,32,1589120,3029195,6,606,1,42072,2069519,242532,132426,Salaried,Divorced,Graduate,Mortgaged,Home,0
CUST03793,50,573803,2628315,20,360,0,10951,2323653,5012008,47816,Self-Employed,Single,Graduate,Owned,Car,0
CUST03794,60,1188239,4739995,19,720,4,20789,4445638,4911280,99019,Salaried,Married,Graduate,Mortgaged,Home,1
CUST03795,33,1927812,2078498,20,553,1,8660,9931928,6925725,160651,Salaried,Single,High School,Rented,Medical,0
CUST03796,51,933962,1832262,13,503,4,11745,8945974,5102660,77830,Unemployed,Single,High School,Mortgaged,Education,1
CUST03797,24,518976,3910099,16,574,5,20365,9139348,6426459,43248,Salaried,Single,Graduate,Owned,Car,1
CUST03798,22,2142212,2659135,19,479,2,11662,4571570,2789600,178517,Self-Employed,Single,Post-Graduate,Rented,Home,1
CUST03799,24,1979011,3598559,14,468,4,21419,6607327,997728,164917,Salaried,Single,Doctorate,Owned,Personal,0
CUST03800,61,1748966,3494129,23,893,1,12659,7254857,303722,145747,Salaried,Single,High School,Rented,Education,0
CUST03801,47,2025318,4205238,21,467,5,16687,2506993,3485542,168776,Salaried,Married,Doctorate,Mortgaged,Business,1
CUST03802,56,1980225,1619989,9,575,1,14999,4679009,15453,165018,Salaried,Married,Post-Graduate,Mortgaged,Business,0
CUST03803,22,1904512,406544,18,728,5,1882,5546848,4145864,158709,Self-Employed,Single,Post-Graduate,Rented,Car,0
CUST03804,22,1347159,2414377,22,432,4,9145,3792292,3206092,112263,Salaried,Married,Graduate,Owned,Business,1
CUST03805,58,195643,3255384,15,670,1,18085,4783708,2062476,16303,Salaried,Married,Graduate,Mortgaged,Home,1
CUST03806,26,1553133,4094659,21,837,4,16248,4465029,4729018,129427,Self-Employed,Widowed,Post-Graduate,Rented,Education,1
CUST03807,28,791863,1371920,4,787,3,28581,705327,5435995,65988,Self-Employed,Married,Graduate,Rented,Personal,1
CUST03808,44,1967254,3739510,12,317,4,25968,7707165,317570,163937,Salaried,Married,Post-Graduate,Owned,Car,0
CUST03809,48,1250593,4169376,21,543,2,16545,9013966,3809811,104216,Salaried,Widowed,Post-Graduate,Mortgaged,Personal,0
CUST03810,31,2277399,4051824,26,300,1,12986,7568619,7517439,189783,Salaried,Divorced,Graduate,Rented,Personal,1
CUST03811,41,1549529,4049952,19,664,4,17762,9343346,2380069,129127,Business Owner,Divorced,Graduate,Rented,Business,0
CUST03812,51,1443752,4937333,20,495,0,20572,4374405,6248554,120312,Self-Employed,Married,Graduate,Owned,Business,0
CUST03813,41,2310171,3322686,10,836,2,27689,652790,2694916,192514,Self-Employed,Married,Post-Graduate,Rented,Medical,0
CUST03814,38,1266400,2210589,21,405,0,8772,2749412,2173302,105533,Salaried,Divorced,Post-Graduate,Owned,Medical,0
CUST03815,25,1032674,3748101,11,810,0,28394,8554596,6853346,86056,Salaried,Married,Post-Graduate,Mortgaged,Education,0
CUST03816,41,1023062,1220845,2,505,0,50868,1477357,2851502,85255,Salaried,Single,High School,Mortgaged,Business,0
CUST03817,56,2206304,3033783,8,852,0,31601,5516643,6929598,183858,Salaried,Widowed,Doctorate,Mortgaged,Education,0
CUST03818,48,1927243,2885020,18,419,5,13356,113559,5237102,160603,Salaried,Married,Graduate,Rented,Medical,1
CUST03819,60,534058,3349693,28,461,4,9969,3305449,6499005,44504,Salaried,Single,Graduate,Rented,Education,1
CUST03820,27,1307350,2135287,15,510,5,11862,1221250,6518278,108945,Salaried,Single,Graduate,Rented,Personal,1
CUST03821,22,1022509,3712375,25,891,0,12374,1222753,7310950,85209,Salaried,Divorced,High School,Mortgaged,Medical,0
CUST03822,45,1669746,403592,23,740,5,1462,1730087,4438447,139145,Salaried,Single,Graduate,Rented,Home,1
CUST03823,29,272862,3761170,17,789,3,18437,5428773,7618452,22738,Salaried,Married,High School,Rented,Business,1
CUST03824,47,1828188,4068846,24,631,4,14127,6930384,477720,152349,Self-Employed,Single,High School,Rented,Medical,0
CUST03825,60,1894849,4434438,12,776,5,30794,2952858,3934623,157904,Self-Employed,Single,High School,Rented,Education,1
CUST03826,36,682468,4617816,13,676,1,29601,8197367,3172441,56872,Salaried,Married,High School,Mortgaged,Personal,0
CUST03827,45,504033,1779142,22,700,4,6739,3980543,773628,42002,Self-Employed,Widowed,Doctorate,Owned,Car,1
CUST03828,51,1624706,279610,19,802,3,1226,7395762,6986557,135392,Salaried,Married,Graduate,Rented,Medical,0
CUST03829,28,753997,3284732,16,889,2,17107,5344006,6400568,62833,Salaried,Single,High School,Rented,Home,0
CUST03830,60,2362708,496595,13,645,2,3183,7260004,5989460,196892,Business Owner,Single,Graduate,Owned,Medical,0
CUST03831,30,1971798,1437437,29,564,1,4130,9789200,5067455,164316,Salaried,Single,Graduate,Mortgaged,Medical,0
CUST03832,56,2394280,3527257,2,691,1,146969,9943774,4815601,199523,Self-Employed,Divorced,Graduate,Mortgaged,Car,0
CUST03833,50,1406584,2993115,2,744,5,124713,5913162,3044137,117215,Salaried,Married,Graduate,Mortgaged,Medical,1
CUST03834,28,2355430,3052899,14,891,4,18172,9629717,5466977,196285,Salaried,Divorced,Post-Graduate,Rented,Car,0
CUST03835,53,182835,3768316,1,719,3,314026,7043877,7804265,15236,Salaried,Divorced,High School,Mortgaged,Personal,1
CUST03836,30,831347,865382,10,872,4,7211,2761587,2009997,69278,Salaried,Married,Graduate,Rented,Business,0
CUST03837,47,155252,3965455,17,739,2,19438,9359261,2709481,12937,Salaried,Single,Doctorate,Rented,Home,1
CUST03838,63,1742260,2953355,12,871,1,20509,1536497,874160,145188,Salaried,Widowed,Graduate,Owned,Education,0
CUST03839,62,1350052,2129616,6,750,5,29578,4735255,7261071,112504,Salaried,Single,High School,Owned,Personal,0
CUST03840,59,826024,2345121,9,830,5,21714,1617652,4240629,68835,Salaried,Divorced,Graduate,Owned,Car,1
CUST03841,43,866645,2568165,18,414,1,11889,7865568,4740675,72220,Salaried,Married,Post-Graduate,Rented,Personal,0
CUST03842,46,1662827,2774281,28,895,4,8256,8966506,2131821,138568,Salaried,Single,High School,Mortgaged,Personal,0
CUST03843,34,573731,1702556,23,509,2,6168,8205899,293135,47810,Salaried,Married,Graduate,Rented,Business,0
CUST03844,61,1359210,1154028,16,778,4,6010,1113233,6438889,113267,Salaried,Married,Graduate,Owned,Car,1
CUST03845,42,1591945,886729,5,535,0,14778,2780936,6882680,132662,Self-Employed,Married,Graduate,Mortgaged,Medical,0
CUST03846,55,713950,1736496,8,574,2,18088,3467427,2728631,59495,Unemployed,Married,Graduate,Owned,Personal,0
CUST03847,37,686825,1339561,13,748,0,8586,1244843,6097695,57235,Salaried,Single,High School,Mortgaged,Personal,0
CUST03848,53,982436,2604881,8,624,4,27134,5350430,4576193,81869,Salaried,Married,Graduate,Rented,Personal,1
CUST03849,31,1541686,4565078,20,729,2,19021,436781,5139900,128473,Business Owner,Married,High School,Rented,Business,1
CUST03850,53,747826,585081,11,347,1,4432,6173159,1382112,62318,Self-Employed,Divorced,Doctorate,Owned,Personal,0
CUST03851,23,1041274,1579399,25,800,4,5264,5789530,4916697,86772,Unemployed,Divorced,Graduate,Rented,Education,0
CUST03852,26,1427094,293301,8,545,5,3055,5997753,1289212,118924,Self-Employed,Married,High School,Rented,Business,1
CUST03853,37,588853,4875058,15,773,2,27083,9137041,1750683,49071,Self-Employed,Widowed,High School,Rented,Medical,1
CUST03854,42,1486981,3518791,21,471,4,13963,7885436,2854532,123915,Salaried,Married,Post-Graduate,Owned,Car,1
CUST03855,52,474546,1245316,6,657,4,17296,2670964,1715889,39545,Salaried,Single,Post-Graduate,Rented,Personal,0
CUST03856,37,484963,2100500,23,652,2,7610,5759763,7273017,40413,Self-Employed,Single,Graduate,Owned,Business,0
CUST03857,22,706622,3629201,17,383,4,17790,8044333,233379,58885,Salaried,Married,High School,Mortgaged,Medical,1
CUST03858,35,823300,4790721,19,584,0,21011,8525360,7232090,68608,Self-Employed,Married,Graduate,Rented,Medical,1
CUST03859,40,220105,2890821,14,681,5,17207,6467539,1233099,18342,Unemployed,Divorced,Graduate,Rented,Personal,1
CUST03860,45,2409775,1391006,28,801,2,4139,937839,6961699,200814,Salaried,Married,High School,Rented,Business,1
CUST03861,49,874098,3499506,23,832,0,12679,4402793,2691850,72841,Salaried,Single,Graduate,Mortgaged,Home,0
CUST03862,32,2040853,3444446,6,530,5,47839,8603757,7369198,170071,Business Owner,Married,Post-Graduate,Owned,Medical,1
CUST03863,48,2269593,3237591,17,685,4,15870,831218,4325799,189132,Business Owner,Married,Graduate,Rented,Business,1
CUST03864,49,2031507,277541,27,404,4,856,5941031,3917214,169292,Business Owner,Married,High School,Mortgaged,Home,0
CUST03865,55,2103700,3548405,9,837,0,32855,5452157,1046468,175308,Self-Employed,Married,High School,Rented,Medical,0
CUST03866,44,385177,147141,16,820,4,766,2307032,3468254,32098,Unemployed,Married,Graduate,Owned,Personal,0
CUST03867,56,1024208,4532457,22,899,4,17168,3506530,4460577,85350,Salaried,Married,Graduate,Owned,Education,0
CUST03868,31,1903535,4415695,8,591,5,45996,9779657,7867335,158627,Salaried,Married,Post-Graduate,Mortgaged,Home,1
CUST03869,52,1503209,2839174,16,515,2,14787,5996798,2106560,125267,Salaried,Single,Graduate,Owned,Car,1
CUST03870,23,163299,3248014,17,754,5,15921,9403369,662515,13608,Salaried,Married,Graduate,Owned,Medical,1
CUST03871,26,1483297,385851,6,733,4,5359,4766059,2031688,123608,Business Owner,Single,Graduate,Mortgaged,Personal,0
CUST03872,59,2040605,4378407,6,427,1,60811,8472685,1944325,170050,Salaried,Married,Doctorate,Mortgaged,Home,0
CUST03873,42,2097533,1390585,17,623,1,6816,6236420,7583553,174794,Self-Employed,Married,Post-Graduate,Rented,Car,0
CUST03874,48,1052136,1347422,6,686,5,18714,9124801,1202044,87678,Salaried,Single,Graduate,Owned,Home,0
CUST03875,47,705281,3555683,28,572,3,10582,3334792,7938756,58773,Self-Employed,Married,Post-Graduate,Rented,Education,1
CUST03876,51,877454,4697475,16,522,0,24466,3883203,904964,73121,Salaried,Married,High School,Mortgaged,Business,0
CUST03877,32,846510,2495669,21,443,0,9903,500339,6491508,70542,Salaried,Married,High School,Owned,Medical,1
CUST03878,29,964454,2562202,12,546,4,17793,2355268,3316980,80371,Salaried,Married,Graduate,Owned,Business,1
CUST03879,23,859195,2765332,9,447,1,25604,1471244,435135,71599,Salaried,Single,Post-Graduate,Mortgaged,Home,0
CUST03880,59,1224410,1491139,15,480,1,8284,1910748,4910819,102034,Salaried,Single,Post-Graduate,Mortgaged,Personal,0
CUST03881,31,246044,3003073,21,410,3,11916,3152962,5829053,20503,Self-Employed,Married,Post-Graduate,Rented,Car,1
CUST03882,46,796718,4806873,12,525,5,33381,8750223,6709134,66393,Salaried,Married,Post-Graduate,Mortgaged,Education,1
CUST03883,41,889516,1944014,9,678,2,18000,3847478,1427405,74126,Unemployed,Married,High School,Rented,Business,0
CUST03884,28,510350,3876774,5,526,3,64612,8283650,4939048,42529,Business Owner,Single,Doctorate,Mortgaged,Medical,1
CUST03885,39,2213097,3880782,16,385,4,20212,8165210,4553770,184424,Salaried,Single,High School,Owned,Medical,1
CUST03886,25,1737389,4261624,20,780,3,17756,9811289,3540037,144782,Salaried,Married,Doctorate,Rented,Business,0
CUST03887,29,2293170,3631497,16,558,4,18914,5135345,7149709,191097,Salaried,Divorced,High School,Rented,Education,1
CUST03888,28,1469703,4611167,8,650,1,48032,8497695,3385360,122475,Salaried,Married,High School,Rented,Home,0
CUST03889,57,407643,3585782,8,613,3,37351,4252322,3041565,33970,Salaried,Married,Graduate,Rented,Business,1
CUST03890,46,2275852,4881972,11,603,0,36984,6360422,4202376,189654,Business Owner,Married,High School,Rented,Home,0
CUST03891,61,1226437,3590785,11,562,4,27202,8128180,7430733,102203,Unemployed,Married,High School,Rented,Car,1
CUST03892,40,1758416,4192696,6,753,4,58231,1508589,6938817,146534,Salaried,Married,Post-Graduate,Owned,Business,1
CUST03893,30,1046169,4457272,28,812,4,13265,669502,5666977,87180,Self-Employed,Single,Post-Graduate,Rented,Business,1
CUST03894,48,1311569,4917855,10,842,0,40982,1731990,646698,109297,Business Owner,Married,Graduate,Rented,Home,0
CUST03895,61,1299994,2997194,8,565,5,31220,7238985,2408094,108332,Salaried,Single,Graduate,Rented,Business,1
CUST03896,44,819054,3565609,18,504,2,16507,4789625,120979,68254,Business Owner,Single,Graduate,Rented,Medical,0
CUST03897,22,1453590,4837007,24,349,0,16795,2872001,759337,121132,Unemployed,Single,High School,Owned,Home,0
CUST03898,35,1874270,1932187,14,565,3,11501,7701175,6653417,156189,Unemployed,Single,Graduate,Owned,Personal,0
CUST03899,61,197608,640003,20,895,3,2666,249346,6522810,16467,Self-Employed,Single,Graduate,Mortgaged,Car,1
CUST03900,44,457638,4427172,3,456,2,122977,1815426,820157,38136,Salaried,Single,Post-Graduate,Mortgaged,Personal,1
CUST03901,62,2129269,3178196,16,806,4,16553,4751442,3664475,177439,Salaried,Single,Graduate,Rented,Car,0
CUST03902,43,1488654,2170994,2,753,3,90458,9163623,2233788,124054,Unemployed,Single,Post-Graduate,Rented,Home,0
CUST03903,22,2438110,3598786,4,696,1,74974,7515064,581547,203175,Salaried,Single,Graduate,Owned,Personal,0
CUST03904,59,1570979,211640,18,639,3,979,6869528,3051848,130914,Salaried,Single,Post-Graduate,Rented,Medical,0
CUST03905,54,1685501,2412241,6,753,1,33503,7137694,824978,140458,Salaried,Married,Post-Graduate,Rented,Car,0
CUST03906,52,2262681,1364084,2,359,0,56836,3191859,5888426,188556,Salaried,Married,Graduate,Rented,Personal,0
CUST03907,63,1702062,1476631,6,376,1,20508,4533829,7735691,141838,Salaried,Single,High School,Owned,Education,0
CUST03908,30,924612,4848120,23,417,5,17565,8869019,3380294,77051,Business Owner,Married,Post-Graduate,Owned,Business,1
CUST03909,60,1390752,2772685,18,759,3,12836,7322840,1944015,115896,Salaried,Married,Graduate,Mortgaged,Personal,0
CUST03910,32,703690,745138,12,559,1,5174,6026440,3996515,58640,Salaried,Single,Graduate,Rented,Education,0
CUST03911,63,935542,1855501,29,424,2,5331,920929,7732729,77961,Salaried,Married,Graduate,Mortgaged,Home,1
CUST03912,30,1748661,1251127,12,326,5,8688,7358268,1276825,145721,Self-Employed,Single,High School,Rented,Business,1
CUST03913,45,500097,4550164,26,593,3,14583,3720500,5449276,41674,Self-Employed,Married,Graduate,Mortgaged,Personal,1
CUST03914,55,1729148,1491790,11,539,4,11301,3915877,745123,144095,Business Owner,Married,Graduate,Owned,Car,0
CUST03915,25,1522548,1816122,1,406,3,151343,6771651,2403928,126879,Business Owner,Married,Graduate,Owned,Home,0
CUST03916,24,874702,1704069,4,313,5,35501,3996150,3514738,72891,Salaried,Single,High School,Rented,Car,1
CUST03917,58,255612,919749,8,752,3,9580,5771616,3069822,21301,Business Owner,Single,Post-Graduate,Rented,Personal,0
CUST03918,24,1805868,3911892,6,767,2,54331,224913,1428716,150489,Salaried,Divorced,Graduate,Owned,Business,1
CUST03919,48,2087581,2903126,5,447,1,48385,1931629,6216307,173965,Self-Employed,Married,Post-Graduate,Rented,Personal,0
CUST03920,62,1865674,2213041,12,596,0,15368,5425230,5384837,155472,Self-Employed,Married,High School,Owned,Home,0
CUST03921,48,1139142,2010163,29,451,4,5776,9581429,3483319,94928,Salaried,Divorced,Graduate,Owned,Car,1
CUST03922,42,1685807,3350089,6,545,5,46529,7631888,3349417,140483,Salaried,Married,High School,Mortgaged,Car,0
CUST03923,39,1124672,524695,7,365,3,6246,4233954,598006,93722,Self-Employed,Single,Post-Graduate,Rented,Home,0
CUST03924,49,991911,4662260,29,867,2,13397,9691362,5284098,82659,Salaried,Married,Graduate,Rented,Home,0
CUST03925,46,918851,2845969,6,732,0,39527,2826587,1838513,76570,Self-Employed,Single,Graduate,Owned,Home,0
CUST03926,43,645504,1176902,25,840,3,3923,8933045,2408655,53792,Salaried,Married,Doctorate,Mortgaged,Medical,0
CUST03927,28,2427981,2712339,19,477,1,11896,4093968,6882759,202331,Self-Employed,Married,Graduate,Mortgaged,Medical,0
CUST03928,50,1715602,4267657,27,823,3,13171,961211,5137536,142966,Business Owner,Single,Graduate,Owned,Medical,1
CUST03929,53,561054,907325,17,610,1,4447,124516,5569393,46754,Salaried,Single,Post-Graduate,Rented,Car,1
CUST03930,52,2182840,2643046,18,418,5,12236,9807149,2117769,181903,Salaried,Married,Graduate,Rented,Business,1
CUST03931,25,505573,3008308,7,499,5,35813,6457781,4008128,42131,Self-Employed,Married,Post-Graduate,Owned,Education,1
CUST03932,52,1545144,4059671,17,786,1,19900,1579858,109820,128762,Salaried,Single,Doctorate,Rented,Home,0
CUST03933,53,538999,2858426,20,764,1,11910,9920623,1963965,44916,Salaried,Single,Post-Graduate,Owned,Home,0
CUST03934,29,998896,3695226,29,732,5,10618,507031,6400487,83241,Self-Employed,Married,High School,Owned,Car,1
CUST03935,58,1697539,3879382,3,435,0,107760,3413418,3796724,141461,Salaried,Married,Graduate,Rented,Home,0
CUST03936,44,2497935,4461089,5,688,3,74351,7514405,5078717,208161,Self-Employed,Married,Post-Graduate,Rented,Car,0
CUST03937,42,2480953,1839771,1,864,0,153314,627009,6310792,206746,Salaried,Married,High School,Rented,Personal,0
CUST03938,53,2254575,3534151,23,329,2,12804,9068275,7495273,187881,Salaried,Married,Graduate,Owned,Business,1
CUST03939,43,703366,1281359,3,492,0,35593,6812507,652345,58613,Salaried,Married,Post-Graduate,Rented,Home,0
CUST03940,45,369740,4229273,27,348,0,13053,9502850,4648272,30811,Unemployed,Single,Post-Graduate,Mortgaged,Personal,1
CUST03941,35,2278200,4758538,11,362,2,36049,8388800,7958142,189850,Salaried,Single,High School,Rented,Car,0
CUST03942,61,2319398,1506340,9,898,0,13947,8267263,1599151,193283,Salaried,Single,Post-Graduate,Rented,Education,0
CUST03943,63,804748,2828026,29,444,4,8126,2352258,6878100,67062,Salaried,Divorced,Graduate,Rented,Personal,1
CUST03944,27,195065,4120579,21,407,3,16351,2128571,4641464,16255,Self-Employed,Married,Post-Graduate,Mortgaged,Car,1
CUST03945,53,1672564,184342,16,344,2,960,2497582,2543726,139380,Self-Employed,Single,Graduate,Rented,Education,0
CUST03946,23,328812,3539848,26,888,2,11345,1624628,6266161,27401,Salaried,Married,Graduate,Owned,Car,1
CUST03947,37,245172,4112522,22,581,5,15577,6676569,6964613,20431,Salaried,Single,High School,Owned,Education,1
CUST03948,63,2352296,4362570,19,774,5,19134,683787,1141372,196024,Salaried,Married,Graduate,Rented,Medical,1
CUST03949,29,1314786,1023952,10,450,0,8532,4341856,5453716,109565,Self-Employed,Married,Graduate,Mortgaged,Car,0
CUST03950,38,413316,3797969,29,684,4,10913,5861493,7491475,34443,Business Owner,Married,Post-Graduate,Owned,Personal,1
CUST03951,31,1688239,3940879,21,831,2,15638,5435272,5330835,140686,Self-Employed,Married,Graduate,Rented,Medical,0
CUST03952,53,1017609,64114,28,702,4,190,4923489,4377473,84800,Self-Employed,Divorced,Post-Graduate,Rented,Personal,0
CUST03953,41,1410351,3540554,29,610,4,10174,2308547,1117678,117529,Salaried,Single,High School,Rented,Medical,1
CUST03954,47,2262335,3149800,16,426,4,16405,1181907,3601934,188527,Self-Employed,Married,Graduate,Rented,Education,1
CUST03955,62,708913,4845627,11,440,4,36709,9883911,7247157,59076,Self-Employed,Divorced,Graduate,Rented,Education,1
CUST03956,44,1669277,262903,28,658,1,782,4701788,6393441,139106,Salaried,Single,Post-Graduate,Rented,Home,0
CUST03957,53,2096967,4829617,29,570,5,13878,5989682,3602734,174747,Unemployed,Married,Graduate,Mortgaged,Medical,1
CUST03958,26,1145880,2878530,4,327,4,59969,5716503,2471229,95490,Salaried,Divorced,Graduate,Mortgaged,Medical,1
CUST03959,31,2429820,1408332,19,417,1,6176,3752401,6425822,202485,Self-Employed,Married,High School,Rented,Personal,0
CUST03960,62,1203522,1968017,18,559,1,9111,7257250,7740992,100293,Self-Employed,Single,Post-Graduate,Rented,Medical,0
CUST03961,58,1229110,3843925,22,407,3,14560,3824498,2396190,102425,Business Owner,Single,Post-Graduate,Rented,Personal,1
CUST03962,50,2227861,4980437,29,632,2,14311,4200555,6486789,185655,Salaried,Married,Post-Graduate,Mortgaged,Car,0
CUST03963,38,1644410,1618432,8,480,4,16858,8054347,2464029,137034,Business Owner,Divorced,Post-Graduate,Rented,Car,0
CUST03964,30,2191460,4919396,29,474,2,14136,3251689,6618965,182621,Salaried,Single,Graduate,Rented,Personal,1
CUST03965,58,2007471,3164529,19,364,1,13879,7024963,7717513,167289,Salaried,Single,Post-Graduate,Owned,Home,0
CUST03966,55,1824062,1000476,3,601,2,27791,6690224,5306151,152005,Business Owner,Single,Post-Graduate,Rented,Business,0
CUST03967,32,717499,3008843,15,413,4,16715,402893,3973279,59791,Salaried,Married,High School,Rented,Education,1
CUST03968,47,1087281,4018748,4,678,4,83723,6873814,2512836,90606,Self-Employed,Married,Graduate,Owned,Personal,1
CUST03969,48,2181458,319990,28,862,1,952,8033405,479125,181788,Salaried,Married,Post-Graduate,Rented,Personal,0
CUST03970,42,1597676,440625,23,847,4,1596,2777242,419766,133139,Unemployed,Married,Post-Graduate,Mortgaged,Medical,0
CUST03971,61,808472,75649,27,700,0,233,9152340,6685653,67372,Self-Employed,Married,Post-Graduate,Owned,Education,0
CUST03972,27,919278,2873351,18,784,5,13302,296248,5291813,76606,Salaried,Married,Graduate,Rented,Medical,1
CUST03973,33,1973202,335931,12,852,4,2332,1879310,1817840,164433,Business Owner,Married,Post-Graduate,Mortgaged,Car,0
CUST03974,26,568736,4663922,13,709,0,29896,9462336,4416249,47394,Salaried,Single,Graduate,Mortgaged,Car,0
CUST03975,51,413433,683313,28,454,4,2033,8569529,7030030,34452,Self-Employed,Single,Graduate,Rented,Home,1
CUST03976,49,1948009,404476,5,600,2,6741,7577335,5182457,162334,Self-Employed,Married,Graduate,Owned,Home,0
CUST03977,64,827708,1325379,26,814,5,4248,6079116,7331519,68975,Self-Employed,Married,Graduate,Rented,Home,0
CUST03978,45,1948719,3827764,13,700,1,24536,2090932,940213,162393,Self-Employed,Single,Graduate,Rented,Education,0
CUST03979,28,1404006,4539428,18,517,5,21015,4943081,582128,117000,Business Owner,Married,Graduate,Rented,Home,1
CUST03980,41,2494866,1292467,20,401,5,5385,5700089,5332198,207905,Self-Employed,Married,Post-Graduate,Rented,Car,1
CUST03981,25,1383566,2617231,3,386,1,72700,987784,4659433,115297,Unemployed,Single,High School,Mortgaged,Education,0
CUST03982,50,2188590,3880115,5,526,2,64668,5989980,5505652,182382,Salaried,Married,Graduate,Rented,Medical,0
CUST03983,50,2148513,3994614,5,782,3,66576,983294,7852192,179042,Salaried,Single,Post-Graduate,Mortgaged,Home,1
CUST03984,58,648162,806944,23,631,1,2923,1347287,871311,54013,Self-Employed,Divorced,Post-Graduate,Rented,Medical,0
CUST03985,36,2490899,4199643,3,335,5,116656,1783183,7447356,207574,Salaried,Married,Post-Graduate,Rented,Personal,1
CUST03986,35,1902633,4343026,18,851,1,20106,1997405,486572,158552,Salaried,Married,High School,Owned,Home,0
CUST03987,25,401945,3687968,4,542,1,76832,912341,4201946,33495,Self-Employed,Married,Graduate,Mortgaged,Home,1
CUST03988,39,164189,2659876,23,534,3,9637,9571394,6655272,13682,Salaried,Married,Post-Graduate,Rented,Business,1
CUST03989,42,787762,1987356,29,791,2,5710,8045639,5443945,65646,Salaried,Single,Graduate,Rented,Education,0
CUST03990,54,188172,4452554,13,526,0,28542,5129307,1781022,15681,Salaried,Single,Graduate,Owned,Business,1
CUST03991,54,990355,4326103,7,670,5,51501,3749505,4834096,82529,Salaried,Divorced,Graduate,Rented,Personal,1
CUST03992,28,2491453,2615196,13,852,1,16764,1995277,7216710,207621,Salaried,Divorced,Post-Graduate,Owned,Home,0
CUST03993,34,1275458,3723146,21,610,0,14774,9495185,1626026,106288,Salaried,Divorced,High School,Mortgaged,Medical,0
CUST03994,43,206174,2029482,22,668,3,7687,7995990,7499773,17181,Business Owner,Widowed,Graduate,Owned,Education,1
CUST03995,36,1310687,3728599,19,512,5,16353,7544598,5223980,109223,Salaried,Married,Graduate,Rented,Education,1
CUST03996,23,664895,492158,17,834,0,2412,4758675,693824,55407,Business Owner,Married,Graduate,Rented,Car,0
CUST03997,58,2162058,4512792,19,345,2,19792,371740,2665129,180171,Unemployed,Married,High School,Rented,Education,1
CUST03998,53,362828,2601964,7,465,5,30975,6420279,6896770,30235,Salaried,Single,Graduate,Mortgaged,Business,1
CUST03999,44,1960814,3013384,6,894,5,41852,4926650,2703775,163401,Unemployed,Married,Graduate,Owned,Car,0
CUST04000,35,1198027,987487,27,590,1,3047,3045265,7573803,99835,Salaried,Married,High School,Owned,Personal,0
CUST04001,58,194301,2666443,17,404,3,13070,3219447,3359905,16191,Self-Employed,Married,Graduate,Owned,Home,1
CUST04002,23,1731865,65616,25,548,5,218,673250,2741690,144322,Unemployed,Married,High School,Owned,Medical,1
CUST04003,41,1219301,4456304,19,453,4,19545,8729661,6817415,101608,Business Owner,Married,Doctorate,Rented,Business,1
CUST04004,56,1963155,3756896,14,615,3,22362,1732947,6284060,163596,Salaried,Divorced,High School,Owned,Business,1
CUST04005,62,1602473,2299585,17,441,4,11272,8149942,1906766,133539,Salaried,Single,Graduate,Rented,Medical,0
CUST04006,32,2000050,4187396,21,539,2,16616,9733065,6247741,166670,Salaried,Single,Graduate,Rented,Medical,0
CUST04007,49,1231929,4067274,6,844,0,56489,555201,2006333,102660,Unemployed,Married,Graduate,Mortgaged,Personal,0
CUST04008,30,168655,639433,14,349,3,3806,6273525,7164856,14054,Salaried,Married,Post-Graduate,Owned,Business,1
CUST04009,26,457016,316539,21,758,3,1256,760705,58719,38084,Salaried,Married,Post-Graduate,Mortgaged,Home,0
CUST04010,37,1228418,1305122,3,346,5,36253,8327743,5297520,102368,Salaried,Married,Graduate,Mortgaged,Car,1
CUST04011,60,1084064,56385,3,574,5,1566,5121095,1240054,90338,Salaried,Single,High School,Rented,Home,0
CUST04012,51,2016753,2887007,5,700,2,48116,313043,5414295,168062,Salaried,Married,Graduate,Rented,Car,1
CUST04013,43,1117390,2665047,18,873,5,12338,7746456,7829434,93115,Salaried,Divorced,Graduate,Rented,Car,0
CUST04014,34,2171438,2712991,7,450,0,32297,7678078,5340930,180953,Self-Employed,Married,Graduate,Owned,Education,0
CUST04015,28,591132,414378,13,331,5,2656,9256720,3470959,49261,Salaried,Married,Post-Graduate,Mortgaged,Medical,1
CUST04016,33,1054453,4595071,4,750,0,95730,4901025,6586392,87871,Salaried,Married,Graduate,Mortgaged,Business,0
CUST04017,28,1927321,4883887,8,836,3,50873,9336575,1561317,160610,Salaried,Married,Graduate,Rented,Personal,0
CUST04018,30,441622,2973174,1,639,4,247764,6686547,4345038,36801,Salaried,Married,High School,Owned,Home,1
CUST04019,51,905291,77230,24,336,3,268,5307288,7725454,75440,Self-Employed,Married,Graduate,Owned,Home,0
CUST04020,27,1916862,2010072,14,600,5,11964,3646229,2847294,159738,Salaried,Married,High School,Rented,Education,1
CUST04021,24,1534120,3604840,6,534,3,50067,3000919,216942,127843,Salaried,Married,Graduate,Mortgaged,Personal,0
CUST04022,45,1978462,3756198,16,570,0,19563,6246601,3532504,164871,Salaried,Married,Doctorate,Owned,Medical,0
CUST04023,34,1361965,1254754,28,332,3,3734,7421398,3873331,113497,Salaried,Divorced,Graduate,Rented,Education,0
CUST04024,41,2169099,4122371,24,490,1,14313,452635,6495509,180758,Business Owner,Single,Graduate,Mortgaged,Car,1
CUST04025,28,2211953,4839382,26,899,3,15510,4177992,6436817,184329,Business Owner,Single,Graduate,Rented,Home,0
CUST04026,31,2440213,2567926,12,327,2,17832,551328,2720680,203351,Salaried,Married,Graduate,Rented,Personal,1
CUST04027,40,436735,1938631,11,848,0,14686,4026941,6182601,36394,Salaried,Widowed,High School,Rented,Business,0
CUST04028,51,1539295,2654336,10,610,3,22119,8008480,1144752,128274,Salaried,Married,Post-Graduate,Owned,Home,0
CUST04029,39,418518,185052,9,650,0,1713,6938648,1513738,34876,Self-Employed,Married,Graduate,Rented,Home,0
CUST04030,45,687900,2641077,27,860,1,8151,1332206,4832173,57325,Salaried,Married,Graduate,Owned,Home,0
CUST04031,44,855751,183332,4,430,3,3819,7196914,5662317,71312,Unemployed,Single,Post-Graduate,Rented,Personal,0
CUST04032,33,1668439,222203,25,890,5,740,238440,6458151,139036,Salaried,Widowed,Graduate,Rented,Car,1
CUST04033,34,1163355,2789198,27,466,1,8608,222648,4978308,96946,Unemployed,Married,High School,Mortgaged,Medical,1
CUST04034,40,2182130,2578414,25,509,1,8594,9133319,1021822,181844,Salaried,Married,Graduate,Rented,Medical,0
CUST04035,23,851574,4934224,19,569,1,21641,423974,5402209,70964,Salaried,Married,High School,Mortgaged,Personal,1
CUST04036,51,1600489,2562990,25,660,3,8543,2728764,3433911,133374,Salaried,Married,High School,Rented,Home,0
CUST04037,48,1943489,4899878,1,493,1,408323,1406149,2128838,161957,Salaried,Single,Post-Graduate,Rented,Personal,0
CUST04038,35,2453726,4045199,24,775,3,14045,5865583,2712750,204477,Unemployed,Single,Post-Graduate,Rented,Education,0
CUST04039,38,726374,1719501,15,312,4,9552,5270512,6485875,60531,Salaried,Single,High School,Rented,Business,1
CUST04040,36,1873968,4634539,28,699,0,13793,8405278,1420090,156164,Salaried,Widowed,Post-Graduate,Rented,Medical,0
CUST04041,50,349220,2439383,3,693,5,67760,9872196,4473900,29101,Unemployed,Married,High School,Rented,Business,1
CUST04042,54,1427063,2994990,27,620,3,9243,7484480,663580,118921,Salaried,Married,Post-Graduate,Rented,Education,0
CUST04043,26,1122429,547256,17,668,3,2682,4720397,5800624,93535,Salaried,Divorced,Graduate,Owned,Car,0
CUST04044,39,2402592,1102317,4,748,3,22964,561615,1198944,200216,Salaried,Single,Graduate,Owned,Education,0
CUST04045,22,1967441,2634775,15,842,5,14637,9231953,7516588,163953,Salaried,Single,Post-Graduate,Owned,Medical,0
CUST04046,41,2329039,1392628,2,431,3,58026,5653392,7056060,194086,Business Owner,Single,High School,Owned,Personal,0
CUST04047,32,2148820,3018522,3,586,5,83847,2252933,6843978,179068,Salaried,Divorced,Post-Graduate,Mortgaged,Education,1
CUST04048,36,1115076,445564,16,637,1,2320,5463798,2788577,92923,Self-Employed,Single,High School,Rented,Business,0
CUST04049,41,1873360,1292755,24,506,1,4488,3978688,6258699,156113,Salaried,Single,Doctorate,Rented,Education,0
CUST04050,35,221598,3342540,4,884,3,69636,3565793,1076576,18466,Salaried,Single,High School,Owned,Business,1
CUST04051,38,1461033,3079966,8,606,0,32082,4587943,2317189,121752,Self-Employed,Married,High School,Mortgaged,Personal,0
CUST04052,54,261155,4919111,12,655,0,34160,7560273,1059988,21762,Self-Employed,Married,High School,Owned,Home,1
CUST04053,56,1851850,4503479,16,416,1,23455,1721804,432664,154320,Self-Employed,Single,Graduate,Owned,Education,0
CUST04054,22,2421797,4062593,1,549,1,338549,9643656,2936209,201816,Salaried,Married,Graduate,Mortgaged,Medical,0
CUST04055,38,1751265,54728,19,675,0,240,717964,4597155,145938,Salaried,Widowed,Graduate,Rented,Business,0
CUST04056,58,2123852,3032211,15,557,4,16845,1557147,6899146,176987,Self-Employed,Single,Post-Graduate,Owned,Personal,1
CUST04057,44,700761,1183222,28,762,3,3521,6794550,276104,58396,Self-Employed,Divorced,Graduate,Owned,Home,1
CUST04058,30,2485680,1371231,9,382,1,12696,1537717,3255946,207140,Salaried,Married,Graduate,Rented,Education,0
CUST04059,47,1444283,1089101,15,392,1,6050,7798758,5713518,120356,Salaried,Divorced,Graduate,Rented,Business,0
CUST04060,28,1734960,2306722,3,503,5,64075,7373886,1612359,144580,Self-Employed,Single,Post-Graduate,Owned,Education,0
CUST04061,22,1960931,663236,27,491,5,2047,4355881,5894573,163410,Salaried,Married,Post-Graduate,Rented,Education,1
CUST04062,49,1653043,2682368,25,789,0,8941,4598722,4561276,137753,Self-Employed,Married,Graduate,Rented,Business,0
CUST04063,44,895233,872201,11,820,3,6607,9999751,4503290,74602,Self-Employed,Single,Graduate,Rented,Education,0
CUST04064,54,1586861,2527259,14,583,1,15043,7972667,999360,132238,Salaried,Married,Graduate,Rented,Medical,0
CUST04065,36,1686836,3148267,25,603,2,10494,6357022,1345215,140569,Salaried,Single,Graduate,Mortgaged,Home,0
CUST04066,58,2164744,939391,9,476,3,8698,1496668,7019047,180395,Salaried,Married,Graduate,Owned,Personal,1
CUST04067,40,1281479,558337,7,619,5,6646,5937723,7005771,106789,Self-Employed,Married,High School,Owned,Home,1
CUST04068,53,1329229,4040979,8,723,3,42093,494589,3620195,110769,Business Owner,Married,Post-Graduate,Owned,Car,1
CUST04069,26,1332423,3705731,21,733,5,14705,2592965,4767369,111035,Salaried,Single,High School,Owned,Personal,1
CUST04070,26,418888,1344203,7,881,4,16002,7009547,4335733,34907,Salaried,Divorced,High School,Rented,Personal,0
CUST04071,55,361629,4440761,3,646,4,123354,4135521,4119135,30135,Salaried,Single,High School,Owned,Home,1
CUST04072,57,198015,1144758,5,504,4,19079,9947639,5697768,16501,Self-Employed,Married,Graduate,Mortgaged,Education,1
CUST04073,62,1715610,4636609,29,341,4,13323,9399712,4540734,142967,Salaried,Married,Post-Graduate,Mortgaged,Education,1
CUST04074,35,1134320,610755,26,712,1,1957,1038502,1002062,94526,Self-Employed,Single,Post-Graduate,Rented,Education,0
CUST04075,22,2184364,3317870,28,782,5,9874,8845971,663096,182030,Salaried,Married,Graduate,Rented,Medical,0
CUST04076,64,1800257,144880,9,631,5,1341,8656945,6802006,150021,Salaried,Widowed,Graduate,Rented,Business,1
CUST04077,47,482363,1027112,13,853,3,6584,1150730,5923496,40196,Salaried,Divorced,Post-Graduate,Rented,Home,1
CUST04078,32,385172,2053254,15,490,4,11406,3914368,1589991,32097,Business Owner,Single,Post-Graduate,Rented,Business,1
CUST04079,54,1010348,472218,16,331,5,2459,9491202,486204,84195,Self-Employed,Single,Post-Graduate,Owned,Home,1
CUST04080,60,2314217,2312022,1,679,0,192668,266216,1755920,192851,Salaried,Single,Graduate,Mortgaged,Business,0
CUST04081,34,264368,1198523,18,372,0,5548,680467,4627105,22030,Salaried,Married,Graduate,Rented,Personal,1
CUST04082,55,590392,539821,2,350,5,22492,5149215,4670610,49199,Business Owner,Single,High School,Owned,Medical,1
CUST04083,55,219634,4811688,8,721,3,50121,9535806,1354056,18302,Business Owner,Single,Graduate,Rented,Car,1
CUST04084,43,1122111,4910061,9,560,4,45463,2860656,1409539,93509,Salaried,Married,Post-Graduate,Owned,Personal,1
CUST04085,49,2475697,4813608,20,662,3,20056,7751058,1661615,206308,Self-Employed,Widowed,High School,Mortgaged,Personal,0
CUST04086,33,1756729,812793,26,748,3,2605,6964691,3545239,146394,Business Owner,Single,Graduate,Rented,Car,0
CUST04087,61,1309658,1940498,21,529,0,7700,1545837,1866034,109138,Salaried,Married,Graduate,Mortgaged,Personal,0
CUST04088,64,489334,1670729,13,666,1,10709,2949523,3650631,40777,Salaried,Single,High School,Mortgaged,Business,0
CUST04089,64,985469,1662668,16,623,0,8659,6278555,114445,82122,Salaried,Married,Post-Graduate,Rented,Home,0
CUST04090,53,1382675,2112188,15,648,2,11734,4868831,7488890,115222,Salaried,Married,High School,Mortgaged,Education,0
CUST04091,23,795961,2574552,5,722,0,42909,2449399,7134710,66330,Self-Employed,Divorced,Graduate,Mortgaged,Education,0
CUST04092,37,1806889,2451457,28,528,4,7296,2085595,2708947,150574,Salaried,Married,Post-Graduate,Owned,Car,0
CUST04093,41,2453029,1493856,27,602,1,4610,5616246,6433882,204419,Salaried,Single,High School,Owned,Education,0
CUST04094,63,633963,4900137,7,654,4,58334,8298207,4282737,52830,Salaried,Married,High School,Rented,Home,1
CUST04095,45,742789,4899329,4,384,0,102069,4188653,250291,61899,Self-Employed,Single,Graduate,Rented,Home,1
CUST04096,45,446648,1689542,5,426,0,28159,9261771,2277507,37220,Salaried,Single,High School,Mortgaged,Business,0
CUST04097,28,1855414,1145045,19,353,2,5022,6705345,455888,154617,Salaried,Widowed,High School,Rented,Car,0
CUST04098,56,1235043,2686929,1,418,4,223910,4093023,5663864,102920,Salaried,Married,Graduate,Mortgaged,Car,1
CUST04099,36,816831,1877256,3,563,4,52146,7098306,6263014,68069,Business Owner,Divorced,High School,Rented,Personal,1
CUST04100,25,665084,4936378,19,862,3,21650,4543912,4937195,55423,Salaried,Single,Graduate,Rented,Medical,1
CUST04101,64,315650,2175385,5,853,3,36256,7591141,54426,26304,Salaried,Divorced,Post-Graduate,Rented,Business,1
CUST04102,30,1268968,246914,2,757,4,10288,9828568,1888182,105747,Self-Employed,Divorced,Graduate,Mortgaged,Personal,0
CUST04103,22,1755700,669066,1,634,4,55755,7900000,3751991,146308,Salaried,Married,Graduate,Rented,Car,0
CUST04104,25,702318,419137,21,421,4,1663,1506943,1157189,58526,Self-Employed,Single,High School,Rented,Car,1
CUST04105,41,153832,1944982,11,514,0,14734,808952,858378,12819,Salaried,Divorced,High School,Rented,Medical,1
CUST04106,26,1262311,1616702,9,759,2,14969,8105333,2434844,105192,Business Owner,Divorced,Graduate,Rented,Business,0
CUST04107,58,1738009,4290817,19,845,5,18819,8487883,4733057,144834,Salaried,Single,Graduate,Owned,Business,0
CUST04108,44,960743,4458401,5,877,2,74306,5716058,708026,80061,Salaried,Divorced,High School,Mortgaged,Business,0
CUST04109,35,738385,744786,16,533,0,3879,2525363,7986723,61532,Salaried,Divorced,Graduate,Owned,Personal,0
CUST04110,22,512586,4725742,15,591,3,26254,8819270,3672155,42715,Unemployed,Single,High School,Owned,Car,1
CUST04111,42,1903344,2940908,20,605,1,12253,4539726,1376172,158612,Business Owner,Married,Post-Graduate,Mortgaged,Education,0
CUST04112,28,2174680,1568705,19,333,3,6880,2995042,160475,181223,Salaried,Single,Graduate,Rented,Home,1
CUST04113,64,1958912,2062853,20,369,3,8595,3725849,7653470,163242,Salaried,Married,Post-Graduate,Rented,Education,0
CUST04114,34,1367740,2234818,7,327,4,26604,3031963,4756667,113978,Salaried,Divorced,Graduate,Rented,Personal,1
CUST04115,42,1851652,894156,5,742,5,14902,2895685,6923828,154304,Salaried,Divorced,Graduate,Owned,Medical,1
CUST04116,22,1082755,4343715,16,434,4,22623,3325617,6213295,90229,Salaried,Single,Graduate,Owned,Car,1
CUST04117,27,207536,111064,2,720,5,4627,6774355,7886839,17294,Business Owner,Married,High School,Mortgaged,Medical,0
CUST04118,30,1013805,395135,14,525,0,2351,264647,7117951,84483,Salaried,Married,Post-Graduate,Owned,Car,1
CUST04119,24,1803781,1403049,19,776,4,6153,3692601,6129509,150315,Business Owner,Married,Graduate,Owned,Medical,0
CUST04120,53,1671251,760760,24,369,2,2641,1781939,6809381,139270,Salaried,Married,Graduate,Mortgaged,Business,1
CUST04121,62,2476842,356053,19,495,4,1561,6516566,6855954,206403,Business Owner,Married,Graduate,Mortgaged,Car,0
CUST04122,64,2494120,1947793,29,422,0,5597,9946407,2038559,207843,Salaried,Single,Graduate,Rented,Car,0
CUST04123,33,720169,1915003,17,561,3,9387,7899550,4756781,60014,Salaried,Single,Post-Graduate,Owned,Business,0
CUST04124,55,172473,671567,13,637,0,4304,2564590,7887522,14372,Self-Employed,Divorced,High School,Owned,Education,0
CUST04125,43,794460,4060538,8,401,3,42297,5180481,6938272,66205,Salaried,Single,Graduate,Mortgaged,Car,1
CUST04126,23,2208928,4418739,20,700,1,18411,297179,842090,184077,Business Owner,Married,High School,Rented,Car,0
CUST04127,25,2061787,3612442,24,878,0,12543,4187797,892098,171815,Self-Employed,Widowed,Graduate,Mortgaged,Education,0
CUST04128,45,382070,2634798,10,325,0,21956,2857549,1600141,31839,Unemployed,Divorced,High School,Rented,Education,1
CUST04129,40,526932,4739549,3,351,1,131654,5067290,5933234,43911,Business Owner,Married,Graduate,Mortgaged,Business,1
CUST04130,22,1474284,1784992,1,871,5,148749,4143062,3150257,122857,Salaried,Single,Graduate,Mortgaged,Education,0
CUST04131,61,1702371,2163726,19,689,5,9490,6858293,5029788,141864,Salaried,Married,Post-Graduate,Rented,Education,1
CUST04132,53,2458486,124586,20,851,0,519,5523094,478771,204873,Self-Employed,Married,Graduate,Rented,Car,0
CUST04133,43,1924311,3553616,4,723,5,74033,9395040,6167620,160359,Salaried,Married,Post-Graduate,Owned,Medical,0
CUST04134,64,647860,507863,1,730,3,42321,778803,2332722,53988,Salaried,Single,Post-Graduate,Rented,Medical,0
CUST04135,63,237327,3343441,19,394,1,14664,9451344,345390,19777,Salaried,Married,High School,Owned,Personal,1
CUST04136,63,1638996,3923011,12,607,5,27243,7925246,1728854,136583,Self-Employed,Married,Post-Graduate,Owned,Medical,0
CUST04137,33,1451340,1124379,13,519,1,7207,7157588,2584958,120945,Salaried,Widowed,Graduate,Rented,Car,0
CUST04138,59,2316122,3079484,8,800,1,32077,8272462,3241403,193010,Salaried,Married,Graduate,Rented,Personal,0
CUST04139,43,1503311,1552733,21,325,1,6161,598825,7173964,125275,Unemployed,Single,Doctorate,Rented,Medical,1
CUST04140,53,1327914,2021685,22,310,0,7657,2210289,1586826,110659,Business Owner,Single,Graduate,Mortgaged,Business,0
CUST04141,58,863090,2672656,2,633,2,111360,107970,4832750,71924,Salaried,Married,Post-Graduate,Owned,Car,1
CUST04142,29,352731,1284896,3,882,0,35691,8004340,2198637,29394,Salaried,Married,Post-Graduate,Rented,Home,0
CUST04143,41,2209409,3993453,17,896,1,19575,3610701,3987846,184117,Self-Employed,Single,Post-Graduate,Rented,Medical,0
CUST04144,27,2091249,2003406,18,656,2,9275,3678126,2368241,174270,Salaried,Divorced,Graduate,Rented,Personal,0
CUST04145,34,532461,2335973,5,557,3,38932,6145509,2754756,44371,Self-Employed,Divorced,Graduate,Rented,Home,1
CUST04146,39,1804145,4082718,5,463,5,68045,4288790,4798487,150345,Self-Employed,Divorced,Graduate,Rented,Medical,1
CUST04147,58,1005857,1177320,20,894,0,4905,6408599,4718302,83821,Salaried,Married,Graduate,Mortgaged,Education,0
CUST04148,59,1177033,2288656,14,409,3,13622,9370243,1078990,98086,Salaried,Married,Post-Graduate,Mortgaged,Personal,1
CUST04149,38,2144371,4967655,4,375,0,103492,3387515,1253389,178697,Salaried,Married,Graduate,Mortgaged,Education,0
CUST04150,36,2128761,2028630,18,605,5,9391,8929853,1928809,177396,Salaried,Married,Graduate,Mortgaged,Business,1
CUST04151,44,598010,622115,3,535,1,17280,5370627,7194706,49834,Self-Employed,Single,Doctorate,Rented,Education,0
CUST04152,61,872883,1457891,7,597,5,17355,3813596,2537184,72740,Salaried,Single,Graduate,Rented,Personal,1
CUST04153,63,2080229,4781650,21,841,4,18974,9199487,4623034,173352,Unemployed,Single,Post-Graduate,Rented,Personal,0
CUST04154,31,2304934,3807706,7,461,1,45329,4932292,3592543,192077,Self-Employed,Divorced,Graduate,Rented,Business,0
CUST04155,30,335812,4054779,2,826,1,168949,1364619,2833035,27984,Salaried,Married,High School,Owned,Personal,1
CUST04156,52,2108946,1305164,28,427,1,3884,2936585,304709,175745,Salaried,Widowed,Graduate,Rented,Home,0
CUST04157,34,1299688,4202522,7,494,2,50030,8470621,3529446,108307,Salaried,Married,Graduate,Mortgaged,Business,0
CUST04158,30,1537232,1997095,15,302,2,11094,5202799,7993691,128102,Salaried,Single,Post-Graduate,Rented,Home,0
CUST04159,23,327027,3984842,24,707,3,13836,5644259,7527184,27252,Self-Employed,Married,High School,Owned,Personal,1
CUST04160,39,1748841,4410391,29,815,2,12673,6850888,2403136,145736,Salaried,Single,High School,Rented,Education,0
CUST04161,38,1743073,1080446,24,831,4,3751,2025212,4265047,145256,Salaried,Divorced,Post-Graduate,Rented,Education,0
CUST04162,46,1707356,4695542,10,400,2,39129,1017410,2298758,142279,Salaried,Single,Graduate,Mortgaged,Business,1
CUST04163,30,2007913,3181282,25,760,1,10604,4459931,7371895,167326,Salaried,Single,Graduate,Owned,Home,0
CUST04164,52,2373232,3667883,1,384,1,305656,9206427,4438964,197769,Self-Employed,Married,Graduate,Rented,Home,0
CUST04165,51,2147167,3795911,10,677,4,31632,1358745,7360773,178930,Unemployed,Married,Post-Graduate,Rented,Business,1
CUST04166,41,1900241,883818,6,721,0,12275,7216852,6832257,158353,Self-Employed,Married,Post-Graduate,Rented,Car,0
CUST04167,29,2455966,3741144,16,391,1,19485,9794102,2620413,204663,Unemployed,Single,Graduate,Owned,Education,0
CUST04168,43,1735177,1104029,26,366,1,3538,1057851,3654474,144598,Self-Employed,Married,Graduate,Mortgaged,Business,0
CUST04169,51,1729236,1394248,23,343,3,5051,1418036,4555876,144103,Salaried,Single,Doctorate,Mortgaged,Medical,1
CUST04170,38,1423834,626943,29,725,0,1801,8702991,1990713,118652,Business Owner,Married,Post-Graduate,Rented,Personal,0
CUST04171,33,1957295,946540,4,668,2,19719,1174216,6652724,163107,Salaried,Married,Graduate,Owned,Home,0
CUST04172,43,317733,4895669,22,371,4,18544,7462460,4527004,26477,Salaried,Single,Graduate,Rented,Education,1
CUST04173,37,1338531,1674208,22,600,5,6341,7992663,1658827,111544,Unemployed,Married,Graduate,Rented,Personal,0
CUST04174,39,1149504,1965707,14,777,2,11700,3199955,3863540,95792,Self-Employed,Single,Graduate,Rented,Home,0
CUST04175,37,2294931,2425230,3,442,5,67367,2987497,6572943,191244,Unemployed,Single,Post-Graduate,Rented,Personal,1
CUST04176,35,320517,3579048,4,663,3,74563,5262187,3384598,26709,Salaried,Married,Post-Graduate,Rented,Medical,1
CUST04177,52,1662832,2890214,27,475,4,8920,5114717,5681734,138569,Self-Employed,Single,Graduate,Mortgaged,Education,1
CUST04178,41,583175,2703916,9,456,1,25036,8615293,7871063,48597,Salaried,Single,Post-Graduate,Mortgaged,Business,0
CUST04179,42,2226345,4192904,19,535,5,18389,5964458,2680298,185528,Salaried,Married,Graduate,Rented,Business,1
CUST04180,50,2151857,2504919,28,511,1,7455,9684443,7967602,179321,Business Owner,Married,Post-Graduate,Owned,Medical,0
CUST04181,37,703312,3856719,15,597,0,21426,2475248,3315197,58609,Salaried,Divorced,Graduate,Rented,Car,0
CUST04182,26,2198508,4558932,7,423,0,54273,2882666,4495550,183209,Self-Employed,Divorced,Doctorate,Owned,Home,0
CUST04183,58,1317333,3396945,15,534,3,18871,2486537,6183975,109777,Business Owner,Married,Graduate,Rented,Medical,1
CUST04184,24,2431952,224835,7,673,3,2676,6540526,544031,202662,Business Owner,Married,High School,Rented,Personal,0
CUST04185,46,1865074,3107837,6,532,1,43164,431703,5611793,155422,Salaried,Married,Graduate,Mortgaged,Medical,1
CUST04186,33,230989,2420458,24,693,5,8404,8616444,4535340,19249,Salaried,Married,High School,Rented,Education,1
CUST04187,31,626396,1459588,11,369,1,11057,7741065,5242813,52199,Business Owner,Married,High School,Owned,Home,0
CUST04188,23,1098455,1710407,20,382,3,7126,9882851,7619777,91537,Self-Employed,Widowed,Post-Graduate,Rented,Business,0
CUST04189,60,646648,437883,22,819,3,1658,9588737,3881201,53887,Salaried,Married,Graduate,Rented,Business,0
CUST04190,40,461212,1212894,16,577,3,6317,800113,7405540,38434,Salaried,Single,Post-Graduate,Owned,Medical,1
CUST04191,36,2448400,3924754,16,665,4,20441,7502113,4542009,204033,Salaried,Married,High School,Rented,Home,0
CUST04192,53,2192297,100714,6,743,5,1398,5085857,1724006,182691,Unemployed,Single,Graduate,Owned,Medical,0
CUST04193,23,1171334,4192313,16,387,4,21834,7381449,5220252,97611,Salaried,Divorced,Graduate,Owned,Business,1
CUST04194,46,655313,1730336,22,883,5,6554,8749291,1520955,54609,Self-Employed,Single,Graduate,Rented,Education,1
CUST04195,43,577266,4049005,6,554,5,56236,5873449,7193685,48105,Salaried,Married,Graduate,Mortgaged,Personal,1
CUST04196,45,2302064,1317775,7,833,2,15687,131265,1218046,191838,Salaried,Married,Graduate,Mortgaged,Home,1
CUST04197,27,928940,4152444,21,550,3,16477,8661088,3989353,77411,Self-Employed,Single,Graduate,Owned,Personal,1
CUST04198,62,179604,2880916,29,543,1,8278,4428628,6558274,14967,Business Owner,Married,High School,Rented,Medical,1
CUST04199,32,1083833,4264672,12,660,5,29615,4641615,73640,90319,Salaried,Single,Graduate,Mortgaged,Car,1
CUST04200,51,1217698,358393,25,414,5,1194,5883567,3920440,101474,Salaried,Married,Graduate,Mortgaged,Personal,1
CUST04201,54,1614250,3997244,6,665,5,55517,9124914,4051307,134520,Self-Employed,Single,Graduate,Mortgaged,Car,1
CUST04202,36,945915,1389072,17,889,4,6809,5312254,2704372,78826,Salaried,Married,Graduate,Rented,Home,0
CUST04203,27,2319084,1826275,28,687,5,5435,2155858,5382908,193257,Salaried,Divorced,Post-Graduate,Mortgaged,Home,0
CUST04204,34,1662315,271608,13,342,4,1741,7354449,2598457,138526,Self-Employed,Single,Graduate,Rented,Medical,1
CUST04205,56,2468486,4772592,15,718,1,26514,6366865,2995185,205707,Salaried,Married,Post-Graduate,Owned,Car,0
CUST04206,60,1012490,3225018,5,320,1,53750,748668,2203305,84374,Self-Employed,Divorced,Graduate,Owned,Home,1
CUST04207,62,1681492,4905557,16,362,3,25549,5373415,4994326,140124,Salaried,Single,Doctorate,Mortgaged,Business,1
CUST04208,31,1008549,2862538,17,470,2,14032,7875625,7060958,84045,Self-Employed,Widowed,Graduate,Mortgaged,Medical,1
CUST04209,48,1794817,833030,29,482,4,2393,8852567,1420834,149568,Business Owner,Single,Graduate,Rented,Car,1
CUST04210,28,1902358,1720526,6,302,4,23896,2903388,3277439,158529,Business Owner,Married,Graduate,Rented,Medical,1
CUST04211,52,906298,2227447,11,310,5,16874,5273071,1806818,75524,Self-Employed,Married,Doctorate,Rented,Education,1
CUST04212,39,2353529,779306,19,773,4,3418,8259870,1952141,196127,Self-Employed,Widowed,Graduate,Rented,Home,0
CUST04213,52,2164322,4660958,28,572,0,13871,5879221,7772750,180360,Salaried,Single,Post-Graduate,Rented,Car,0
CUST04214,51,2252069,4791703,7,419,2,57044,4252930,5683238,187672,Salaried,Married,High School,Rented,Medical,0
CUST04215,64,661826,2839301,21,557,1,11267,1924010,7555562,55152,Salaried,Married,Graduate,Rented,Medical,1
CUST04216,43,1836949,2942742,26,715,3,9431,524894,5083636,153079,Self-Employed,Married,Post-Graduate,Rented,Education,1
CUST04217,36,399994,3532283,19,740,2,15492,6931858,5332336,33332,Salaried,Married,Graduate,Mortgaged,Business,1
CUST04218,44,397949,3411611,13,472,5,21869,9642756,5722924,33162,Salaried,Married,Graduate,Mortgaged,Personal,1
CUST04219,29,2437151,360211,7,400,1,4288,6048115,5224004,203095,Salaried,Married,Post-Graduate,Owned,Home,0
CUST04220,26,509313,2680176,9,875,2,24816,7827437,6575648,42442,Self-Employed,Single,Graduate,Owned,Business,0
CUST04221,44,2180725,3896744,2,678,4,162364,6803991,2608861,181727,Salaried,Single,Graduate,Owned,Home,0
CUST04222,57,1162387,4042339,5,889,2,67372,3543378,809869,96865,Salaried,Single,Graduate,Owned,Business,0
CUST04223,44,863566,3000403,13,484,0,19233,5275914,3908571,71963,Self-Employed,Single,Post-Graduate,Rented,Home,0
CUST04224,55,322720,4487081,5,366,1,74784,2773270,15909,26893,Unemployed,Married,Graduate,Rented,Education,1
CUST04225,29,1736651,2951701,1,529,2,245975,2309756,378654,144720,Self-Employed,Married,Graduate,Owned,Home,0
CUST04226,41,1845128,1944417,21,496,3,7715,5930740,404529,153760,Salaried,Married,High School,Mortgaged,Medical,0
CUST04227,48,1247493,2241173,3,731,4,62254,6495483,619200,103957,Business Owner,Single,Doctorate,Mortgaged,Car,0
CUST04228,36,2053368,3465625,5,729,3,57760,9874216,5654346,171114,Salaried,Divorced,Graduate,Owned,Personal,0
CUST04229,22,909351,4438079,18,342,2,20546,2438365,4781333,75779,Salaried,Single,Graduate,Rented,Car,1
CUST04230,25,1446442,1187943,27,652,3,3666,2972651,7475972,120536,Salaried,Single,Post-Graduate,Rented,Medical,0
CUST04231,61,823919,1502791,22,505,0,5692,1744631,2319060,68659,Salaried,Married,Post-Graduate,Rented,Education,0
CUST04232,48,1518229,3276682,1,668,1,273056,9487884,2648843,126519,Self-Employed,Single,High School,Rented,Car,0
CUST04233,33,469664,3829676,5,534,3,63827,7836650,3920938,39138,Salaried,Married,Graduate,Owned,Home,1
CUST04234,33,1268992,2025820,22,622,5,7673,3370832,6249553,105749,Business Owner,Married,Graduate,Rented,Education,1
CUST04235,23,1440897,3233732,22,729,3,12248,9692463,7445530,120074,Self-Employed,Married,Graduate,Mortgaged,Medical,0
CUST04236,62,1457875,83568,12,476,0,580,7070567,5833476,121489,Salaried,Single,Graduate,Rented,Home,0
CUST04237,26,1199502,1494148,28,419,5,4446,4816099,4057097,99958,Salaried,Single,Graduate,Rented,Personal,1
CUST04238,54,1662393,4779862,26,723,1,15320,3879170,7824492,138532,Self-Employed,Married,High School,Mortgaged,Business,0
CUST04239,32,1353638,2903638,22,868,4,10998,5735203,1450661,112803,Salaried,Married,High School,Mortgaged,Business,0
CUST04240,36,815607,4348785,22,566,5,16472,942017,3766344,67967,Salaried,Married,Graduate,Mortgaged,Business,1
CUST04241,33,656089,1127365,23,898,5,4084,1803423,1975099,54674,Salaried,Single,High School,Owned,Business,0
CUST04242,57,1672147,1489640,5,410,0,24827,9368274,1328583,139345,Salaried,Married,Graduate,Owned,Car,0
CUST04243,23,2355735,4875909,21,791,1,19348,2145740,3173028,196311,Salaried,Single,High School,Mortgaged,Home,0
CUST04244,37,1919999,4988898,28,892,3,14847,1722887,6121851,159999,Business Owner,Married,High School,Mortgaged,Personal,0
CUST04245,34,1650689,4390386,7,479,4,52266,8613177,2559625,137557,Salaried,Divorced,Post-Graduate,Rented,Medical,1
CUST04246,33,2315601,1619781,1,388,5,134981,9452445,6550550,192966,Salaried,Single,Graduate,Mortgaged,Education,1
CUST04247,30,2264061,4017190,11,698,3,30433,8198170,4887482,188671,Self-Employed,Single,Post-Graduate,Rented,Car,0
CUST04248,61,1340206,2321278,8,821,0,24179,1122737,5658400,111683,Business Owner,Married,Doctorate,Owned,Home,0
CUST04249,38,406787,4227450,28,349,4,12581,8405336,1945668,33898,Self-Employed,Divorced,Graduate,Mortgaged,Personal,1
CUST04250,39,1640567,4263732,13,684,4,27331,2742779,6905453,136713,Salaried,Married,Post-Graduate,Mortgaged,Home,1
CUST04251,38,1613699,2202566,20,822,2,9177,209046,1630282,134474,Unemployed,Married,High School,Rented,Medical,0
CUST04252,64,801785,1557751,29,319,3,4476,9217142,2969460,66815,Salaried,Married,Post-Graduate,Rented,Medical,0
CUST04253,36,2146235,4875519,23,609,1,17664,2749693,6266217,178852,Salaried,Single,Graduate,Rented,Medical,0
CUST04254,36,2194385,2280174,22,346,4,8637,6619554,5522520,182865,Self-Employed,Widowed,Post-Graduate,Rented,Car,1
CUST04255,36,927663,2186761,29,405,0,6283,830590,2395649,77305,Salaried,Married,High School,Rented,Home,0
CUST04256,36,1270616,3344656,20,591,5,13936,1975886,2110789,105884,Self-Employed,Divorced,Doctorate,Rented,Personal,1
CUST04257,25,608586,4686508,7,496,5,55791,8819689,3464558,50715,Unemployed,Divorced,Graduate,Rented,Medical,1
CUST04258,47,569126,695814,22,351,4,2635,5961723,3571521,47427,Salaried,Divorced,Post-Graduate,Owned,Business,1
CUST04259,23,772800,4923126,10,780,4,41026,9986506,475844,64400,Salaried,Single,Doctorate,Owned,Home,1
CUST04260,31,1009600,2140634,10,421,5,17838,1885872,1939937,84133,Salaried,Divorced,Post-Graduate,Owned,Home,1
CUST04261,30,791394,176693,19,822,0,774,8918300,1236426,65949,Salaried,Single,Graduate,Rented,Home,0
CUST04262,34,506341,1581579,10,406,3,13179,8756976,1236269,42195,Self-Employed,Married,Graduate,Rented,Personal,1
CUST04263,54,1200917,2339349,1,611,3,194945,9249385,2828154,100076,Unemployed,Married,Graduate,Rented,Home,0
CUST04264,47,1615375,3400032,29,736,5,9770,593303,287625,134614,Self-Employed,Single,Graduate,Rented,Business,0
CUST04265,64,916014,2853504,17,588,4,13987,1134823,5417076,76334,Unemployed,Married,Graduate,Owned,Education,1
CUST04266,37,1403840,723048,20,550,3,3012,5344799,5371394,116986,Salaried,Married,Post-Graduate,Mortgaged,Medical,0
CUST04267,61,787494,2466756,24,750,3,8565,1245480,1763399,65624,Salaried,Single,Post-Graduate,Rented,Car,0
CUST04268,23,1804072,1202020,19,307,0,5272,728382,7002184,150339,Salaried,Married,Graduate,Rented,Car,1
CUST04269,43,1674003,1384253,18,795,1,6408,8132857,4749745,139500,Self-Employed,Single,High School,Owned,Home,0
CUST04270,56,2406142,3571312,23,713,2,12939,6980725,2515355,200511,Salaried,Married,Post-Graduate,Rented,Car,0
CUST04271,44,274626,4026265,9,758,5,37280,8455811,1552063,22885,Salaried,Married,Graduate,Rented,Medical,1
CUST04272,62,2154879,823310,25,552,5,2744,9364392,3433883,179573,Salaried,Married,Post-Graduate,Mortgaged,Medical,0
CUST04273,35,949854,3031752,21,530,3,12030,1511559,7681248,79154,Salaried,Married,Post-Graduate,Owned,Medical,1
CUST04274,23,305207,2138995,6,643,0,29708,8327557,28375,25433,Self-Employed,Married,Graduate,Rented,Home,0
CUST04275,55,1770917,1716479,5,685,4,28607,533366,160736,147576,Business Owner,Single,Graduate,Mortgaged,Car,0
CUST04276,24,553542,3578759,26,855,2,11470,3780105,3302838,46128,Salaried,Married,Post-Graduate,Mortgaged,Personal,0
CUST04277,54,563246,1281701,26,814,3,4108,3045618,7352807,46937,Salaried,Married,Graduate,Mortgaged,Business,0
CUST04278,53,2452184,3839068,29,332,2,11031,2445358,2250576,204348,Salaried,Single,High School,Owned,Car,1
CUST04279,58,669180,2033707,3,391,4,56491,7213665,5979019,55765,Salaried,Divorced,Graduate,Rented,Car,1
CUST04280,42,1435833,519661,26,867,1,1665,1298172,4593600,119652,Salaried,Single,High School,Owned,Business,0
CUST04281,60,621566,3971631,26,532,0,12729,8110049,1594910,51797,Self-Employed,Widowed,Doctorate,Rented,Education,0
CUST04282,29,441376,4267378,23,648,1,15461,8748877,7268137,36781,Self-Employed,Single,High School,Rented,Education,1
CUST04283,40,152176,2837194,15,333,5,15762,6690232,1306209,12681,Self-Employed,Married,Graduate,Rented,Education,1
CUST04284,27,187715,3633662,15,362,0,20187,902980,4049220,15642,Business Owner,Single,Doctorate,Mortgaged,Education,1
CUST04285,54,1263354,780392,13,545,1,5002,6006601,5301455,105279,Salaried,Divorced,High School,Mortgaged,Education,0
CUST04286,52,1169900,1729508,1,730,2,144125,6325408,5404261,97491,Self-Employed,Married,High School,Owned,Medical,0
CUST04287,56,241553,1781998,15,763,5,9899,3793037,6834759,20129,Self-Employed,Single,High School,Mortgaged,Medical,1
CUST04288,54,971540,3830824,7,836,2,45605,3735947,5643862,80961,Salaried,Single,Doctorate,Mortgaged,Home,0
CUST04289,35,791408,1792591,6,418,5,24897,4744751,5258245,65950,Salaried,Married,Doctorate,Rented,Home,1
CUST04290,24,1492602,3655079,2,421,5,152294,9958205,1219455,124383,Salaried,Single,Graduate,Owned,Personal,1
CUST04291,61,2487788,1568880,14,625,3,9338,136101,2453086,207315,Salaried,Single,Post-Graduate,Owned,Business,1
CUST04292,43,1775354,3024411,2,628,2,126017,5137350,2772564,147946,Salaried,Widowed,Post-Graduate,Rented,Business,0
CUST04293,26,2308231,1088542,25,321,3,3628,3237623,2968393,192352,Salaried,Married,High School,Owned,Business,1
CUST04294,61,601730,2814481,26,568,4,9020,5533030,905164,50144,Business Owner,Single,Graduate,Owned,Personal,1
CUST04295,64,655428,450052,24,838,0,1562,139213,760521,54619,Business Owner,Married,Post-Graduate,Owned,Car,0
CUST04296,41,1914399,3686782,9,398,4,34136,9187098,3525972,159533,Self-Employed,Single,High School,Rented,Home,0
CUST04297,55,878505,194055,5,792,2,3234,4624295,5783341,73208,Self-Employed,Married,Graduate,Rented,Medical,0
CUST04298,23,2144610,4996336,15,568,5,27757,9699405,7098285,178717,Unemployed,Single,Graduate,Owned,Business,0
CUST04299,26,1239705,4202882,20,614,3,17512,1626819,7521480,103308,Salaried,Married,Graduate,Mortgaged,Education,1
CUST04300,33,621929,2913833,1,684,5,242819,5878000,3847474,51827,Salaried,Single,High School,Owned,Home,1
CUST04301,50,2134371,4552407,25,723,0,15174,6830229,7185005,177864,Self-Employed,Widowed,Graduate,Rented,Medical,0
CUST04302,27,1443579,4053153,13,682,0,25981,7982202,3649223,120298,Unemployed,Single,High School,Rented,Education,0
CUST04303,23,2036217,756749,24,362,0,2627,189246,3786911,169684,Self-Employed,Married,Doctorate,Rented,Personal,1
CUST04304,50,1212765,3734154,3,477,5,103726,6384190,1674588,101063,Salaried,Married,High School,Rented,Car,1
CUST04305,55,446667,1917642,13,807,5,12292,1563395,5023817,37222,Self-Employed,Married,Graduate,Rented,Education,1
CUST04306,53,1750435,4286251,14,324,5,25513,4331264,2481738,145869,Salaried,Single,Graduate,Rented,Medical,1
CUST04307,56,442454,4325848,2,729,1,180243,628452,3880090,36871,Salaried,Divorced,Graduate,Owned,Business,1
CUST04308,56,1708733,4774898,21,612,1,18948,667422,7492796,142394,Salaried,Widowed,Post-Graduate,Rented,Car,1
CUST04309,47,1129320,2282373,28,371,2,6792,7686564,4371076,94110,Self-Employed,Single,Graduate,Owned,Medical,0
CUST04310,44,2010094,1005761,16,373,4,5238,7205664,2423962,167507,Salaried,Single,Graduate,Mortgaged,Car,1
CUST04311,58,2194724,669126,12,888,1,4646,8963282,5363403,182893,Salaried,Widowed,Graduate,Rented,Medical,0
CUST04312,36,1107325,869025,19,318,3,3811,7032601,5851092,92277,Self-Employed,Married,Post-Graduate,Owned,Education,0
CUST04313,26,2222899,4959424,11,313,3,37571,5998791,4853316,185241,Salaried,Married,Post-Graduate,Mortgaged,Medical,1
CUST04314,54,410613,2952441,11,310,2,22366,1255352,337133,34217,Business Owner,Married,Graduate,Rented,Car,1
CUST04315,33,402309,1791410,23,677,2,6490,7674535,1808941,33525,Salaried,Single,Post-Graduate,Rented,Home,0
CUST04316,64,2484816,2274010,18,855,3,10527,2377681,1026511,207068,Self-Employed,Single,Post-Graduate,Mortgaged,Medical,0
CUST04317,39,1499598,905769,8,403,4,9435,1155705,7646103,124966,Salaried,Married,Post-Graduate,Rented,Home,1
CUST04318,58,1209176,2875077,12,777,1,19965,7348069,2491823,100764,Unemployed,Married,Doctorate,Owned,Personal,0
CUST04319,23,515836,2157070,25,731,3,7190,5921532,3794540,42986,Business Owner,Married,Post-Graduate,Mortgaged,Home,1
CUST04320,50,829144,4000311,16,437,0,20834,1582148,7211366,69095,Salaried,Married,Graduate,Mortgaged,Personal,1
CUST04321,41,1762403,154732,3,342,0,4298,5537459,7929989,146866,Self-Employed,Married,Graduate,Owned,Home,0
CUST04322,41,2081026,4661986,25,592,3,15539,6940256,1754333,173418,Self-Employed,Married,Post-Graduate,Owned,Home,0
CUST04323,33,2303618,350267,22,348,2,1326,5038988,6875048,191968,Salaried,Single,Post-Graduate,Rented,Business,0
CUST04324,63,1108173,2116208,8,368,1,22043,7207974,5813956,92347,Self-Employed,Married,High School,Rented,Business,0
CUST04325,38,1218707,1736106,29,579,0,4988,5094730,4912026,101558,Business Owner,Single,Graduate,Owned,Education,0
CUST04326,58,533750,3603766,28,789,5,10725,3598104,1340195,44479,Salaried,Single,High School,Mortgaged,Education,1
CUST04327,40,345244,3308160,29,896,4,9506,2311900,5529138,28770,Unemployed,Single,Graduate,Owned,Medical,1
CUST04328,24,1178948,1024155,11,676,5,7758,2656000,4902736,98245,Salaried,Divorced,Graduate,Mortgaged,Education,1
CUST04329,59,1511247,2479099,27,465,0,7651,8110269,3570354,125937,Business Owner,Married,Graduate,Mortgaged,Home,0
CUST04330,29,395142,2696032,24,496,0,9361,3793090,4694625,32928,Unemployed,Single,Post-Graduate,Owned,Car,1
CUST04331,33,1110014,2346209,26,667,1,7519,7190123,1685874,92501,Salaried,Married,High School,Rented,Personal,0
CUST04332,59,1657673,157933,16,403,0,822,3656046,4975583,138139,Salaried,Married,Graduate,Owned,Business,0
CUST04333,60,2055612,931614,9,611,2,8626,5302011,1225633,171301,Self-Employed,Married,Graduate,Rented,Personal,0
CUST04334,61,2355445,2543565,7,761,3,30280,6109496,2290212,196287,Business Owner,Single,Post-Graduate,Rented,Personal,0
CUST04335,40,949809,1339290,29,805,1,3848,4829477,3959452,79150,Salaried,Single,High School,Mortgaged,Medical,0
CUST04336,54,1070558,2749415,15,335,2,15274,7464098,1296823,89213,Salaried,Single,Graduate,Rented,Home,0
CUST04337,36,2206008,860174,27,473,3,2654,9249013,7309462,183834,Self-Employed,Married,Post-Graduate,Rented,Personal,1
CUST04338,53,1779184,3690454,17,452,1,18090,8631351,7091885,148265,Salaried,Single,Post-Graduate,Owned,Car,0
CUST04339,43,793195,982831,16,632,2,5118,9222098,3794680,66099,Self-Employed,Married,Graduate,Owned,Education,0
CUST04340,24,1760084,3264949,3,411,3,90693,396923,4555551,146673,Self-Employed,Divorced,Graduate,Rented,Education,1
CUST04341,39,520166,4191265,12,870,5,29106,7617168,2332852,43347,Unemployed,Single,Doctorate,Mortgaged,Medical,1
CUST04342,42,1205246,1824063,17,850,1,8941,7292860,1696345,100437,Salaried,Single,Graduate,Mortgaged,Car,0
CUST04343,33,870228,740422,4,499,0,15425,4182773,7688315,72519,Unemployed,Divorced,High School,Rented,Business,0
CUST04344,38,2482705,78367,5,544,5,1306,3210441,3306632,206892,Self-Employed,Married,Doctorate,Mortgaged,Personal,0
CUST04345,43,232052,1834746,18,563,3,8494,626268,7628632,19337,Business Owner,Married,Post-Graduate,Owned,Education,1
CUST04346,24,2163400,621655,8,325,2,6475,8402555,536731,180283,Salaried,Divorced,Graduate,Mortgaged,Car,0
CUST04347,28,810928,4415134,21,833,4,17520,8417902,853441,67577,Self-Employed,Married,Post-Graduate,Owned,Home,1
CUST04348,54,235125,4866650,14,767,5,28968,849597,3803008,19593,Business Owner,Married,Graduate,Owned,Education,1
CUST04349,37,1701276,4904115,12,499,0,34056,5863186,6255253,141773,Self-Employed,Married,Post-Graduate,Mortgaged,Home,0
CUST04350,48,1743378,4615549,4,628,5,96157,5556627,3391126,145281,Salaried,Divorced,Graduate,Rented,Medical,1
CUST04351,46,484364,2954235,12,528,3,20515,1806840,6718870,40363,Salaried,Married,Graduate,Mortgaged,Medical,1
CUST04352,45,240065,1659211,16,436,3,8641,5531868,1061809,20005,Salaried,Single,Post-Graduate,Rented,Personal,1
CUST04353,39,411707,2260426,17,482,5,11080,8136295,6849388,34308,Salaried,Married,Post-Graduate,Owned,Business,1
CUST04354,42,1110844,1331322,8,364,1,13867,3332463,3554978,92570,Self-Employed,Single,High School,Owned,Home,0
CUST04355,57,461105,4209199,1,785,4,350766,7284865,2280300,38425,Unemployed,Married,Post-Graduate,Rented,Business,1
CUST04356,63,1802151,2210260,28,692,3,6578,9706035,5116258,150179,Self-Employed,Single,Post-Graduate,Rented,Education,0
CUST04357,33,332246,1956366,28,858,5,5822,4602294,6228433,27687,Salaried,Married,Graduate,Rented,Medical,1
CUST04358,50,2003954,3465203,27,303,2,10695,1158539,7427923,166996,Salaried,Married,Graduate,Owned,Business,1
CUST04359,63,2205393,1900264,9,678,4,17595,3043920,700601,183782,Salaried,Married,Graduate,Owned,Home,0
CUST04360,22,1834600,1816296,18,636,2,8408,1450332,5625481,152883,Salaried,Married,Doctorate,Rented,Business,0
CUST04361,55,2368670,1175220,5,674,2,19587,3592156,2516091,197389,Business Owner,Single,Graduate,Owned,Business,0
CUST04362,43,2357192,383104,27,893,2,1182,6478170,4019482,196432,Salaried,Single,Graduate,Rented,Medical,0
CUST04363,63,259418,237997,1,534,5,19833,2106213,3694785,21618,Salaried,Married,Graduate,Owned,Home,1
CUST04364,46,953610,2043835,14,384,5,12165,5191562,6160408,79467,Self-Employed,Married,High School,Mortgaged,Business,1
CUST04365,58,1936168,4976610,25,307,1,16588,9980885,3187525,161347,Salaried,Divorced,High School,Rented,Car,0
CUST04366,29,948153,1339915,22,595,5,5075,2718224,2239482,79012,Salaried,Married,High School,Owned,Home,1
CUST04367,28,1882306,3223288,26,404,3,10331,8810826,3899234,156858,Salaried,Married,High School,Mortgaged,Personal,0
CUST04368,61,1969607,1658403,15,384,0,9213,3112290,5350252,164133,Salaried,Divorced,Post-Graduate,Rented,Home,0
CUST04369,44,2492737,1548396,3,388,4,43011,6179504,6770761,207728,Self-Employed,Married,High School,Rented,Personal,1
CUST04370,46,925187,856638,1,466,0,71386,1654530,40497,77098,Salaried,Single,Graduate,Owned,Home,0
CUST04371,29,967496,2838953,5,369,5,47315,2754154,4548333,80624,Self-Employed,Married,Graduate,Rented,Medical,1
CUST04372,31,207043,3311258,2,591,2,137969,8690864,580409,17253,Salaried,Divorced,Post-Graduate,Mortgaged,Home,1
CUST04373,57,820946,1783491,13,692,5,11432,5938460,4959860,68412,Salaried,Married,High School,Owned,Medical,1
CUST04374,35,809243,2656823,2,473,2,110700,5738236,4994125,67436,Self-Employed,Single,Graduate,Rented,Medical,0
CUST04375,47,1214742,2406985,6,381,0,33430,5156212,6840051,101228,Salaried,Married,Post-Graduate,Owned,Home,0
CUST04376,35,1139773,1390772,13,643,4,8915,2523862,1540396,94981,Salaried,Single,Graduate,Rented,Home,0
CUST04377,33,2162951,3474006,22,351,4,13159,9298757,6356472,180245,Salaried,Married,Graduate,Rented,Business,1
CUST04378,29,1968407,2791619,20,742,1,11631,3994865,5509836,164033,Salaried,Widowed,High School,Owned,Education,0
CUST04379,61,1862195,375977,2,529,1,15665,213424,5321174,155182,Salaried,Widowed,Post-Graduate,Owned,Personal,1
CUST04380,62,162249,2488903,27,545,5,7681,9076182,5094026,13520,Unemployed,Married,Graduate,Rented,Car,1
CUST04381,26,1258315,1977437,16,449,4,10299,560896,4397313,104859,Salaried,Divorced,Post-Graduate,Rented,Education,1
CUST04382,37,1864557,3990075,11,469,1,30227,8879727,509333,155379,Salaried,Married,Doctorate,Mortgaged,Medical,0
CUST04383,46,724722,1567777,12,387,4,10887,2733414,6504982,60393,Salaried,Widowed,Post-Graduate,Rented,Business,1
CUST04384,38,1148401,4782122,25,634,1,15940,784156,3139973,95700,Salaried,Divorced,High School,Mortgaged,Medical,1
CUST04385,53,1858486,3094260,14,387,1,18418,2281981,835855,154873,Self-Employed,Divorced,Post-Graduate,Mortgaged,Car,0
CUST04386,33,2017168,696819,8,708,3,7258,6575591,4904017,168097,Self-Employed,Single,Graduate,Owned,Medical,0
CUST04387,24,2158138,2046694,13,453,4,13119,5503307,7577961,179844,Unemployed,Single,High School,Mortgaged,Education,1
CUST04388,36,1160059,4425371,2,639,5,184390,1614414,5707853,96671,Salaried,Single,Graduate,Mortgaged,Education,1
CUST04389,47,1089885,1310195,5,622,2,21836,3071759,1967953,90823,Salaried,Married,High School,Rented,Car,0
CUST04390,29,1049361,3538744,10,680,0,29489,2187745,6528673,87446,Self-Employed,Divorced,Post-Graduate,Rented,Business,0
CUST04391,57,1721175,3927611,7,754,3,46757,6567287,6773044,143431,Salaried,Widowed,Post-Graduate,Rented,Car,0
CUST04392,22,1135939,3478140,11,636,4,26349,8655655,2643543,94661,Salaried,Divorced,Post-Graduate,Owned,Business,1
CUST04393,24,1090498,497373,2,811,5,20723,2625463,4182824,90874,Salaried,Married,Post-Graduate,Owned,Business,1
CUST04394,43,545450,1902789,18,455,0,8809,8962384,6693728,45454,Salaried,Married,Graduate,Owned,Personal,0
CUST04395,44,1274459,1773646,4,750,3,36950,4140106,1259954,106204,Business Owner,Married,Post-Graduate,Rented,Home,0
CUST04396,34,707627,1752345,7,505,3,20861,918649,2834035,58968,Business Owner,Married,Graduate,Rented,Personal,1
CUST04397,33,1383539,4401043,29,676,3,12646,3291981,3650868,115294,Self-Employed,Single,Graduate,Owned,Home,0
CUST04398,25,2238355,77915,1,595,0,6492,8751840,55894,186529,Salaried,Married,Graduate,Owned,Education,0
CUST04399,50,1972955,2718132,9,844,0,25167,8104127,1336207,164412,Self-Employed,Married,Post-Graduate,Owned,Home,0
CUST04400,38,1273427,4911914,15,462,3,27288,7312086,4880047,106118,Self-Employed,Single,Post-Graduate,Mortgaged,Medical,1
CUST04401,27,2447139,4383739,9,611,1,40590,4047648,2108143,203928,Self-Employed,Married,Doctorate,Mortgaged,Education,0
CUST04402,39,2453529,3052203,10,398,3,25435,7779532,1933348,204460,Salaried,Married,Post-Graduate,Owned,Business,0
CUST04403,62,1194260,4989818,4,680,0,103954,7131784,2368811,99521,Unemployed,Married,Graduate,Mortgaged,Medical,0
CUST04404,33,1944232,2041526,13,322,4,13086,7938971,995050,162019,Salaried,Married,Graduate,Mortgaged,Car,1
CUST04405,60,954440,3076212,22,546,1,11652,5621942,5094866,79536,Self-Employed,Single,Graduate,Mortgaged,Medical,0
CUST04406,33,2214816,2741655,18,305,2,12692,5121609,2066862,184568,Business Owner,Married,Post-Graduate,Mortgaged,Car,0
CUST04407,29,1027938,284254,27,496,2,877,9671023,5213219,85661,Business Owner,Single,Graduate,Rented,Car,0
CUST04408,33,756959,250608,21,590,2,994,9474385,6623311,63079,Unemployed,Married,High School,Owned,Car,0
CUST04409,35,464639,4489537,23,499,3,16266,5408066,3829567,38719,Salaried,Married,Graduate,Mortgaged,Medical,1
CUST04410,27,2130198,909572,13,531,3,5830,2083560,7312010,177516,Self-Employed,Married,Post-Graduate,Mortgaged,Business,1
CUST04411,47,847806,1806398,18,388,4,8362,4148815,1570388,70650,Salaried,Divorced,Graduate,Owned,Business,1
CUST04412,36,2061300,3135631,17,728,5,15370,5099154,7693572,171775,Self-Employed,Single,Graduate,Rented,Personal,1
CUST04413,52,353151,2898925,24,777,1,10065,6803541,2575095,29429,Salaried,Married,Graduate,Rented,Home,0
CUST04414,43,1327076,2595595,15,572,5,14419,3253670,2422642,110589,Salaried,Divorced,Graduate,Rented,Business,0
CUST04415,41,1155551,4896917,12,333,3,34006,549513,7835967,96295,Unemployed,Widowed,Post-Graduate,Rented,Education,1
CUST04416,42,1181225,3946020,3,337,1,109611,8242069,3647429,98435,Business Owner,Single,Graduate,Owned,Personal,1
CUST04417,28,543289,4711785,25,704,5,15705,9495195,5979865,45274,Salaried,Single,Post-Graduate,Rented,Education,1
CUST04418,52,323583,3310776,13,857,4,21222,918737,6420208,26965,Salaried,Married,Post-Graduate,Owned,Car,1
CUST04419,26,964055,4896649,24,818,1,17002,3253095,3585846,80337,Salaried,Divorced,Graduate,Owned,Car,0
CUST04420,53,1255047,3027106,20,543,1,12612,4393417,2543221,104587,Salaried,Single,Post-Graduate,Rented,Personal,0
CUST04421,64,2014907,2731551,1,598,3,227629,7628163,3930723,167908,Salaried,Married,Post-Graduate,Rented,Education,0
CUST04422,54,1236768,4085565,19,397,4,17919,7757428,3081145,103064,Business Owner,Widowed,Graduate,Rented,Home,1
CUST04423,41,727929,4350606,15,342,0,24170,3498865,3331338,60660,Salaried,Married,High School,Owned,Education,1
CUST04424,35,766851,387902,7,759,3,4617,3192175,1898195,63904,Salaried,Married,Graduate,Rented,Education,0
CUST04425,59,1587952,4557370,8,557,3,47472,4111248,7318803,132329,Self-Employed,Widowed,Graduate,Owned,Personal,0
CUST04426,33,1173795,3469889,19,598,5,15218,2480715,4578938,97816,Salaried,Married,Graduate,Owned,Education,1
CUST04427,42,2267776,4493290,3,505,4,124813,4421555,6372715,188981,Salaried,Single,Graduate,Mortgaged,Car,1
CUST04428,55,1183462,3592174,18,487,5,16630,2699236,5274133,98621,Salaried,Single,Post-Graduate,Rented,Personal,1
CUST04429,61,1482283,4638246,25,891,0,15460,696370,2823940,123523,Salaried,Married,High School,Rented,Business,0
CUST04430,61,300175,1412059,3,789,4,39223,7164542,2547515,25014,Salaried,Single,Post-Graduate,Rented,Education,1
CUST04431,25,605412,978855,1,714,2,81571,7892766,7858853,50451,Self-Employed,Single,Graduate,Rented,Personal,0
CUST04432,60,2147891,1018465,2,533,3,42436,2939148,193844,178990,Salaried,Single,Post-Graduate,Owned,Education,0
CUST04433,26,960200,1298188,22,732,5,4917,4068198,2359143,80016,Business Owner,Married,Post-Graduate,Rented,Car,1
CUST04434,47,1139378,1108569,25,503,5,3695,4086567,5887262,94948,Business Owner,Married,Graduate,Mortgaged,Business,0
CUST04435,61,1537367,2236008,29,609,1,6425,319156,4366836,128113,Business Owner,Married,Graduate,Rented,Business,1
CUST04436,50,285962,1030797,1,387,1,85899,5502114,4932778,23830,Unemployed,Married,Graduate,Mortgaged,Car,1
CUST04437,62,1340536,832930,14,725,4,4957,4638356,172483,111711,Unemployed,Widowed,Graduate,Mortgaged,Personal,0
CUST04438,36,963514,2642721,2,336,5,110113,9413524,1751990,80292,Business Owner,Married,Graduate,Owned,Business,1
CUST04439,35,499256,3977064,11,733,3,30129,3780437,4795333,41604,Salaried,Married,High School,Mortgaged,Personal,1
CUST04440,36,1133092,721350,9,662,0,6679,7964040,2517181,94424,Salaried,Single,Graduate,Rented,Personal,0
CUST04441,37,1199971,2580926,18,339,0,11948,3967016,3763523,99997,Self-Employed,Married,High School,Rented,Business,0
CUST04442,51,587867,3313465,27,603,4,10226,1934288,7656908,48988,Business Owner,Single,High School,Rented,Personal,1
CUST04443,41,1426206,3542644,24,433,4,12300,3551741,5105180,118850,Business Owner,Married,Graduate,Rented,Business,1
CUST04444,53,1903523,570137,2,585,5,23755,8842533,5041628,158626,Self-Employed,Widowed,High School,Owned,Home,0
CUST04445,39,778231,3682080,7,307,3,43834,2637514,1571615,64852,Business Owner,Single,High School,Owned,Personal,1
CUST04446,35,2421347,183103,8,733,2,1907,8463197,4763822,201778,Self-Employed,Single,Post-Graduate,Rented,Home,0
CUST04447,30,1589246,1222791,8,605,0,12737,6688192,7680331,132437,Self-Employed,Married,Post-Graduate,Owned,Car,0
CUST04448,45,1966744,1630486,11,517,4,12352,7477722,5117525,163895,Salaried,Widowed,Doctorate,Owned,Medical,0
CUST04449,60,314876,4272381,18,825,5,19779,7549791,6280964,26239,Salaried,Married,Post-Graduate,Owned,Business,1
CUST04450,58,1953553,999705,22,686,0,3786,5217369,7635556,162796,Salaried,Single,Post-Graduate,Mortgaged,Business,0
CUST04451,32,941026,3923096,28,665,2,11675,6058362,7210188,78418,Salaried,Married,Post-Graduate,Owned,Medical,1
CUST04452,42,1818836,4943877,21,388,2,19618,791168,2718872,151569,Salaried,Married,Graduate,Mortgaged,Personal,1
CUST04453,52,2040050,4801670,9,600,4,44459,7020629,2364485,170004,Salaried,Married,High School,Rented,Education,0
CUST04454,48,738437,1549831,6,720,4,21525,7143901,2247327,61536,Business Owner,Married,Doctorate,Owned,Car,0
CUST04455,24,759319,523776,11,855,1,3968,1126613,6161954,63276,Salaried,Married,Doctorate,Owned,Medical,0
CUST04456,47,289868,1149217,24,662,5,3990,5231587,3013939,24155,Self-Employed,Single,Graduate,Owned,Medical,1
CUST04457,23,1572165,3855654,29,403,0,11079,5138576,6580155,131013,Salaried,Widowed,Graduate,Rented,Home,0
CUST04458,27,1968977,1024010,12,706,4,7111,3166771,6407592,164081,Business Owner,Single,High School,Owned,Business,0
CUST04459,50,1113569,3245681,6,344,4,45078,754723,5327349,92797,Salaried,Single,High School,Mortgaged,Car,1
CUST04460,26,528321,1900571,1,487,0,158380,198386,967670,44026,Self-Employed,Married,Graduate,Rented,Medical,1
CUST04461,36,893681,3845928,3,850,4,106831,2164656,5694865,74473,Self-Employed,Married,High School,Rented,Home,1
CUST04462,47,1096683,3048952,19,781,1,13372,2387384,1654597,91390,Salaried,Married,Graduate,Rented,Car,0
CUST04463,50,2302909,2948264,18,841,1,13649,2198030,4420991,191909,Self-Employed,Single,Post-Graduate,Rented,Personal,0
CUST04464,41,441445,3920629,19,511,0,17195,6096332,1825964,36787,Self-Employed,Single,Post-Graduate,Mortgaged,Education,1
CUST04465,26,956665,4776620,1,709,4,398051,4269411,496183,79722,Business Owner,Single,Post-Graduate,Rented,Home,1
CUST04466,56,1649445,1854652,13,720,4,11888,1211835,5091019,137453,Salaried,Married,Graduate,Rented,Business,1
CUST04467,62,706188,2667804,6,447,3,37052,930842,3610730,58849,Unemployed,Single,Graduate,Mortgaged,Business,1
CUST04468,60,2229128,3148556,10,865,4,26237,6588645,5132664,185760,Salaried,Widowed,Graduate,Mortgaged,Car,0
CUST04469,54,2286858,4124126,19,881,2,18088,9352025,3924287,190571,Salaried,Married,Graduate,Mortgaged,Personal,0
CUST04470,39,1043255,2436196,8,366,3,25377,8214753,2975091,86937,Salaried,Married,Doctorate,Mortgaged,Car,1
CUST04471,59,1902969,1903984,20,759,4,7933,7601674,124657,158580,Salaried,Divorced,Graduate,Rented,Medical,0
CUST04472,42,1926414,4240151,9,568,2,39260,3249965,2209538,160534,Salaried,Married,High School,Rented,Medical,0
CUST04473,27,1752229,4768335,15,704,3,26490,7069493,7044446,146019,Business Owner,Married,Graduate,Rented,Medical,0
CUST04474,58,588242,2866756,14,632,0,17064,911656,6037215,49020,Self-Employed,Divorced,Graduate,Rented,Personal,1
CUST04475,35,266407,562317,12,433,3,3904,1796526,3710972,22200,Unemployed,Married,Graduate,Mortgaged,Home,1
CUST04476,62,965972,1484963,4,357,5,30936,1483018,253812,80497,Salaried,Single,Graduate,Rented,Car,1
CUST04477,37,458331,2341603,17,607,4,11478,1918504,7879757,38194,Self-Employed,Married,Graduate,Rented,Business,1
CUST04478,59,836964,3532756,29,802,1,10151,3643298,5909901,69747,Salaried,Single,Graduate,Mortgaged,Personal,0
CUST04479,45,1650098,3365265,19,793,3,14759,532076,176980,137508,Salaried,Married,Post-Graduate,Owned,Education,0
CUST04480,42,1533684,4109319,22,464,3,15565,8152999,1682191,127807,Salaried,Widowed,High School,Rented,Business,1
CUST04481,34,642167,198458,24,816,5,689,7178839,1360519,53513,Self-Employed,Married,Post-Graduate,Mortgaged,Education,0
CUST04482,57,191619,2353931,2,513,4,98080,6379359,7222216,15968,Self-Employed,Single,Graduate,Owned,Business,1
CUST04483,24,680249,3520246,23,636,4,12754,1837169,7634934,56687,Salaried,Single,High School,Owned,Medical,1
CUST04484,42,1218785,4936626,8,494,4,51423,8692087,3309545,101565,Salaried,Married,High School,Owned,Home,1
CUST04485,37,1980975,754652,20,613,2,3144,163249,1422954,165081,Salaried,Single,High School,Owned,Business,1
CUST04486,45,1008084,4401529,29,617,2,12648,9944828,5138375,84007,Salaried,Married,High School,Rented,Business,1
CUST04487,32,821923,88458,26,718,2,283,7295222,2180602,68493,Self-Employed,Married,Graduate,Rented,Business,0
CUST04488,50,1445671,1024925,13,583,2,6570,2105405,967754,120472,Salaried,Married,Doctorate,Rented,Personal,0
CUST04489,38,318230,4242633,25,616,5,14142,2048096,2071981,26519,Business Owner,Married,High School,Rented,Medical,1
CUST04490,30,679805,3944441,18,690,5,18261,6978732,2031075,56650,Unemployed,Married,Graduate,Owned,Car,1
CUST04491,30,235615,4865114,4,550,5,101356,8100729,429292,19634,Salaried,Single,Post-Graduate,Mortgaged,Home,1
CUST04492,51,1385198,3024708,7,614,3,36008,4718515,5604868,115433,Business Owner,Married,Graduate,Rented,Home,1
CUST04493,33,1191468,3099033,28,351,1,9223,694873,2817444,99289,Self-Employed,Married,Graduate,Rented,Car,1
CUST04494,35,1518993,2697315,27,821,0,8325,4985432,4402843,126582,Salaried,Single,Graduate,Owned,Business,0
CUST04495,48,1600252,2582967,26,375,1,8278,4846391,4404061,133354,Business Owner,Married,High School,Mortgaged,Car,0
CUST04496,36,1078533,2593996,12,823,3,18013,3323255,6163819,89877,Salaried,Married,Graduate,Rented,Home,0
CUST04497,38,2191880,1497970,10,756,2,12483,9039593,6098483,182656,Self-Employed,Single,Doctorate,Mortgaged,Medical,0
CUST04498,32,2307889,4274385,24,868,3,14841,3490870,4507218,192324,Self-Employed,Married,Graduate,Rented,Car,0
CUST04499,36,410390,1815287,1,314,5,151273,2511351,6704386,34199,Business Owner,Single,Graduate,Mortgaged,Personal,1
CUST04500,51,2312286,3073820,27,430,2,9487,6795191,4554649,192690,Self-Employed,Married,Doctorate,Rented,Medical,0
CUST04501,44,612181,3362793,18,331,5,15568,6221051,209494,51015,Business Owner,Single,Graduate,Owned,Personal,1
CUST04502,64,733762,2711644,19,550,3,11893,6245948,6866071,61146,Salaried,Divorced,High School,Rented,Medical,1
CUST04503,55,1395031,3076581,13,842,4,19721,5090103,6156244,116252,Unemployed,Married,Doctorate,Owned,Home,0
CUST04504,22,219100,291856,29,759,0,838,3253185,3397519,18258,Self-Employed,Single,Post-Graduate,Mortgaged,Car,0
CUST04505,38,1005654,1613959,22,722,1,6113,2650289,3091747,83804,Self-Employed,Single,Post-Graduate,Rented,Education,0
CUST04506,34,607295,2269099,2,809,5,94545,1273951,7160357,50607,Business Owner,Divorced,High School,Mortgaged,Medical,1
CUST04507,47,1283963,2001342,16,302,5,10423,1938129,3406388,106996,Salaried,Married,Graduate,Rented,Personal,1
CUST04508,33,2064510,4544805,25,772,3,15149,5824588,2977721,172042,Salaried,Married,Doctorate,Rented,Medical,0
CUST04509,63,2321692,4490853,3,487,0,124745,4120561,5859327,193474,Business Owner,Divorced,High School,Rented,Medical,0
CUST04510,34,648631,3573096,22,714,0,13534,7420023,2628753,54052,Unemployed,Single,Post-Graduate,Rented,Medical,0
CUST04511,44,1430495,1793791,8,757,2,18685,8062495,3231322,119207,Self-Employed,Married,Post-Graduate,Rented,Personal,0
CUST04512,27,1264879,302222,15,711,5,1679,5630355,6235370,105406,Salaried,Married,Graduate,Rented,Medical,0
CUST04513,61,1125533,3787901,26,550,2,12140,1136032,1786258,93794,Salaried,Married,Post-Graduate,Rented,Medical,0
CUST04514,61,1636834,4425761,15,666,5,24587,136141,92371,136402,Salaried,Married,Post-Graduate,Mortgaged,Home,1
CUST04515,56,2475183,2473714,2,581,3,103071,2361781,2692604,206265,Salaried,Widowed,Post-Graduate,Rented,Car,0
CUST04516,37,1102315,4142002,1,676,0,345166,2894923,1377536,91859,Business Owner,Married,Graduate,Owned,Business,0
CUST04517,24,303256,4656805,22,575,3,17639,829161,2894188,25271,Self-Employed,Divorced,Graduate,Rented,Home,1
CUST04518,52,2302525,2756086,27,536,2,8506,7807935,574125,191877,Salaried,Single,Graduate,Rented,Personal,0
CUST04519,40,2340466,1087351,9,421,1,10068,3734146,4714992,195038,Salaried,Married,High School,Mortgaged,Medical,0
CUST04520,64,907562,160907,28,532,4,478,7451227,4096840,75630,Unemployed,Single,Post-Graduate,Mortgaged,Education,1
CUST04521,52,1328905,3796882,14,732,1,22600,2167245,2178342,110742,Self-Employed,Divorced,Doctorate,Mortgaged,Car,0
CUST04522,45,2177082,2834026,2,822,5,118084,203061,5024568,181423,Salaried,Single,High School,Rented,Home,1
CUST04523,64,1333827,810871,16,361,4,4223,1456003,1156278,111152,Salaried,Married,Post-Graduate,Mortgaged,Personal,0
CUST04524,56,1280816,320215,29,409,4,920,4755932,83007,106734,Salaried,Single,Doctorate,Rented,Personal,1
CUST04525,41,2316616,4848939,8,604,0,50509,4848951,3814876,193051,Salaried,Single,Graduate,Owned,Medical,0
CUST04526,22,2097692,1635875,28,721,5,4868,4429449,1291708,174807,Self-Employed,Single,High School,Mortgaged,Home,0
CUST04527,25,1342211,1669080,19,401,2,7320,9598709,6847715,111850,Salaried,Married,High School,Mortgaged,Education,0
CUST04528,41,529526,3163102,12,494,4,21965,6557585,2420330,44127,Salaried,Single,Graduate,Owned,Personal,1
CUST04529,46,1180256,1853998,21,327,1,7357,7346160,3430213,98354,Salaried,Married,Doctorate,Mortgaged,Business,0
CUST04530,23,1739665,4568919,12,331,4,31728,1337302,2353810,144972,Salaried,Married,Graduate,Mortgaged,Car,1
CUST04531,27,790348,3420654,3,385,1,95018,4709179,3468825,65862,Self-Employed,Widowed,Graduate,Rented,Medical,1
CUST04532,52,1412609,1821088,26,737,4,5836,6252010,777061,117717,Self-Employed,Married,Post-Graduate,Owned,Medical,0
CUST04533,54,1698219,1369851,11,821,1,10377,5889342,7470813,141518,Salaried,Married,Post-Graduate,Mortgaged,Personal,0
CUST04534,23,349798,4307117,17,599,5,21113,9474488,1382779,29149,Salaried,Married,Doctorate,Owned,Home,1
CUST04535,43,1488665,2979081,22,405,4,11284,4809615,3164349,124055,Self-Employed,Single,Post-Graduate,Owned,Home,1
CUST04536,25,1883262,4595887,3,852,2,127663,3780320,6776414,156938,Business Owner,Married,Graduate,Rented,Personal,0
CUST04537,53,653711,1758239,21,467,2,6977,9449342,3411932,54475,Salaried,Divorced,Doctorate,Mortgaged,Personal,0
CUST04538,57,1438777,154167,11,392,0,1167,3439828,5604649,119898,Salaried,Single,Graduate,Mortgaged,Personal,0
CUST04539,59,1817120,4500629,16,382,1,23440,5745000,547068,151426,Unemployed,Single,Graduate,Rented,Medical,0
CUST04540,47,254079,1235167,14,511,4,7352,379907,2368755,21173,Salaried,Married,High School,Mortgaged,Education,1
CUST04541,49,1663604,4235093,23,741,4,15344,1739148,6078975,138633,Unemployed,Married,Graduate,Rented,Car,1
CUST04542,61,760398,3563818,6,538,5,49497,668211,2107259,63366,Business Owner,Single,High School,Rented,Business,1
CUST04543,48,1083734,3796373,4,567,0,79091,4236583,3311513,90311,Salaried,Divorced,Post-Graduate,Owned,Medical,0
CUST04544,41,1672800,453810,12,504,1,3151,9322567,641593,139400,Salaried,Single,High School,Rented,Personal,0
CUST04545,54,160342,1992463,4,866,4,41509,805682,4036511,13361,Unemployed,Married,Graduate,Rented,Personal,1
CUST04546,47,189458,1814953,8,710,2,18905,9757468,2791247,15788,Salaried,Widowed,Doctorate,Owned,Medical,1
CUST04547,58,1199465,3300935,20,698,1,13753,8702796,6883196,99955,Salaried,Married,Post-Graduate,Rented,Car,0
CUST04548,44,2381956,2695868,24,562,1,9360,155852,3184556,198496,Salaried,Married,Post-Graduate,Owned,Education,1
CUST04549,59,164236,3080185,21,618,5,12222,252763,6617490,13686,Self-Employed,Divorced,Post-Graduate,Owned,Home,1
CUST04550,23,2003638,2407232,10,830,5,20060,9016728,7233453,166969,Business Owner,Single,High School,Rented,Medical,0
CUST04551,23,326246,3711886,24,693,0,12888,5894299,6712126,27187,Self-Employed,Single,Graduate,Owned,Personal,1
CUST04552,26,1298990,842382,12,788,5,5849,1822204,5944925,108249,Salaried,Widowed,Post-Graduate,Owned,Business,0
CUST04553,45,1161933,3607359,6,324,3,50102,9542924,4671607,96827,Self-Employed,Married,Post-Graduate,Mortgaged,Car,1
CUST04554,52,1250012,297623,22,815,5,1127,5657451,3833230,104167,Self-Employed,Widowed,Graduate,Mortgaged,Education,0
CUST04555,31,342511,475060,15,870,3,2639,6388632,650202,28542,Salaried,Divorced,Graduate,Rented,Home,0
CUST04556,28,1920801,3632040,11,700,4,27515,6813595,1078858,160066,Self-Employed,Married,Graduate,Owned,Business,0
CUST04557,58,797813,833338,20,873,3,3472,2096015,3041640,66484,Self-Employed,Married,Graduate,Rented,Education,0
CUST04558,54,1961972,3862186,22,640,4,14629,3654681,5249293,163497,Salaried,Married,Graduate,Rented,Home,1
CUST04559,49,1690404,706999,7,465,4,8416,1373902,39805,140867,Unemployed,Single,High School,Owned,Personal,1
CUST04560,42,1445531,776182,4,663,3,16170,5336982,7488098,120460,Salaried,Married,Graduate,Owned,Business,0
CUST04561,40,875246,4665776,15,676,0,25920,9874418,7941957,72937,Salaried,Married,Graduate,Rented,Home,0
CUST04562,22,1682823,927720,2,386,0,38655,6312667,624358,140235,Salaried,Widowed,Graduate,Rented,Personal,0
CUST04563,30,2494474,4572036,19,421,2,20052,6950744,771154,207872,Salaried,Widowed,Graduate,Owned,Education,0
CUST04564,60,2319348,1773201,13,474,2,11366,2019870,6788862,193279,Salaried,Widowed,Graduate,Owned,Home,0
CUST04565,36,2303309,3997190,7,628,5,47585,5465334,1598942,191942,Salaried,Single,Graduate,Rented,Car,1
CUST04566,52,666306,4700212,18,388,0,21760,9943140,1440916,55525,Self-Employed,Married,Graduate,Rented,Personal,1
CUST04567,52,1525478,627756,11,762,5,4755,972306,1497764,127123,Self-Employed,Single,Graduate,Rented,Business,0
CUST04568,35,1084840,1685822,12,365,0,11707,2118430,5610247,90403,Salaried,Married,Post-Graduate,Mortgaged,Home,1
CUST04569,30,2422325,2892643,7,863,2,34436,7226794,1061072,201860,Self-Employed,Divorced,Graduate,Owned,Personal,0
CUST04570,51,2382700,4334305,20,705,2,18059,202350,1470848,198558,Self-Employed,Divorced,Post-Graduate,Mortgaged,Business,1
CUST04571,26,2189840,976791,27,503,3,3014,2145266,3181370,182486,Salaried,Divorced,Graduate,Rented,Medical,0
CUST04572,43,532420,974477,18,523,0,4511,9448417,4800108,44368,Unemployed,Married,Graduate,Mortgaged,Medical,0
CUST04573,60,899411,1873500,7,716,4,22303,289738,7920884,74950,Salaried,Married,Post-Graduate,Rented,Business,1
CUST04574,52,1821497,1062659,25,353,0,3542,4348364,1900996,151791,Salaried,Single,High School,Rented,Personal,0
CUST04575,54,1911551,1372101,4,729,4,28585,3366384,2039060,159295,Salaried,Married,Graduate,Rented,Home,0
CUST04576,25,973182,692746,9,631,3,6414,4046335,4333584,81098,Salaried,Single,High School,Rented,Car,0
CUST04577,30,471554,4153208,2,432,5,173050,2654795,3341847,39296,Salaried,Married,Graduate,Rented,Education,1
CUST04578,33,471739,3993709,25,838,5,13312,2829146,4801262,39311,Salaried,Married,Post-Graduate,Owned,Business,1
CUST04579,34,1758695,765034,2,677,5,31876,7631242,1971749,146557,Self-Employed,Married,Graduate,Rented,Car,0
CUST04580,30,1217298,2706889,16,398,2,14098,355736,4948162,101441,Business Owner,Divorced,Post-Graduate,Mortgaged,Business,1
CUST04581,63,1304042,3248586,6,693,2,45119,1382576,7403792,108670,Self-Employed,Single,Graduate,Rented,Personal,0
CUST04582,29,2066108,3156385,7,546,3,37576,2719225,5462391,172175,Self-Employed,Married,Graduate,Owned,Medical,1
CUST04583,52,189540,4920278,18,758,3,22779,8282243,5880758,15795,Self-Employed,Married,Post-Graduate,Mortgaged,Home,1
CUST04584,47,1923147,3224263,24,595,4,11195,3993673,552236,160262,Self-Employed,Widowed,High School,Mortgaged,Education,1
CUST04585,48,794440,3450920,1,899,2,287576,444692,7218269,66203,Salaried,Single,High School,Rented,Education,1
CUST04586,31,2338342,212694,5,856,2,3544,5251259,5627099,194861,Salaried,Married,Graduate,Rented,Education,0
CUST04587,35,2395148,442205,9,324,0,4094,6310660,5017024,199595,Salaried,Married,Graduate,Owned,Business,0
CUST04588,48,1330020,3113714,28,546,1,9267,4630677,1236781,110835,Salaried,Single,Doctorate,Rented,Education,0
CUST04589,34,892203,4543855,2,421,4,189327,977549,4430020,74350,Self-Employed,Single,High School,Mortgaged,Business,1
CUST04590,51,697976,2025230,6,570,5,28128,8802458,5416259,58164,Salaried,Married,High School,Owned,Business,1
CUST04591,23,576417,3233244,12,387,3,22453,8596040,4988272,48034,Salaried,Single,High School,Rented,Personal,1
CUST04592,25,2498135,1089858,10,621,2,9082,9122165,992300,208177,Salaried,Married,Graduate,Mortgaged,Car,0
CUST04593,53,590698,2308739,2,392,0,96197,9642941,328763,49224,Self-Employed,Single,Graduate,Rented,Home,0
CUST04594,48,1199426,3768865,16,673,0,19629,3239833,3835317,99952,Salaried,Single,High School,Mortgaged,Car,0
CUST04595,23,1276151,3315477,18,572,4,15349,4274440,5738025,106345,Salaried,Married,High School,Rented,Personal,1
CUST04596,60,1746074,615250,6,895,3,8545,9599590,3094147,145506,Salaried,Single,High School,Owned,Car,0
CUST04597,22,2130225,4401269,20,827,1,18338,4552604,5500682,177518,Salaried,Single,Post-Graduate,Mortgaged,Business,0
CUST04598,63,1461291,4639315,2,660,1,193304,8662848,7738770,121774,Self-Employed,Single,Graduate,Owned,Education,0
CUST04599,53,1931304,2411779,22,569,0,9135,6512325,7115876,160942,Salaried,Single,Post-Graduate,Rented,Car,0
CUST04600,64,1481712,1736716,8,729,4,18090,9283584,5046473,123476,Salaried,Married,High School,Owned,Personal,0
CUST04601,62,1176602,2680041,7,701,3,31905,203067,5825679,98050,Unemployed,Married,Graduate,Rented,Home,1
CUST04602,35,520712,4016764,6,383,1,55788,7092675,705647,43392,Salaried,Married,Doctorate,Owned,Medical,1
CUST04603,54,640508,2289614,26,525,4,7338,8028285,681678,53375,Self-Employed,Single,High School,Mortgaged,Personal,1
CUST04604,31,1166182,199171,15,895,5,1106,2062891,5607091,97181,Self-Employed,Single,Graduate,Mortgaged,Business,0
CUST04605,42,258252,409327,21,491,3,1624,7380561,6408185,21521,Salaried,Married,Graduate,Owned,Business,1
CUST04606,32,893450,4067289,6,307,1,56490,2032755,1553107,74454,Salaried,Single,High School,Rented,Home,1
CUST04607,42,1237181,3945997,2,800,0,164416,9057693,4739237,103098,Salaried,Single,Graduate,Rented,Business,0
CUST04608,59,1260693,3871571,2,859,4,161315,9095650,2289202,105057,Salaried,Single,Graduate,Mortgaged,Home,0
CUST04609,40,2064722,675738,13,693,3,4331,136751,868338,172060,Salaried,Married,Graduate,Rented,Medical,1
CUST04610,25,2423999,894847,10,680,2,7457,5119750,3027544,201999,Self-Employed,Married,Graduate,Mortgaged,Education,0
CUST04611,35,1864752,2003121,23,510,0,7257,3886660,3582201,155396,Salaried,Single,Graduate,Mortgaged,Education,0
CUST04612,55,336909,1192729,23,515,4,4321,8915626,6209803,28075,Salaried,Single,Graduate,Rented,Medical,1
CUST04613,44,1110211,1964773,10,848,5,16373,3270729,6916194,92517,Self-Employed,Married,Post-Graduate,Rented,Car,1
CUST04614,46,1865290,2814453,13,814,2,18041,7233424,7552647,155440,Salaried,Single,Post-Graduate,Rented,Business,0
CUST04615,40,1547551,1436201,12,599,1,9973,1255477,835734,128962,Self-Employed,Married,Graduate,Rented,Home,0
CUST04616,34,1225792,661235,20,487,3,2755,2203871,7394681,102149,Salaried,Married,Graduate,Rented,Car,0
CUST04617,47,1175179,2042410,19,412,5,8957,9853789,4142327,97931,Self-Employed,Single,Post-Graduate,Owned,Education,1
CUST04618,49,1104003,3626795,19,306,3,15906,3909122,1365469,92000,Business Owner,Married,Graduate,Rented,Car,1
CUST04619,60,1510687,3109145,2,589,0,129547,7681826,5178847,125890,Salaried,Married,Post-Graduate,Mortgaged,Business,0
CUST04620,48,570135,1641246,10,632,1,13677,9681469,483307,47511,Business Owner,Married,Post-Graduate,Rented,Business,0
CUST04621,64,1366137,1591367,29,704,0,4572,9655689,3693124,113844,Salaried,Married,Graduate,Rented,Education,0
CUST04622,57,633789,2939250,10,783,2,24493,293869,6628264,52815,Salaried,Married,Post-Graduate,Rented,Personal,1
CUST04623,25,1750271,903934,6,520,2,12554,2403500,7770035,145855,Salaried,Married,High School,Owned,Education,0
CUST04624,38,2182159,4176551,6,400,3,58007,7174380,2305746,181846,Salaried,Married,High School,Owned,Education,0
CUST04625,38,1343115,4353369,1,806,4,362780,9275285,1396368,111926,Business Owner,Single,Doctorate,Rented,Education,0
CUST04626,22,1060812,175809,23,757,0,636,9789918,4662608,88401,Salaried,Single,Post-Graduate,Rented,Car,0
CUST04627,29,2360435,4855621,1,619,5,404635,7230603,1258654,196702,Salaried,Single,Graduate,Mortgaged,Medical,1
CUST04628,54,1700276,165935,18,323,1,768,1131054,7829019,141689,Business Owner,Married,Post-Graduate,Owned,Home,1
CUST04629,37,1155866,2319989,12,580,3,16111,7450905,2622227,96322,Salaried,Married,High School,Rented,Car,0
CUST04630,28,217642,3353253,3,671,1,93145,2792729,1491376,18136,Self-Employed,Married,Post-Graduate,Mortgaged,Home,1
CUST04631,34,187403,1668747,26,815,2,5348,8105305,1904838,15616,Salaried,Married,Doctorate,Owned,Education,1
CUST04632,33,670493,1057937,22,604,4,4007,5515429,2998847,55874,Unemployed,Widowed,Post-Graduate,Mortgaged,Medical,0
CUST04633,29,705477,285036,24,577,0,989,1920372,5933067,58789,Salaried,Married,Graduate,Rented,Personal,0
CUST04634,26,1845289,3650601,28,527,2,10864,8453272,6940791,153774,Self-Employed,Married,Graduate,Mortgaged,Medical,0
CUST04635,54,1326426,232415,27,548,3,717,9889634,5891012,110535,Self-Employed,Single,Post-Graduate,Rented,Personal,0
CUST04636,57,2499904,2446872,21,309,3,9709,5114467,5199844,208325,Unemployed,Married,Graduate,Mortgaged,Education,1
CUST04637,43,1420343,1994765,16,362,2,10389,8144387,2161124,118361,Unemployed,Married,Doctorate,Rented,Business,0
CUST04638,48,2272332,4840025,21,753,2,19206,690000,7500424,189361,Self-Employed,Divorced,Graduate,Owned,Personal,1
CUST04639,61,1448104,4654697,14,517,5,27706,2784820,7997711,120675,Salaried,Widowed,High School,Mortgaged,Home,1
CUST04640,58,991725,4096704,6,810,1,56898,1359124,5053754,82643,Salaried,Single,Graduate,Owned,Home,0
CUST04641,23,1829197,3667007,12,538,2,25465,2910905,6264609,152433,Business Owner,Divorced,Graduate,Rented,Medical,1
CUST04642,62,1206152,2737375,14,898,2,16293,3821839,2428559,100512,Self-Employed,Married,High School,Rented,Home,0
CUST04643,24,795423,1778883,2,408,4,74120,4370497,3578017,66285,Business Owner,Married,Graduate,Mortgaged,Car,1
CUST04644,23,1262079,874981,25,412,4,2916,3293152,6440868,105173,Self-Employed,Married,Post-Graduate,Mortgaged,Home,1
CUST04645,39,1712523,4841829,27,652,5,14943,5493116,3393506,142710,Salaried,Married,High School,Mortgaged,Medical,1
CUST04646,54,1032563,1955231,13,781,0,12533,2274818,6074110,86046,Salaried,Married,Graduate,Owned,Home,0
CUST04647,25,1804475,2172351,15,386,0,12068,3543048,6878961,150372,Salaried,Single,Graduate,Mortgaged,Car,0
CUST04648,34,2454681,748962,25,601,2,2496,8417274,7468951,204556,Self-Employed,Married,Graduate,Mortgaged,Business,0
CUST04649,33,1116509,1420124,14,434,2,8453,5666123,2332994,93042,Salaried,Single,Graduate,Rented,Home,0
CUST04650,39,843801,3191265,20,742,0,13296,366128,3809335,70316,Salaried,Single,Post-Graduate,Owned,Car,1
CUST04651,64,1095097,2160448,15,636,5,12002,3349868,3086509,91258,Self-Employed,Married,Graduate,Rented,Medical,1
CUST04652,36,2119915,2950040,8,692,5,30729,8310508,4022714,176659,Salaried,Married,Graduate,Owned,Home,1
CUST04653,30,570473,1097138,24,461,2,3809,1883527,5941775,47539,Salaried,Divorced,High School,Rented,Car,0
CUST04654,27,2438141,456283,6,473,4,6337,9224633,2590584,203178,Salaried,Married,Graduate,Owned,Medical,0
CUST04655,30,1122870,4433911,7,683,3,52784,3029149,1863911,93572,Salaried,Married,High School,Rented,Home,0
CUST04656,27,2127794,2188579,21,511,3,8684,6338099,2150066,177316,Salaried,Divorced,Graduate,Rented,Education,0
CUST04657,46,1999018,1837807,21,714,5,7292,4802614,6128675,166584,Self-Employed,Married,Graduate,Rented,Car,1
CUST04658,40,1991408,1466173,28,392,0,4363,6290968,7972222,165950,Business Owner,Married,Post-Graduate,Mortgaged,Car,0
CUST04659,43,2286086,3306946,21,480,1,13122,7993858,824984,190507,Self-Employed,Divorced,Graduate,Owned,Education,0
CUST04660,57,584403,2837231,1,361,2,236435,1575275,7818044,48700,Unemployed,Married,Graduate,Rented,Car,1
CUST04661,46,1544990,1975783,25,352,5,6585,3586907,257072,128749,Salaried,Married,High School,Mortgaged,Medical,1
CUST04662,28,382660,4658083,13,457,3,29859,5726345,4237171,31888,Salaried,Married,Post-Graduate,Rented,Home,1
CUST04663,38,853520,4513570,1,593,2,376130,2679930,1070340,71126,Salaried,Married,Doctorate,Rented,Education,0
CUST04664,35,245381,1032710,17,386,0,5062,3814226,7640684,20448,Self-Employed,Married,Graduate,Mortgaged,Home,1
CUST04665,57,1753380,3229784,5,355,3,53829,8869817,6095295,146115,Salaried,Married,High School,Rented,Home,1
CUST04666,35,1578160,4843389,13,826,1,31047,2367592,2849243,131513,Unemployed,Married,Graduate,Mortgaged,Medical,0
CUST04667,27,1889343,2466846,14,609,1,14683,1978155,5491228,157445,Self-Employed,Single,High School,Mortgaged,Education,0
CUST04668,53,564135,199416,3,729,5,5539,5874962,6799954,47011,Business Owner,Single,Graduate,Owned,Education,0
CUST04669,40,930700,704107,25,735,3,2347,1087451,1739851,77558,Salaried,Married,High School,Mortgaged,Car,0
CUST04670,26,1739401,3354995,15,360,0,18638,111785,5078945,144950,Self-Employed,Single,Graduate,Rented,Home,1
CUST04671,51,2092387,4514487,28,672,0,13435,8709398,2397291,174365,Salaried,Married,Post-Graduate,Mortgaged,Business,0
CUST04672,31,2231339,685560,14,816,2,4080,2836486,5736528,185944,Salaried,Single,High School,Rented,Medical,0
CUST04673,59,323185,2756743,18,568,0,12762,1292733,4540174,26932,Self-Employed,Single,Graduate,Mortgaged,Education,1
CUST04674,57,1095944,2509460,24,817,2,8713,6594816,5745623,91328,Salaried,Married,Graduate,Rented,Home,0
CUST04675,37,175271,1461012,7,867,2,17393,4860983,5093851,14605,Business Owner,Married,Graduate,Rented,Business,1
CUST04676,45,2073516,3176787,27,627,5,9804,4604902,5086629,172793,Self-Employed,Married,Graduate,Mortgaged,Education,1
CUST04677,46,438981,4395738,6,361,2,61051,4439877,676813,36581,Self-Employed,Single,Post-Graduate,Mortgaged,Car,1
CUST04678,50,2082046,1234257,29,670,1,3546,1541841,6818624,173503,Salaried,Single,Post-Graduate,Owned,Home,0
CUST04679,24,516619,319480,19,828,3,1401,8599565,1372069,43051,Salaried,Single,Graduate,Owned,Business,0
CUST04680,35,186119,1827080,16,647,3,9516,113049,3136106,15509,Salaried,Single,High School,Mortgaged,Home,1
CUST04681,29,2215483,1604680,7,780,0,19103,4883442,4088140,184623,Self-Employed,Single,Graduate,Rented,Education,0
CUST04682,51,1181208,3649595,17,621,0,17890,2777349,6793511,98434,Salaried,Married,Graduate,Owned,Personal,0
CUST04683,24,1148706,2707300,17,551,1,13271,6453139,5033882,95725,Unemployed,Single,Post-Graduate,Rented,Car,0
CUST04684,44,1669828,138594,29,867,4,398,5535687,1467321,139152,Unemployed,Married,Post-Graduate,Mortgaged,Home,0
CUST04685,53,796089,1732080,25,391,1,5773,3910118,2290928,66340,Salaried,Married,Post-Graduate,Mortgaged,Personal,0
CUST04686,62,1773371,3688778,15,568,5,20493,5392001,1599675,147780,Self-Employed,Single,High School,Rented,Home,1
CUST04687,34,1158326,2409834,12,393,2,16734,2347290,4727794,96527,Salaried,Married,Doctorate,Mortgaged,Business,0
CUST04688,22,790752,2836156,12,692,5,19695,1397611,5738745,65896,Salaried,Married,Doctorate,Rented,Education,1
CUST04689,53,1077876,1358365,11,853,1,10290,9062524,5672437,89823,Salaried,Married,High School,Rented,Medical,0
CUST04690,22,164437,1630968,1,898,2,135914,6175601,6001039,13703,Business Owner,Married,Graduate,Mortgaged,Business,1
CUST04691,24,858434,693911,2,440,0,28912,6572932,5614793,71536,Business Owner,Married,Post-Graduate,Owned,Medical,0
CUST04692,64,1539903,454062,22,736,5,1719,9989351,7218408,128325,Salaried,Married,Graduate,Rented,Education,0
CUST04693,59,474064,232427,8,824,3,2421,9050952,7252703,39505,Salaried,Divorced,High School,Owned,Home,0
CUST04694,52,428590,3140735,12,800,0,21810,5890182,2197463,35715,Salaried,Married,Graduate,Owned,Home,0
CUST04695,57,1691401,830350,21,601,4,3295,7944258,2435202,140950,Salaried,Married,Graduate,Rented,Education,0
CUST04696,25,1156343,2890173,18,404,5,13380,5323617,448555,96361,Salaried,Divorced,Post-Graduate,Mortgaged,Car,1
CUST04697,25,471020,4767085,11,577,4,36114,2455228,2138438,39251,Business Owner,Married,Post-Graduate,Rented,Business,1
CUST04698,34,1907415,3501235,22,765,4,13262,6264067,4059773,158951,Unemployed,Widowed,Doctorate,Rented,Education,0
CUST04699,23,1972247,2898245,5,671,1,48304,9139222,5269952,164353,Salaried,Married,Graduate,Owned,Business,0
CUST04700,60,231691,628481,14,532,2,3740,8808741,7002723,19307,Business Owner,Married,Post-Graduate,Mortgaged,Car,0
CUST04701,24,623966,2470352,4,429,5,51465,5101323,4751665,51997,Self-Employed,Married,High School,Rented,Business,1
CUST04702,45,1020311,4461331,16,691,3,23236,9465393,7771726,85025,Self-Employed,Married,Graduate,Mortgaged,Education,1
CUST04703,58,1868722,1952403,3,557,3,54233,2055950,4425304,155726,Business Owner,Single,Post-Graduate,Rented,Business,1
CUST04704,53,323971,4139621,28,583,4,12320,506231,6862610,26997,Salaried,Married,Post-Graduate,Rented,Personal,1
CUST04705,32,2043127,3556679,20,863,3,14819,4092224,6464876,170260,Salaried,Single,Post-Graduate,Owned,Home,0
CUST04706,42,900689,1370517,8,305,0,14276,2129438,3919651,75057,Salaried,Married,High School,Owned,Business,0
CUST04707,45,444516,749234,18,442,1,3468,9580909,6979441,37043,Self-Employed,Married,High School,Rented,Car,0
CUST04708,55,2178923,134140,11,851,4,1016,1246064,6907057,181576,Salaried,Divorced,Post-Graduate,Mortgaged,Medical,0
CUST04709,40,353852,1416842,16,852,1,7379,5392848,2499323,29487,Salaried,Single,Graduate,Owned,Medical,0
CUST04710,34,454508,1697840,5,481,3,28297,7746302,1711767,37875,Salaried,Married,Graduate,Rented,Car,1
CUST04711,56,2381496,3296715,15,896,2,18315,1197600,971549,198458,Salaried,Married,Post-Graduate,Rented,Personal,0
CUST04712,60,1370980,2884244,4,426,3,60088,551072,7369357,114248,Salaried,Married,High School,Rented,Medical,1
CUST04713,43,1238159,2421368,5,331,1,40356,5580634,3537632,103179,Salaried,Single,Graduate,Mortgaged,Business,1
CUST04714,23,1765290,3628316,17,484,1,17785,9036085,4534767,147107,Business Owner,Married,Graduate,Rented,Education,0
CUST04715,43,1631053,3861958,15,618,4,21455,261302,2186551,135921,Self-Employed,Married,High School,Mortgaged,Education,1
CUST04716,60,1591864,3581771,9,303,1,33164,303498,3114908,132655,Salaried,Single,Graduate,Mortgaged,Medical,1
CUST04717,64,204662,4490693,2,403,1,187112,9262603,3220324,17055,Business Owner,Married,High School,Mortgaged,Education,1
CUST04718,39,1446577,1830712,13,774,5,11735,6065213,4653129,120548,Business Owner,Single,Graduate,Rented,Personal,0
CUST04719,28,804968,4125694,27,673,0,12733,7043854,1400857,67080,Salaried,Married,Graduate,Mortgaged,Home,0
CUST04720,46,2048023,2132747,21,663,3,8463,2828204,6272065,170668,Self-Employed,Divorced,Graduate,Mortgaged,Medical,0
CUST04721,57,1337684,961828,2,893,0,40076,3192139,3125744,111473,Salaried,Single,Post-Graduate,Owned,Education,0
CUST04722,62,440856,771661,28,437,4,2296,4758578,1920972,36738,Salaried,Single,Graduate,Rented,Education,0
CUST04723,24,2232613,502777,13,838,0,3222,2218987,117208,186051,Self-Employed,Divorced,Graduate,Mortgaged,Business,0
CUST04724,34,818068,4780138,17,513,3,23432,4474670,815038,68172,Salaried,Single,Graduate,Rented,Medical,1
CUST04725,42,787882,888730,1,854,2,74060,9544413,2153593,65656,Salaried,Married,Graduate,Rented,Personal,0
CUST04726,26,2350249,4184499,9,769,4,38745,7514043,5864960,195854,Salaried,Married,Graduate,Rented,Personal,0
CUST04727,60,1971699,3928476,23,428,0,14233,8703853,6838634,164308,Salaried,Married,Post-Graduate,Mortgaged,Business,0
CUST04728,26,2169869,2224244,10,425,3,18535,5016756,7619751,180822,Salaried,Married,Graduate,Owned,Personal,0
CUST04729,50,1706200,4573463,5,625,3,76224,7896328,2382714,142183,Business Owner,Married,Graduate,Rented,Car,0
CUST04730,61,2289639,4546078,3,601,1,126279,4270086,5095824,190803,Salaried,Divorced,Graduate,Rented,Personal,0
CUST04731,51,420886,4630971,27,440,1,14293,6212647,2145859,35073,Salaried,Married,Post-Graduate,Owned,Personal,1
CUST04732,54,1559940,2509598,24,456,4,8713,7329743,1140667,129995,Self-Employed,Married,Graduate,Owned,Home,0
CUST04733,33,839431,1526168,2,839,3,63590,8266171,4343490,69952,Salaried,Widowed,Graduate,Rented,Home,0
CUST04734,57,1086297,266843,27,752,3,823,9265488,5147082,90524,Self-Employed,Single,Graduate,Mortgaged,Education,0
CUST04735,39,708980,4209689,24,414,5,14616,1144446,6086567,59081,Salaried,Divorced,Post-Graduate,Mortgaged,Personal,1
CUST04736,24,631838,4371191,11,735,2,33115,7959831,933056,52653,Salaried,Divorced,Graduate,Mortgaged,Home,0
CUST04737,37,1189939,2704365,20,392,5,11268,7125745,5975990,99161,Salaried,Widowed,Doctorate,Mortgaged,Education,1
CUST04738,37,2307981,401162,8,567,5,4178,7393498,2428198,192331,Salaried,Single,Post-Graduate,Owned,Car,0
CUST04739,44,1643035,4122819,8,307,3,42946,245350,2226729,136919,Self-Employed,Married,High School,Rented,Medical,1
CUST04740,33,970977,1526582,21,689,1,6057,4928448,252781,80914,Self-Employed,Married,Graduate,Owned,Education,0
CUST04741,41,1168536,2764405,6,409,2,38394,9612423,1635334,97378,Salaried,Single,Post-Graduate,Rented,Home,1
CUST04742,40,1395109,3314292,11,441,0,25108,9012136,3900012,116259,Salaried,Married,Graduate,Mortgaged,Education,0
CUST04743,36,724660,772171,11,413,4,5849,2385317,1513222,60388,Business Owner,Single,Graduate,Owned,Business,1
CUST04744,51,1374837,360639,5,410,1,6010,4914503,2570833,114569,Salaried,Single,Graduate,Rented,Home,0
CUST04745,35,1785315,442136,25,346,5,1473,8652678,4240759,148776,Salaried,Divorced,High School,Rented,Education,1
CUST04746,54,721444,4797338,20,632,3,19988,9309829,780175,60120,Self-Employed,Widowed,Graduate,Owned,Home,1
CUST04747,32,1523507,4788234,25,820,2,15960,3378334,7000766,126958,Salaried,Single,Post-Graduate,Mortgaged,Business,0
CUST04748,59,1814667,2162788,16,480,1,11264,8048930,2472218,151222,Unemployed,Single,Post-Graduate,Rented,Education,0
CUST04749,37,1370387,2157722,6,767,0,29968,8364138,6073875,114198,Salaried,Married,High School,Rented,Personal,0
CUST04750,23,836111,2063707,9,626,4,19108,1587576,5180560,69675,Business Owner,Single,Graduate,Mortgaged,Business,1
CUST04751,28,1452886,1785077,11,452,4,13523,416410,6010648,121073,Salaried,Married,Graduate,Owned,Home,1
CUST04752,56,2014104,2741855,28,337,1,8160,565222,2312652,167842,Salaried,Married,Graduate,Rented,Education,0
CUST04753,59,671466,1813700,7,769,0,21591,1539150,1376857,55955,Salaried,Married,Graduate,Mortgaged,Home,0
CUST04754,31,1500492,3099990,21,313,1,12301,7434471,1144576,125041,Unemployed,Married,Doctorate,Rented,Medical,0
CUST04755,47,1749012,1925725,4,553,4,40119,3956174,1835386,145751,Salaried,Single,Post-Graduate,Rented,Personal,0
CUST04756,46,905515,3168120,28,320,3,9428,6889807,4358379,75459,Salaried,Single,Post-Graduate,Rented,Education,1
CUST04757,27,1060626,4727734,19,765,0,20735,989693,4994304,88385,Unemployed,Married,Graduate,Owned,Car,0
CUST04758,41,2238816,1068780,13,893,0,6851,6060679,6025818,186568,Salaried,Single,Graduate,Owned,Car,0
CUST04759,51,1004149,360387,11,493,0,2730,7476376,7710592,83679,Salaried,Single,Graduate,Mortgaged,Business,0
CUST04760,63,1555845,2656830,11,488,4,20127,9764768,6641130,129653,Salaried,Married,Post-Graduate,Owned,Home,0
CUST04761,58,501875,639353,7,638,4,7611,3261055,2855724,41822,Business Owner,Single,Post-Graduate,Mortgaged,Home,0
CUST04762,26,2326048,1195331,18,601,2,5533,5499490,3776776,193837,Salaried,Married,Doctorate,Owned,Education,0
CUST04763,32,1552567,3958775,26,528,4,12688,4882698,7639394,129380,Salaried,Married,Graduate,Mortgaged,Education,1
CUST04764,40,1936853,2118561,7,519,0,25220,3544208,5688579,161404,Unemployed,Single,Post-Graduate,Mortgaged,Business,0
CUST04765,28,1566261,2769576,22,412,3,10490,6433946,3333868,130521,Self-Employed,Married,Graduate,Owned,Car,0
CUST04766,46,985398,3891975,17,450,1,19078,5693161,6666621,82116,Salaried,Single,High School,Rented,Car,0
CUST04767,22,949706,686256,23,651,4,2486,8346512,1089323,79142,Self-Employed,Married,Post-Graduate,Mortgaged,Car,0
CUST04768,26,1797841,2419275,23,740,2,8765,381276,5383113,149820,Salaried,Married,Doctorate,Rented,Education,1
CUST04769,24,2170647,220577,2,750,5,9190,2296918,7590152,180887,Salaried,Divorced,Post-Graduate,Mortgaged,Car,0
CUST04770,34,449965,2520820,1,609,3,210068,5834715,4218171,37497,Salaried,Single,Post-Graduate,Owned,Medical,1
CUST04771,54,2136826,1159960,27,751,2,3580,5780309,4904919,178068,Self-Employed,Married,Graduate,Mortgaged,Medical,0
CUST04772,29,2100508,4560680,5,655,5,76011,9034059,479514,175042,Self-Employed,Married,Post-Graduate,Rented,Medical,0
CUST04773,64,406277,1341013,17,513,5,6573,6781034,4839115,33856,Salaried,Married,Graduate,Rented,Medical,1
CUST04774,33,404185,1040833,22,512,2,3942,142867,2320274,33682,Salaried,Married,Graduate,Rented,Personal,1
CUST04775,23,1783340,120354,15,611,2,668,4942461,7955896,148611,Salaried,Single,High School,Rented,Medical,0
CUST04776,36,2130591,709736,1,484,3,59144,8468507,2558521,177549,Self-Employed,Married,Graduate,Rented,Education,0
CUST04777,54,1075511,1119648,1,758,1,93304,8744073,2511356,89625,Self-Employed,Married,Graduate,Owned,Business,0
CUST04778,26,1655493,1178811,20,411,2,4911,8039096,3160090,137957,Self-Employed,Single,Post-Graduate,Mortgaged,Business,0
CUST04779,25,2499329,3704678,27,332,5,11434,4826551,5576440,208277,Unemployed,Married,Doctorate,Rented,Home,1
CUST04780,58,908573,4443349,10,594,5,37027,1150420,7607141,75714,Business Owner,Married,Post-Graduate,Rented,Education,1
CUST04781,47,678805,4284396,16,343,2,22314,2211962,2770114,56567,Unemployed,Married,Graduate,Mortgaged,Medical,1
CUST04782,36,2480303,4783990,28,414,2,14238,8483621,1671002,206691,Self-Employed,Widowed,Graduate,Mortgaged,Car,0
CUST04783,54,809231,4496267,24,525,5,15612,3472173,6116138,67435,Salaried,Married,Graduate,Mortgaged,Personal,1
CUST04784,58,1260592,2304704,16,302,1,12003,7659098,4332439,105049,Self-Employed,Married,Post-Graduate,Owned,Business,0
CUST04785,37,1188949,1980074,20,434,0,8250,458266,3637721,99079,Salaried,Married,High School,Mortgaged,Business,1
CUST04786,46,1379581,3263977,28,626,0,9714,4961359,7929744,114965,Salaried,Married,Graduate,Owned,Business,0
CUST04787,22,781480,1631097,24,524,0,5663,9508804,3964887,65123,Salaried,Married,Post-Graduate,Rented,Personal,0
CUST04788,35,1745707,3038302,13,837,5,19476,2527617,4950356,145475,Salaried,Single,High School,Mortgaged,Business,1
CUST04789,47,1776184,4999311,21,356,0,19838,402203,7851866,148015,Self-Employed,Married,Post-Graduate,Owned,Personal,1
CUST04790,30,621312,1030678,10,731,1,8588,2952194,1671285,51776,Salaried,Married,Post-Graduate,Owned,Personal,0
CUST04791,64,1280134,3858235,27,655,3,11908,724054,7221919,106677,Salaried,Married,Post-Graduate,Rented,Car,1
CUST04792,63,284797,4680685,3,686,3,130019,6161521,7681527,23733,Business Owner,Single,Doctorate,Rented,Business,1
CUST04793,33,669065,2709892,7,703,4,32260,1998449,3765557,55755,Self-Employed,Single,Post-Graduate,Rented,Car,1
CUST04794,39,2469963,1812318,11,331,5,13729,2538409,2690341,205830,Salaried,Married,Graduate,Mortgaged,Car,1
CUST04795,30,1339979,1311118,6,775,2,18209,5918001,1299470,111664,Salaried,Single,Graduate,Mortgaged,Medical,0
CUST04796,43,1613413,881569,18,498,1,4081,3321021,382965,134451,Salaried,Married,High School,Mortgaged,Business,0
CUST04797,27,2238651,1640461,21,690,0,6509,6540124,7872676,186554,Business Owner,Married,High School,Owned,Business,0
CUST04798,38,1827294,3745443,26,476,5,12004,9315300,3450894,152274,Salaried,Single,Graduate,Rented,Medical,1
CUST04799,45,2012129,2601053,15,537,2,14450,9319690,5343555,167677,Unemployed,Widowed,Graduate,Mortgaged,Business,0
CUST04800,48,1823322,1146253,19,720,5,5027,7320353,1925245,151943,Salaried,Married,Graduate,Owned,Education,0
CUST04801,47,1322247,2733310,18,860,2,12654,9690242,2589381,110187,Self-Employed,Single,Post-Graduate,Rented,Home,0
CUST04802,31,1636545,4054867,1,826,4,337905,7387133,6550910,136378,Salaried,Married,High School,Owned,Car,0
CUST04803,56,827957,117709,21,735,3,467,771852,5250873,68996,Salaried,Married,Graduate,Owned,Home,0
CUST04804,51,2242476,151941,1,623,4,12661,9563770,1759646,186873,Salaried,Married,Post-Graduate,Owned,Medical,0
CUST04805,54,572733,4799030,16,616,3,24994,5711365,43699,47727,Salaried,Single,High School,Rented,Education,1
CUST04806,42,2227636,3753848,29,879,1,10786,157360,6558832,185636,Unemployed,Married,Graduate,Rented,Education,1
CUST04807,60,2214199,2899250,23,424,0,10504,6243097,640664,184516,Self-Employed,Single,High School,Owned,Business,0
CUST04808,38,484355,4534714,15,872,0,25192,2520409,289368,40362,Salaried,Married,Post-Graduate,Rented,Business,1
CUST04809,56,1818892,2966333,10,689,2,24719,5390687,2402213,151574,Self-Employed,Married,Graduate,Owned,Home,0
CUST04810,30,2475720,2627441,25,669,5,8758,6613942,7433258,206310,Salaried,Married,Graduate,Owned,Business,1
CUST04811,32,1494583,1096782,25,655,3,3655,374986,5156267,124548,Unemployed,Married,Graduate,Mortgaged,Personal,1
CUST04812,44,949809,4062790,11,787,4,30778,4438888,337548,79150,Salaried,Single,Post-Graduate,Rented,Medical,1
CUST04813,45,2216671,3836686,4,709,1,79930,649538,7336572,184722,Salaried,Single,Graduate,Mortgaged,Business,1
CUST04814,54,1354506,1513218,17,356,2,7417,1216768,7508318,112875,Salaried,Divorced,Graduate,Rented,Education,1
CUST04815,34,435972,3699459,19,768,2,16225,2192033,5574331,36331,Salaried,Married,High School,Owned,Medical,1
CUST04816,59,735794,3649142,28,737,0,10860,7834213,589530,61316,Unemployed,Married,High School,Mortgaged,Medical,0
CUST04817,36,1753849,521031,26,849,3,1669,4189997,114314,146154,Salaried,Single,High School,Owned,Personal,0
CUST04818,44,1220110,844016,7,861,2,10047,566018,6980668,101675,Salaried,Divorced,Graduate,Rented,Medical,0
CUST04819,62,659273,2995222,8,869,2,31200,7496080,6580638,54939,Business Owner,Single,High School,Rented,Medical,0
CUST04820,45,2027728,3136755,29,325,3,9013,5484126,6650656,168977,Salaried,Single,High School,Rented,Education,1
CUST04821,51,433356,3308059,10,678,0,27567,1501961,3893135,36113,Salaried,Married,Post-Graduate,Mortgaged,Business,1
CUST04822,61,664807,1897448,14,860,5,11294,5668396,4755390,55400,Self-Employed,Married,Graduate,Mortgaged,Home,1
CUST04823,63,1244179,4186062,9,879,1,38759,2562740,1385654,103681,Salaried,Married,Graduate,Owned,Car,0
CUST04824,43,242882,2255978,12,629,4,15666,6396017,287888,20240,Business Owner,Married,Graduate,Owned,Medical,1
CUST04825,39,1060373,1070151,17,846,4,5245,9481070,1769142,88364,Self-Employed,Divorced,High School,Rented,Education,0
CUST04826,30,2288387,619836,9,828,0,5739,3224700,4969142,190698,Salaried,Single,Doctorate,Owned,Car,0
CUST04827,45,2361757,4394292,12,301,1,30515,7479972,3216140,196813,Salaried,Single,High School,Rented,Personal,0
CUST04828,61,2199093,3550415,11,830,2,26897,333649,4942771,183257,Salaried,Married,Post-Graduate,Rented,Home,1
CUST04829,42,911351,2334331,4,682,4,48631,4130712,3525772,75945,Salaried,Married,Post-Graduate,Mortgaged,Home,1
CUST04830,36,302445,1086030,23,644,3,3934,8900934,4457579,25203,Self-Employed,Divorced,Graduate,Mortgaged,Home,0
CUST04831,26,2065020,527791,26,407,2,1691,838620,7611016,172085,Self-Employed,Married,Post-Graduate,Owned,Business,1
CUST04832,38,1027295,806280,15,851,5,4479,9299127,5052204,85607,Salaried,Married,Post-Graduate,Owned,Car,0
CUST04833,32,1909743,572825,6,477,2,7955,1027014,7632157,159145,Self-Employed,Married,Post-Graduate,Mortgaged,Business,0
CUST04834,63,430042,2670582,19,550,5,11713,4871688,7744859,35836,Salaried,Single,Graduate,Owned,Personal,1
CUST04835,44,1719621,1029132,16,478,4,5360,1892335,4941162,143301,Unemployed,Single,Graduate,Owned,Car,1
CUST04836,27,1528012,682667,16,881,1,3555,304339,7964057,127334,Salaried,Single,Graduate,Owned,Home,1
CUST04837,24,2312941,1449615,18,589,2,6711,3557968,1992179,192745,Business Owner,Single,High School,Rented,Home,0
CUST04838,58,389535,3512082,21,368,0,13936,5850624,4163966,32461,Salaried,Single,Graduate,Owned,Personal,1
CUST04839,62,1108622,2507208,2,306,1,104467,7251540,597198,92385,Salaried,Single,Graduate,Rented,Personal,0
CUST04840,54,2476363,810884,3,888,0,22524,3227705,734404,206363,Salaried,Divorced,Graduate,Owned,Business,0
CUST04841,27,1065727,3756318,3,441,0,104342,4974988,1059487,88810,Business Owner,Single,Post-Graduate,Mortgaged,Car,0
CUST04842,26,1696399,2473333,5,762,0,41222,1906607,1071752,141366,Business Owner,Married,Doctorate,Owned,Personal,0
CUST04843,30,528226,974293,29,317,4,2799,7323068,3281663,44018,Self-Employed,Divorced,High School,Mortgaged,Home,1
CUST04844,54,1861752,3471551,22,838,2,13149,1772631,5762807,155146,Salaried,Married,Graduate,Rented,Personal,0
CUST04845,54,798040,4963626,20,690,2,20681,8624239,7887283,66503,Self-Employed,Married,Graduate,Rented,Car,1
CUST04846,58,1494719,2724168,21,434,4,10810,1874628,7855708,124559,Salaried,Single,High School,Mortgaged,Car,1
CUST04847,26,2217474,849533,1,833,4,70794,6674204,1429430,184789,Self-Employed,Single,High School,Rented,Education,0
CUST04848,28,1703469,1582357,7,478,3,18837,3375325,3488441,141955,Salaried,Married,Post-Graduate,Owned,Education,0
CUST04849,60,1264798,3016920,24,898,2,10475,9965360,3451087,105399,Business Owner,Married,High School,Rented,Home,0
CUST04850,61,596624,4996981,14,659,3,29743,2878140,784309,49718,Self-Employed,Married,Graduate,Owned,Personal,1
CUST04851,53,952180,4648255,15,569,2,25823,9492413,317669,79348,Salaried,Divorced,Graduate,Owned,Education,0
CUST04852,26,2145798,4669413,22,335,2,17687,8380605,2824356,178816,Self-Employed,Married,High School,Mortgaged,Business,0
CUST04853,24,657863,4170911,3,456,1,115858,4732844,6852325,54821,Salaried,Married,Post-Graduate,Mortgaged,Personal,1
CUST04854,24,1692311,2895363,24,334,1,10053,5003615,3080082,141025,Salaried,Single,Post-Graduate,Rented,Business,0
CUST04855,51,1289656,3257051,20,811,1,13571,3602507,3067303,107471,Salaried,Divorced,Graduate,Rented,Home,0
CUST04856,58,904058,3683014,12,360,3,25576,4333710,7972762,75338,Salaried,Widowed,Graduate,Rented,Education,1
CUST04857,49,1834163,3591690,15,367,4,19953,4713298,3019258,152846,Salaried,Married,Post-Graduate,Owned,Business,1
CUST04858,33,1001025,3211683,3,374,2,89213,1543752,5492666,83418,Self-Employed,Married,Post-Graduate,Owned,Car,1
CUST04859,54,823726,714317,6,884,0,9921,3296722,7851019,68643,Self-Employed,Married,Graduate,Rented,Car,0
CUST04860,24,1393744,4404793,8,882,3,45883,8771318,942928,116145,Salaried,Single,Graduate,Rented,Medical,0
CUST04861,57,1930633,97832,26,728,5,313,9791170,4085801,160886,Unemployed,Divorced,Graduate,Owned,Home,0
CUST04862,60,2180729,2158490,4,344,3,44968,642739,2696613,181727,Business Owner,Married,Graduate,Rented,Business,1
CUST04863,52,1630001,2199036,9,602,0,20361,7350091,950024,135833,Salaried,Married,Graduate,Rented,Business,0
CUST04864,59,1705663,4980421,4,869,0,103758,2471360,388469,142138,Salaried,Married,Post-Graduate,Rented,Business,0
CUST04865,47,2000772,493118,9,357,3,4565,6573446,5182542,166731,Business Owner,Married,Graduate,Mortgaged,Medical,0
CUST04866,42,782727,2405190,1,776,5,200432,6252575,5224484,65227,Salaried,Single,Post-Graduate,Mortgaged,Business,0
CUST04867,35,739637,1820875,8,310,0,18967,8800988,4495617,61636,Salaried,Married,Post-Graduate,Rented,Business,0
CUST04868,61,1287363,533625,21,782,4,2117,7052893,5381914,107280,Unemployed,Single,Post-Graduate,Owned,Car,0
CUST04869,51,1632916,1157526,23,626,4,4193,8253776,5751257,136076,Self-Employed,Single,Graduate,Rented,Home,0
CUST04870,30,1668090,2139302,12,832,0,14856,8031450,459973,139007,Business Owner,Single,High School,Rented,Business,0
CUST04871,63,511277,4585916,21,548,1,18198,6509140,272204,42606,Business Owner,Single,Post-Graduate,Rented,Education,1
CUST04872,24,1984434,1971667,18,771,0,9128,4161883,2684159,165369,Salaried,Divorced,Post-Graduate,Rented,Home,0
CUST04873,47,1004922,4406277,27,805,3,13599,3437252,4548131,83743,Self-Employed,Single,High School,Owned,Education,0
CUST04874,30,2211631,3682126,24,494,1,12785,3532726,7222706,184302,Business Owner,Married,Post-Graduate,Rented,Home,0
CUST04875,50,1852246,4103767,7,685,5,48854,3650729,7838696,154353,Salaried,Married,Doctorate,Mortgaged,Personal,1
CUST04876,39,2459916,4276018,18,576,0,19796,2956661,6614528,204993,Salaried,Divorced,Post-Graduate,Owned,Medical,0
CUST04877,40,1634420,3584024,23,559,3,12985,3176047,2330322,136201,Salaried,Married,High School,Rented,Home,0
CUST04878,50,1389614,3680463,9,779,4,34078,5724137,4593700,115801,Self-Employed,Widowed,Post-Graduate,Mortgaged,Home,1
CUST04879,54,591472,812656,17,435,1,3983,2774714,928335,49289,Self-Employed,Married,Graduate,Owned,Business,0
CUST04880,38,1086862,3599395,12,371,1,24995,3551492,3876986,90571,Business Owner,Married,Graduate,Mortgaged,Education,1
CUST04881,64,2167105,289418,9,588,4,2679,7119949,790413,180592,Salaried,Married,High School,Mortgaged,Home,0
CUST04882,43,1047769,3700135,6,792,0,51390,3348132,7942815,87314,Self-Employed,Single,Post-Graduate,Rented,Home,0
CUST04883,28,275374,3286744,2,397,2,136947,1154922,3608585,22947,Salaried,Married,Graduate,Rented,Education,1
CUST04884,22,726061,3796820,22,504,1,14381,267219,5777564,60505,Unemployed,Married,Graduate,Mortgaged,Home,1
CUST04885,30,1548756,3229177,24,700,0,11212,7674974,832535,129063,Self-Employed,Married,Graduate,Owned,Home,0
CUST04886,51,1628407,1875002,19,586,2,8223,9488328,7621081,135700,Self-Employed,Married,Graduate,Rented,Car,0
CUST04887,45,2461978,1878650,7,663,2,22364,6857278,4192579,205164,Salaried,Married,Graduate,Rented,Medical,0
CUST04888,36,2344559,3000945,1,616,2,250078,699883,572681,195379,Salaried,Married,Graduate,Mortgaged,Personal,0
CUST04889,42,1399036,2389798,19,786,4,10481,5677171,2948498,116586,Salaried,Single,High School,Rented,Medical,0
CUST04890,58,1453104,1735830,6,825,0,24108,2781628,1697209,121092,Business Owner,Single,Graduate,Mortgaged,Car,0
CUST04891,46,2031578,2471289,16,569,2,12871,3275899,551575,169298,Salaried,Married,High School,Owned,Home,0
CUST04892,24,264319,2706128,29,558,1,7776,9222054,248888,22026,Business Owner,Single,Post-Graduate,Owned,Personal,1
CUST04893,24,1548675,1237644,1,467,4,103137,8261517,5698700,129056,Salaried,Divorced,Graduate,Mortgaged,Business,0
CUST04894,42,1263904,3209117,17,566,3,15730,7379947,6943340,105325,Salaried,Single,Post-Graduate,Rented,Personal,0
CUST04895,39,1990257,1605124,29,801,4,4612,5058901,5280342,165854,Salaried,Single,Graduate,Rented,Car,0
CUST04896,58,2030836,1375331,10,600,0,11461,5823584,5553851,169236,Salaried,Married,High School,Rented,Home,0
CUST04897,47,1690646,2121028,24,714,2,7364,9167504,298604,140887,Salaried,Single,Graduate,Owned,Home,0
CUST04898,54,1694613,561256,25,551,0,1870,6642057,1421213,141217,Salaried,Married,Graduate,Rented,Business,0
CUST04899,47,1774160,3035736,15,724,1,16865,5832000,274486,147846,Salaried,Single,Graduate,Rented,Car,0
CUST04900,36,1513316,3680266,9,727,5,34076,1060894,7793524,126109,Self-Employed,Single,Post-Graduate,Mortgaged,Home,1
CUST04901,50,685356,4781305,20,616,4,19922,9964878,5902282,57113,Salaried,Married,High School,Owned,Education,1
CUST04902,48,818631,1453856,18,860,0,6730,8105608,7646377,68219,Self-Employed,Married,Graduate,Rented,Business,0
CUST04903,52,1893279,2715498,14,825,2,16163,3710957,7240033,157773,Self-Employed,Married,High School,Mortgaged,Education,0
CUST04904,30,1603163,2542589,6,395,5,35313,2576056,1796782,133596,Salaried,Single,Graduate,Mortgaged,Business,1
CUST04905,49,709088,3669261,22,436,1,13898,9681382,4091824,59090,Salaried,Married,Graduate,Rented,Personal,0
CUST04906,34,2212966,3143000,7,872,4,37416,9566518,5176078,184413,Salaried,Married,High School,Rented,Business,0
CUST04907,55,2454504,4044655,4,541,1,84263,4260656,5932417,204542,Salaried,Single,High School,Mortgaged,Car,0
CUST04908,56,1621290,4260661,2,486,2,177527,2390608,5344823,135107,Salaried,Married,Post-Graduate,Mortgaged,Personal,1
CUST04909,48,685299,611865,13,777,5,3922,7998439,3625336,57108,Self-Employed,Married,Graduate,Mortgaged,Education,1
CUST04910,62,2354958,1807492,4,661,4,37656,6291107,32134,196246,Salaried,Divorced,Graduate,Rented,Medical,0
CUST04911,45,706207,3282967,10,379,1,27358,9010807,7511035,58850,Business Owner,Married,Post-Graduate,Rented,Home,1
CUST04912,23,1166290,2741603,8,355,0,28558,5498712,5510238,97190,Self-Employed,Married,High School,Mortgaged,Car,0
CUST04913,48,2167881,2436448,14,784,1,14502,5563286,6689943,180656,Salaried,Single,Post-Graduate,Mortgaged,Car,0
CUST04914,55,1373595,907150,23,758,2,3286,1516720,1770721,114466,Self-Employed,Married,Post-Graduate,Rented,Business,0
CUST04915,26,721016,2883533,14,511,0,17163,6070810,851838,60084,Salaried,Married,Graduate,Owned,Business,0
CUST04916,26,338239,3715869,17,817,5,18215,3692978,7210550,28186,Salaried,Married,Graduate,Mortgaged,Home,1
CUST04917,33,998121,240163,5,375,0,4002,2134103,6446860,83176,Unemployed,Married,Graduate,Rented,Education,0
CUST04918,58,1729410,2978279,4,821,3,62047,7834798,6708057,144117,Salaried,Single,Post-Graduate,Owned,Personal,0
CUST04919,44,1829404,4535767,29,347,5,13033,3523394,3522937,152450,Salaried,Married,High School,Owned,Business,1
CUST04920,63,673912,2889966,18,681,2,13379,2204621,7242348,56159,Business Owner,Married,Post-Graduate,Owned,Education,1
CUST04921,59,523059,4766281,1,805,3,397190,9609584,1793482,43588,Business Owner,Single,Graduate,Rented,Medical,1
CUST04922,45,1798413,1795247,17,671,0,8800,9632287,6060431,149867,Salaried,Married,Post-Graduate,Owned,Medical,0
CUST04923,51,523818,67235,1,767,4,5602,4996080,3955298,43651,Self-Employed,Married,Doctorate,Rented,Personal,0
CUST04924,36,300997,3426214,3,506,5,95172,3025288,1319243,25083,Self-Employed,Married,Graduate,Mortgaged,Medical,1
CUST04925,25,1292942,1103318,11,472,4,8358,1701988,5739387,107745,Self-Employed,Divorced,Graduate,Owned,Home,1
CUST04926,39,1491642,97932,20,459,0,408,6304544,2884434,124303,Salaried,Single,Graduate,Owned,Car,0
CUST04927,47,722687,941961,18,369,2,4360,6146997,1270082,60223,Business Owner,Single,Graduate,Owned,Business,0
CUST04928,29,646367,4673443,23,466,4,16932,6226783,5671451,53863,Salaried,Single,High School,Mortgaged,Home,1
CUST04929,31,703796,3917457,6,448,4,54409,7700758,6174463,58649,Salaried,Divorced,Graduate,Owned,Personal,1
CUST04930,22,955641,1411325,6,754,2,19601,4760704,2586600,79636,Salaried,Single,Post-Graduate,Owned,Medical,0
CUST04931,53,171711,3010496,16,427,5,15679,6864827,7734749,14309,Salaried,Married,Doctorate,Owned,Personal,1
CUST04932,60,177626,1729725,26,399,1,5543,6588068,5680263,14802,Salaried,Married,Post-Graduate,Owned,Business,1
CUST04933,57,1020556,927801,21,739,4,3681,7976566,179159,85046,Salaried,Married,Graduate,Rented,Business,0
CUST04934,38,196773,4942496,20,622,2,20593,7461411,2689269,16397,Salaried,Single,Graduate,Rented,Home,1
CUST04935,47,897888,4079156,3,429,4,113309,455818,7794922,74824,Unemployed,Single,High School,Rented,Personal,1
CUST04936,63,1515143,1849236,26,723,3,5927,6228129,1421835,126261,Salaried,Widowed,Graduate,Rented,Medical,0
CUST04937,47,223216,1799700,29,429,2,5171,9756557,7628330,18601,Salaried,Married,Graduate,Rented,Medical,1
CUST04938,34,1601888,4087182,17,771,4,20035,5643946,4145310,133490,Business Owner,Single,Post-Graduate,Mortgaged,Personal,1
CUST04939,36,1609897,2331241,10,319,5,19427,5344687,5401930,134158,Salaried,Single,Graduate,Rented,Education,1
CUST04940,53,1497333,1915911,20,654,4,7982,6105611,5489822,124777,Self-Employed,Married,High School,Mortgaged,Car,1
CUST04941,41,1622639,1967167,19,658,0,8627,5643971,4093534,135219,Salaried,Divorced,Graduate,Mortgaged,Education,0
CUST04942,58,2051705,2261706,27,523,2,6980,4079363,4137565,170975,Self-Employed,Married,Graduate,Rented,Home,0
CUST04943,59,316381,2630832,4,713,4,54809,9940106,4538611,26365,Salaried,Married,Graduate,Owned,Business,1
CUST04944,23,546744,248370,15,527,5,1379,801644,5134938,45562,Salaried,Married,High School,Rented,Medical,1
CUST04945,53,895047,2426705,21,692,2,9629,8161134,5900838,74587,Self-Employed,Single,High School,Owned,Car,0
CUST04946,37,1767070,2227844,11,434,4,16877,1681013,3504408,147255,Salaried,Divorced,Graduate,Rented,Home,1
CUST04947,44,2201092,1409190,25,641,3,4697,2144004,3485465,183424,Salaried,Single,Graduate,Rented,Personal,0
CUST04948,33,2308861,1809200,2,753,1,75383,6106370,6226650,192405,Salaried,Single,Doctorate,Rented,Business,0
CUST04949,37,1518092,2151552,4,879,5,44824,6415575,6057065,126507,Self-Employed,Single,Post-Graduate,Rented,Business,0
CUST04950,36,1113767,1862049,23,516,2,6746,9279021,5199731,92813,Salaried,Single,High School,Rented,Car,0
CUST04951,24,1118140,4546268,4,583,3,94713,3013840,3688599,93178,Self-Employed,Married,Post-Graduate,Owned,Education,1
CUST04952,55,290585,2666166,13,585,1,17090,354831,4596853,24215,Self-Employed,Married,Graduate,Owned,Personal,1
CUST04953,28,1242989,2539325,9,816,0,23512,2624956,4567601,103582,Salaried,Married,Post-Graduate,Rented,Personal,0
CUST04954,38,1355186,1351537,20,877,2,5631,5485948,3482973,112932,Business Owner,Married,Graduate,Owned,Car,0
CUST04955,30,639457,4586112,1,687,4,382176,3637914,1428186,53288,Business Owner,Single,Graduate,Mortgaged,Medical,1
CUST04956,28,1954687,164772,11,793,1,1248,2595408,4285820,162890,Salaried,Married,High School,Rented,Medical,0
CUST04957,38,2057921,2773128,29,350,5,7968,9149742,3543121,171493,Salaried,Married,Doctorate,Mortgaged,Medical,1
CUST04958,61,859744,885577,11,755,4,6708,5661225,408077,71645,Salaried,Married,Post-Graduate,Mortgaged,Home,0
CUST04959,62,2297911,3855645,18,786,3,17850,6753012,7643815,191492,Business Owner,Single,Graduate,Rented,Medical,0
CUST04960,38,401684,1922467,29,728,4,5524,7521607,5333757,33473,Salaried,Married,Graduate,Rented,Education,1
CUST04961,43,2290060,1503276,18,650,5,6959,4150756,910320,190838,Salaried,Single,Graduate,Mortgaged,Medical,1
CUST04962,64,1954991,336870,22,839,4,1276,7380986,1635293,162915,Business Owner,Single,Post-Graduate,Owned,Personal,0
CUST04963,32,676245,3962546,28,692,4,11793,9641158,4570878,56353,Self-Employed,Single,Graduate,Rented,Personal,1
CUST04964,62,1677888,2012586,18,807,4,9317,7276369,6881191,139824,Salaried,Married,High School,Owned,Personal,0
CUST04965,26,880239,1358391,25,408,5,4527,3038835,3882690,73353,Self-Employed,Single,Graduate,Mortgaged,Car,1
CUST04966,31,2029373,4229269,15,699,0,23495,7811342,6498750,169114,Self-Employed,Single,Graduate,Mortgaged,Personal,0
CUST04967,36,527463,146772,24,562,2,509,2437501,1025360,43955,Salaried,Married,Graduate,Rented,Business,0
CUST04968,23,725541,2370730,19,820,5,10397,818845,4223637,60461,Salaried,Single,Post-Graduate,Rented,Home,1
CUST04969,57,871922,845608,10,828,2,7046,4496831,6618946,72660,Self-Employed,Single,Doctorate,Rented,Car,0
CUST04970,58,619245,678517,17,806,0,3326,5144820,6777048,51603,Salaried,Married,Graduate,Rented,Home,0
CUST04971,38,932092,157181,10,429,5,1309,4750933,1921439,77674,Unemployed,Married,Post-Graduate,Rented,Education,1
CUST04972,57,1566073,975877,12,595,3,6776,2691607,5366425,130506,Salaried,Single,Post-Graduate,Mortgaged,Car,0
CUST04973,55,1637798,4737960,9,300,5,43870,2802075,317460,136483,Self-Employed,Single,Graduate,Owned,Personal,1
CUST04974,56,1451743,2255328,15,887,0,12529,9220578,1130080,120978,Self-Employed,Married,High School,Owned,Home,0
CUST04975,56,595668,4999886,11,454,0,37877,2986367,7201595,49639,Salaried,Widowed,Graduate,Owned,Home,1
CUST04976,46,625744,1373135,19,674,3,6022,7850504,5926182,52145,Salaried,Married,Doctorate,Rented,Car,1
CUST04977,26,2310582,3823039,11,592,1,28962,2650203,1655596,192548,Unemployed,Single,Graduate,Mortgaged,Personal,0
CUST04978,61,740641,493527,15,842,3,2741,1164693,7966451,61720,Self-Employed,Widowed,Graduate,Rented,Home,1
CUST04979,48,392283,585234,5,792,2,9753,725868,7941347,32690,Salaried,Married,High School,Rented,Personal,1
CUST04980,60,1216871,131156,12,766,1,910,2508136,327818,101405,Salaried,Married,Graduate,Mortgaged,Personal,0
CUST04981,63,166163,4499780,11,685,4,34089,8428823,205339,13846,Salaried,Divorced,Graduate,Owned,Car,1
CUST04982,30,955235,3374524,28,371,0,10043,4606680,1959355,79602,Salaried,Married,Graduate,Mortgaged,Home,0
CUST04983,39,2159121,3731692,13,851,5,23921,6980799,6351796,179926,Salaried,Married,Post-Graduate,Mortgaged,Medical,0
CUST04984,30,778367,4640312,1,337,0,386692,9632795,4781925,64863,Self-Employed,Married,Graduate,Mortgaged,Education,1
CUST04985,24,1803859,1694610,9,573,3,15690,576235,4100851,150321,Salaried,Widowed,Graduate,Rented,Personal,1
CUST04986,63,1301061,3626553,22,527,5,13736,1185764,3321555,108421,Self-Employed,Single,Graduate,Rented,Medical,1
CUST04987,61,985095,2536275,5,534,0,42271,9209052,3837222,82091,Unemployed,Single,High School,Owned,Home,0
CUST04988,62,1704701,2736167,5,886,5,45602,5722926,5100449,142058,Unemployed,Married,High School,Owned,Medical,0
CUST04989,59,1549424,3325708,11,438,1,25194,6217186,510190,129118,Business Owner,Widowed,Graduate,Owned,Home,0
CUST04990,49,897849,2376222,11,647,4,18001,3478746,4691234,74820,Salaried,Single,Post-Graduate,Owned,Personal,1
CUST04991,44,675328,169049,14,430,5,1006,8285297,1766679,56277,Salaried,Single,Graduate,Mortgaged,Home,1
CUST04992,64,2304528,421550,1,846,1,35129,6498769,6303915,192044,Salaried,Married,Post-Graduate,Rented,Home,0
CUST04993,45,545715,2532627,21,741,2,10050,2651384,1563230,45476,Salaried,Single,Doctorate,Rented,Education,0
CUST04994,49,2404822,2871064,7,548,5,34179,6522196,567223,200401,Business Owner,Married,High School,Rented,Personal,0
CUST04995,31,1257200,3675357,21,348,0,14584,138406,3477881,104766,Self-Employed,Married,Post-Graduate,Rented,Car,1
CUST04996,54,2492347,2882326,17,391,0,14129,2481855,3524928,207695,Self-Employed,Married,High School,Owned,Car,0
CUST04997,57,979991,981715,6,445,1,13634,2118873,4148437,81665,Salaried,Married,High School,Owned,Car,0
CUST04998,51,1478941,1865762,14,543,3,11105,7879513,6880430,123245,Salaried,Married,Graduate,Rented,Personal,0
CUST04999,43,1595790,2246763,2,831,4,93615,7377861,5598783,132982,Business Owner,Married,High School,Mortgaged,Education,0
